unit_id,timestamp,temperature_c,pressure_kpa,vibration_hz,motor_current_a,rotational_speed_rpm,torque_nm,target_failure,rul_hours
UNIT_0047,2028-02-11 04:00:00,369.78,3801.91,40.84,10404.6,9094.7,47.76,1,10.0
UNIT_0007,2026-05-11 02:00:00,370.41,3803.08,40.75,10381.2,9075.2,47.77,1,1.0
UNIT_0008,2026-05-20 04:00:00,369.67,3809.42,40.65,10418.0,9037.1,47.76,0,42.0
UNIT_0031,2027-05-23 06:00:00,368.95,3823.28,40.67,10435.2,9055.7,47.76,0,133.0
UNIT_0034,2027-07-10 18:00:00,369.03,3819.01,40.7,10438.0,9065.8,47.76,0,137.0
UNIT_0030,2027-05-10 10:00:00,369.39,3819.83,40.7,10428.4,9062.9,47.76,0,53.0
UNIT_0046,2028-01-06 18:00:00,368.76,3824.94,40.69,10454.4,9064.0,47.76,0,221.0
UNIT_0041,2027-10-25 02:00:00,369.21,3826.38,40.8,10443.4,9078.1,47.76,0,96.0
UNIT_0017,2026-10-20 08:00:00,369.72,3816.04,40.84,10429.8,9085.2,47.76,0,72.0
UNIT_0010,2026-06-16 20:00:00,368.23,3823.01,40.68,10444.0,9063.2,47.76,0,133.0
UNIT_0030,2027-05-04 20:00:00,369.16,3822.73,40.73,10456.6,9059.4,47.76,0,120.0
UNIT_0001,2026-01-15 00:00:00,370.05,3810.8,40.63,10408.8,9055.2,47.76,1,23.0
UNIT_0013,2026-08-04 16:00:00,369.51,3817.21,40.69,10425.2,9056.2,47.76,0,120.0
UNIT_0030,2027-05-08 02:00:00,369.72,3820.46,40.7,10436.4,9054.1,47.76,0,81.0
UNIT_0049,2028-03-05 02:00:00,369.5,3814.8,40.59,10431.2,9042.2,47.76,0,181.0
UNIT_0032,2027-06-17 00:00:00,370.1,3806.53,40.72,10412.2,9079.1,47.76,1,27.0
UNIT_0040,2027-10-15 00:00:00,370.91,3798.12,40.99,10395.0,9133.5,47.76,1,1.0
UNIT_0050,2028-03-25 22:00:00,369.14,3814.53,40.73,10444.0,9066.7,47.76,0,129.0
UNIT_0023,2027-01-21 18:00:00,369.79,3815.49,40.67,10429.2,9049.7,47.76,0,103.0
UNIT_0044,2027-12-15 08:00:00,369.49,3821.63,40.75,10431.0,9069.9,47.76,0,76.0
UNIT_0048,2028-02-14 06:00:00,369.17,3820.87,40.75,10442.6,9063.6,47.76,0,204.0
UNIT_0035,2027-07-27 20:00:00,369.09,3816.11,40.7,10428.4,9060.2,47.76,0,113.0
UNIT_0033,2027-06-28 10:00:00,368.88,3819.35,40.71,10438.8,9065.5,47.76,0,90.0
UNIT_0046,2028-01-19 06:00:00,369.99,3814.66,40.69,10427.6,9058.7,47.76,0,71.0
UNIT_0034,2027-07-08 22:00:00,370.18,3828.04,40.72,10439.0,9061.8,47.76,0,159.0
UNIT_0050,2028-03-29 18:00:00,369.53,3817.63,40.75,10430.0,9068.3,47.76,0,83.0
UNIT_0002,2026-01-18 12:00:00,368.6,3828.32,40.69,10447.6,9055.1,47.76,0,268.0
UNIT_0026,2027-03-16 20:00:00,369.88,3803.29,40.87,10414.2,9088.6,47.76,1,30.0
UNIT_0010,2026-06-09 22:00:00,368.84,3823.01,40.71,10447.2,9054.6,47.76,0,216.0
UNIT_0004,2026-03-01 20:00:00,369.41,3818.11,40.69,10435.8,9059.2,47.76,0,128.0
UNIT_0024,2027-02-10 16:00:00,370.42,3806.87,40.63,10400.8,9042.4,47.76,1,11.0
UNIT_0041,2027-10-15 20:00:00,369.06,3824.04,40.72,10437.8,9062.2,47.76,0,207.0
UNIT_0006,2026-04-19 04:00:00,370.86,3803.84,40.54,10393.2,9035.7,47.77,1,5.0
UNIT_0047,2028-02-06 02:00:00,369.55,3817.9,40.76,10433.8,9069.4,47.76,0,71.0
UNIT_0023,2027-01-20 18:00:00,369.15,3825.01,40.65,10427.4,9048.4,47.76,0,115.0
UNIT_0016,2026-09-18 16:00:00,369.92,3814.25,40.66,10430.6,9049.3,47.76,0,176.0
UNIT_0050,2028-03-27 06:00:00,369.37,3819.42,40.74,10433.6,9064.0,47.76,0,113.0
UNIT_0020,2026-11-28 14:00:00,368.79,3810.6,40.69,10433.0,9060.3,47.76,0,188.0
UNIT_0051,2028-04-07 00:00:00,368.61,3821.08,40.72,10445.8,9071.1,47.76,0,197.0
UNIT_0043,2027-11-25 02:00:00,369.09,3818.18,40.7,10443.2,9057.3,47.76,0,127.0
UNIT_0022,2027-01-02 02:00:00,369.14,3814.8,40.63,10420.8,9050.3,47.76,0,171.0
UNIT_0006,2026-04-18 06:00:00,370.03,3802.12,40.58,10406.2,9033.2,47.77,1,16.0
UNIT_0021,2026-12-29 22:00:00,369.81,3807.01,41.06,10409.2,9150.4,47.76,1,7.0
UNIT_0036,2027-08-08 10:00:00,369.36,3821.7,40.69,10427.8,9056.4,47.76,0,132.0
UNIT_0019,2026-11-20 18:00:00,370.17,3809.15,40.62,10416.2,9049.8,47.76,0,48.0
UNIT_0029,2027-04-25 02:00:00,370.14,3806.25,40.68,10421.4,9049.8,47.76,0,43.0
UNIT_0047,2028-02-04 02:00:00,368.73,3820.32,40.75,10437.8,9072.3,47.76,0,95.0
UNIT_0012,2026-07-20 14:00:00,369.64,3811.42,40.63,10426.0,9048.4,47.76,0,138.0
UNIT_0010,2026-06-17 18:00:00,368.73,3823.9,40.71,10445.0,9059.1,47.76,0,122.0
UNIT_0026,2027-03-06 10:00:00,369.75,3816.39,40.64,10426.6,9046.9,47.76,0,155.0
UNIT_0044,2027-12-14 14:00:00,369.51,3817.15,40.73,10434.2,9071.3,47.76,0,85.0
UNIT_0022,2026-12-31 16:00:00,369.74,3820.32,40.63,10417.6,9039.3,47.76,0,188.0
UNIT_0046,2028-01-06 04:00:00,368.1,3825.56,40.71,10451.0,9059.0,47.76,0,228.0
UNIT_0021,2026-12-23 02:00:00,369.51,3817.9,40.69,10425.0,9057.3,47.76,0,89.0
UNIT_0030,2027-05-01 10:00:00,369.18,3828.87,40.7,10451.0,9054.0,47.76,0,161.0
UNIT_0034,2027-07-13 06:00:00,368.89,3813.28,40.72,10438.6,9063.2,47.76,0,107.0
UNIT_0037,2027-08-27 14:00:00,369.36,3811.15,40.61,10420.8,9038.7,47.76,0,72.0
UNIT_0002,2026-02-07 10:00:00,369.78,3810.8,40.78,10415.8,9082.2,47.76,1,29.0
UNIT_0011,2026-07-05 14:00:00,369.49,3823.14,40.7,10442.8,9054.0,47.76,0,148.0
UNIT_0029,2027-04-25 16:00:00,369.88,3813.97,40.66,10422.2,9053.0,47.76,0,36.0
UNIT_0004,2026-03-09 12:00:00,369.87,3813.7,40.87,10419.4,9106.7,47.76,0,36.0
UNIT_0021,2026-12-15 08:00:00,369.34,3814.39,40.64,10440.8,9044.1,47.76,0,182.0
UNIT_0046,2028-01-21 00:00:00,369.52,3810.32,40.67,10431.6,9065.1,47.76,0,50.0
UNIT_0027,2027-03-30 04:00:00,369.99,3808.25,40.86,10422.6,9098.3,47.76,1,26.0
UNIT_0039,2027-09-20 18:00:00,368.88,3814.25,40.65,10428.2,9051.4,47.76,0,104.0
UNIT_0032,2027-06-15 18:00:00,369.92,3808.25,40.71,10406.4,9069.9,47.76,0,42.0
UNIT_0043,2027-12-03 08:00:00,370.25,3809.35,40.63,10423.2,9042.0,47.76,1,28.0
UNIT_0007,2026-05-04 02:00:00,369.34,3818.18,40.74,10423.8,9068.0,47.76,0,85.0
UNIT_0009,2026-05-30 04:00:00,368.66,3823.28,40.76,10444.6,9068.4,47.76,0,123.0
UNIT_0010,2026-06-17 08:00:00,369.05,3822.39,40.7,10445.2,9052.8,47.76,0,127.0
UNIT_0004,2026-02-26 20:00:00,368.9,3821.97,40.65,10437.4,9052.7,47.76,0,164.0
UNIT_0014,2026-08-23 16:00:00,369.14,3809.35,40.74,10428.4,9072.9,47.76,0,72.0
UNIT_0048,2028-02-25 22:00:00,368.38,3817.84,40.88,10439.4,9098.7,47.76,0,64.0
UNIT_0018,2026-11-11 12:00:00,370.9,3802.6,41.35,10404.6,9223.6,47.76,1,1.0
UNIT_0033,2027-06-26 06:00:00,369.38,3825.28,40.71,10464.6,9060.9,47.76,0,116.0
UNIT_0046,2028-01-10 20:00:00,369.41,3818.94,40.73,10437.2,9055.0,47.76,0,172.0
UNIT_0038,2027-09-06 10:00:00,369.67,3814.53,40.64,10432.4,9053.6,47.76,0,148.0
UNIT_0043,2027-11-29 04:00:00,369.31,3813.77,40.66,10434.6,9053.6,47.76,0,78.0
UNIT_0038,2027-09-15 20:00:00,369.81,3811.91,40.82,10411.4,9092.2,47.76,0,35.0
UNIT_0001,2026-01-04 20:00:00,369.06,3822.32,40.63,10436.8,9052.0,47.76,0,145.0
UNIT_0001,2026-01-03 12:00:00,368.87,3820.59,40.63,10439.0,9058.8,47.76,0,161.0
UNIT_0043,2027-11-19 12:00:00,368.85,3822.39,40.71,10443.8,9056.0,47.76,0,194.0
UNIT_0035,2027-08-01 22:00:00,369.61,3807.29,40.72,10425.8,9070.6,47.76,0,52.0
UNIT_0007,2026-05-03 08:00:00,369.33,3818.87,40.76,10434.8,9067.5,47.76,0,94.0
UNIT_0008,2026-05-19 18:00:00,369.61,3813.56,40.62,10423.8,9044.5,47.76,0,47.0
UNIT_0007,2026-04-29 00:00:00,369.41,3821.08,40.76,10432.4,9071.1,47.76,0,146.0
UNIT_0033,2027-06-25 00:00:00,368.95,3818.18,40.75,10440.4,9065.6,47.76,0,131.0
UNIT_0024,2027-02-09 08:00:00,370.15,3811.97,40.67,10414.8,9053.9,47.76,1,27.0
UNIT_0012,2026-07-25 20:00:00,369.75,3808.04,40.64,10429.0,9042.9,47.76,0,75.0
UNIT_0022,2026-12-31 10:00:00,369.46,3820.18,40.64,10409.6,9042.5,47.76,0,191.0
UNIT_0044,2027-12-12 08:00:00,369.4,3823.08,40.76,10443.0,9068.2,47.76,0,112.0
UNIT_0002,2026-02-05 18:00:00,369.98,3812.66,40.76,10426.8,9073.0,47.76,0,49.0
UNIT_0026,2027-03-14 00:00:00,369.46,3813.63,40.74,10428.2,9065.7,47.76,0,64.0
UNIT_0010,2026-06-26 14:00:00,370.56,3806.53,40.84,10406.0,9096.8,47.76,1,16.0
UNIT_0002,2026-02-02 02:00:00,369.95,3818.73,40.71,10443.4,9066.0,47.76,0,93.0
UNIT_0010,2026-06-12 02:00:00,368.69,3825.01,40.68,10447.6,9052.0,47.76,0,190.0
UNIT_0021,2026-12-19 00:00:00,369.67,3815.9,40.64,10430.8,9050.0,47.76,0,138.0
UNIT_0002,2026-02-09 10:00:00,370.79,3807.91,40.84,10401.0,9092.2,47.76,1,5.0
UNIT_0010,2026-06-27 10:00:00,370.21,3806.73,40.9,10406.6,9104.8,47.76,1,6.0
UNIT_0033,2027-07-01 08:00:00,369.6,3814.04,40.69,10430.2,9059.0,47.76,0,55.0
UNIT_0036,2027-08-07 04:00:00,369.17,3818.73,40.67,10438.4,9059.6,47.76,0,147.0
UNIT_0005,2026-03-29 22:00:00,369.6,3812.46,40.86,10438.8,9094.2,47.76,0,60.0
UNIT_0016,2026-09-30 20:00:00,370.45,3805.15,40.66,10390.8,9062.5,47.76,1,30.0
UNIT_0025,2027-02-18 10:00:00,369.91,3818.87,40.64,10435.8,9049.9,47.76,0,148.0
UNIT_0027,2027-03-23 22:00:00,369.13,3826.38,40.74,10433.6,9065.8,47.76,0,101.0
UNIT_0030,2027-04-30 16:00:00,368.69,3822.87,40.73,10454.0,9065.7,47.76,0,170.0
UNIT_0004,2026-03-09 14:00:00,369.72,3812.8,40.87,10420.4,9105.9,47.76,0,35.0
UNIT_0023,2027-01-17 02:00:00,368.92,3817.9,40.67,10428.8,9049.9,47.76,0,159.0
UNIT_0031,2027-05-27 10:00:00,369.06,3811.49,40.68,10436.0,9056.4,47.76,0,83.0
UNIT_0012,2026-07-19 00:00:00,370.16,3818.32,40.63,10430.8,9046.7,47.76,0,157.0
UNIT_0049,2028-03-15 00:00:00,369.64,3811.15,40.65,10413.8,9055.1,47.76,0,62.0
UNIT_0032,2027-06-03 18:00:00,369.56,3818.46,40.64,10431.2,9051.7,47.76,0,186.0
UNIT_0001,2026-01-10 06:00:00,369.51,3814.11,40.66,10438.0,9051.3,47.76,0,80.0
UNIT_0046,2028-01-13 10:00:00,368.91,3818.73,40.69,10437.4,9052.0,47.76,0,141.0
UNIT_0009,2026-05-26 10:00:00,368.87,3820.18,40.73,10454.8,9067.8,47.76,0,168.0
UNIT_0041,2027-10-17 06:00:00,369.13,3821.9,40.72,10436.2,9064.1,47.76,0,190.0
UNIT_0007,2026-05-02 00:00:00,369.62,3818.87,40.75,10432.0,9073.7,47.76,0,110.0
UNIT_0002,2026-01-27 14:00:00,368.39,3820.8,40.71,10447.2,9054.4,47.76,0,159.0
UNIT_0044,2027-12-18 02:00:00,369.76,3813.35,40.77,10425.0,9074.4,47.76,0,43.0
UNIT_0017,2026-10-05 18:00:00,369.14,3822.25,40.71,10452.8,9062.2,47.76,0,247.0
UNIT_0010,2026-06-10 04:00:00,368.63,3821.56,40.68,10445.8,9055.4,47.76,0,213.0
UNIT_0030,2027-05-04 18:00:00,369.02,3822.45,40.71,10457.0,9052.6,47.76,0,121.0
UNIT_0049,2028-03-05 00:00:00,368.9,3815.01,40.62,10426.4,9042.2,47.76,0,182.0
UNIT_0018,2026-11-04 02:00:00,368.69,3819.77,40.76,10428.6,9070.2,47.76,0,90.0
UNIT_0021,2026-12-23 06:00:00,369.38,3814.73,40.7,10423.4,9054.6,47.76,0,87.0
UNIT_0025,2027-02-12 10:00:00,369.18,3814.94,40.65,10431.8,9042.4,47.76,0,220.0
UNIT_0026,2027-03-12 10:00:00,369.52,3812.8,40.67,10419.4,9064.2,47.76,0,83.0
UNIT_0038,2027-09-15 16:00:00,369.79,3808.46,40.82,10416.4,9089.3,47.76,0,37.0
UNIT_0018,2026-10-28 10:00:00,369.08,3823.97,40.73,10450.0,9054.3,47.76,0,170.0
UNIT_0005,2026-03-29 16:00:00,369.45,3815.08,40.83,10432.0,9091.9,47.76,0,63.0
UNIT_0020,2026-12-13 08:00:00,370.32,3803.56,40.71,10401.8,9074.2,47.76,1,11.0
UNIT_0049,2028-03-17 08:00:00,369.6,3805.49,40.66,10413.2,9057.2,47.76,0,34.0
UNIT_0001,2026-01-09 06:00:00,369.07,3821.21,40.66,10431.0,9045.7,47.76,0,92.0
UNIT_0038,2027-09-18 16:00:00,370.3,3802.46,41.1,10395.8,9157.2,47.76,1,1.0
UNIT_0007,2026-05-02 08:00:00,369.25,3820.25,40.78,10430.8,9069.9,47.76,0,106.0
UNIT_0040,2027-10-03 16:00:00,369.41,3813.08,40.69,10429.2,9062.9,47.76,0,137.0
UNIT_0020,2026-11-30 16:00:00,369.19,3816.25,40.68,10430.2,9051.5,47.76,0,163.0
UNIT_0035,2027-07-27 04:00:00,369.58,3820.8,40.7,10430.0,9061.0,47.76,0,121.0
UNIT_0022,2027-01-11 18:00:00,370.21,3815.22,40.64,10419.4,9044.9,47.76,0,55.0
UNIT_0016,2026-10-02 22:00:00,370.71,3799.84,40.66,10392.6,9059.8,47.76,1,5.0
UNIT_0019,2026-11-13 14:00:00,369.75,3817.21,40.61,10429.8,9037.4,47.76,0,134.0
UNIT_0021,2026-12-23 18:00:00,370.22,3817.35,40.7,10429.2,9060.0,47.76,0,81.0
UNIT_0047,2028-01-25 06:00:00,369.12,3826.52,40.72,10452.8,9059.4,47.76,0,213.0
UNIT_0033,2027-06-23 12:00:00,368.92,3821.42,40.72,10442.0,9060.9,47.76,0,149.0
UNIT_0041,2027-10-22 08:00:00,369.61,3820.94,40.75,10445.2,9063.7,47.76,0,129.0
UNIT_0007,2026-04-28 20:00:00,368.95,3820.87,40.75,10442.6,9070.5,47.76,0,148.0
UNIT_0003,2026-02-15 00:00:00,369.03,3817.42,40.72,10443.2,9058.9,47.76,0,117.0
UNIT_0030,2027-04-30 14:00:00,368.41,3831.21,40.72,10451.4,9058.7,47.76,0,171.0
UNIT_0042,2027-11-15 06:00:00,370.16,3806.39,40.71,10422.2,9063.1,47.76,0,38.0
UNIT_0018,2026-11-03 16:00:00,369.29,3821.35,40.74,10435.0,9071.0,47.76,0,95.0
UNIT_0004,2026-03-04 20:00:00,369.8,3813.15,40.7,10439.2,9065.1,47.76,0,92.0
UNIT_0021,2026-12-16 16:00:00,369.58,3817.21,40.62,10431.4,9047.0,47.76,0,166.0
UNIT_0013,2026-08-09 20:00:00,369.44,3810.87,40.74,10426.4,9079.4,47.76,0,58.0
UNIT_0022,2027-01-12 20:00:00,370.15,3802.46,40.64,10400.4,9045.2,47.76,0,42.0
UNIT_0049,2028-03-04 06:00:00,370.39,3818.39,40.61,10420.6,9043.1,47.76,0,191.0
UNIT_0016,2026-09-17 20:00:00,369.35,3811.63,40.67,10434.6,9059.4,47.76,0,186.0
UNIT_0018,2026-11-07 16:00:00,368.76,3820.11,40.87,10427.0,9102.3,47.76,0,47.0
UNIT_0019,2026-11-20 20:00:00,370.12,3811.15,40.63,10417.6,9042.7,47.76,0,47.0
UNIT_0036,2027-08-16 06:00:00,369.98,3812.11,40.68,10406.8,9060.3,47.76,0,38.0
UNIT_0042,2027-11-04 08:00:00,369.43,3819.42,40.7,10447.0,9066.9,47.76,0,169.0
UNIT_0038,2027-09-03 10:00:00,369.85,3813.22,40.64,10423.0,9049.3,47.76,0,184.0
UNIT_0044,2027-12-08 22:00:00,369.03,3819.56,40.77,10435.0,9075.7,47.76,0,153.0
UNIT_0045,2028-01-01 14:00:00,369.57,3809.7,40.77,10417.4,9080.6,47.76,1,27.0
UNIT_0033,2027-06-26 16:00:00,368.96,3820.46,40.76,10440.2,9053.6,47.76,0,111.0
UNIT_0043,2027-12-04 04:00:00,370.11,3802.32,40.62,10402.4,9051.1,47.76,1,18.0
UNIT_0041,2027-10-26 14:00:00,369.39,3817.97,40.77,10431.0,9068.4,47.76,0,78.0
UNIT_0003,2026-02-20 02:00:00,369.34,3821.63,40.82,10445.4,9079.6,47.76,0,56.0
UNIT_0047,2028-02-10 18:00:00,370.13,3807.01,40.83,10405.6,9092.5,47.76,1,15.0
UNIT_0046,2028-01-14 06:00:00,368.92,3820.39,40.69,10433.8,9066.7,47.76,0,131.0
UNIT_0035,2027-07-22 20:00:00,369.69,3819.28,40.7,10435.6,9058.7,47.76,0,173.0
UNIT_0027,2027-03-27 22:00:00,369.77,3808.6,40.75,10417.6,9070.8,47.76,0,53.0
UNIT_0045,2027-12-30 22:00:00,369.58,3818.52,40.76,10424.6,9081.1,47.76,0,47.0
UNIT_0028,2027-04-06 04:00:00,368.91,3819.28,40.74,10438.0,9058.4,47.76,0,107.0
UNIT_0005,2026-03-29 00:00:00,369.6,3815.35,40.85,10425.0,9084.4,47.76,0,71.0
UNIT_0038,2027-09-04 04:00:00,369.69,3819.08,40.63,10426.0,9048.0,47.76,0,175.0
UNIT_0007,2026-05-10 18:00:00,370.41,3799.84,40.71,10389.6,9075.3,47.76,1,5.0
UNIT_0018,2026-11-08 14:00:00,369.8,3818.59,40.94,10434.6,9115.3,47.76,0,36.0
UNIT_0017,2026-10-21 12:00:00,369.54,3814.73,40.87,10434.4,9095.8,47.76,0,58.0
UNIT_0001,2026-01-16 00:00:00,370.29,3804.74,40.57,10408.6,9038.3,47.76,1,11.0
UNIT_0010,2026-06-26 06:00:00,369.88,3804.11,40.82,10417.8,9087.5,47.76,1,20.0
UNIT_0008,2026-05-22 14:00:00,370.23,3800.18,40.61,10400.2,9045.1,47.76,1,13.0
UNIT_0007,2026-04-25 22:00:00,368.96,3820.66,40.74,10445.2,9075.3,47.76,0,183.0
UNIT_0037,2027-08-26 10:00:00,369.41,3817.77,40.63,10442.8,9045.1,47.76,0,86.0
UNIT_0047,2028-02-01 22:00:00,369.06,3820.25,40.74,10446.2,9064.3,47.76,0,121.0
UNIT_0003,2026-02-21 12:00:00,369.72,3813.63,40.88,10426.6,9089.2,47.76,0,39.0
UNIT_0016,2026-09-23 02:00:00,368.77,3816.53,40.7,10418.4,9057.6,47.76,0,123.0
UNIT_0050,2028-03-31 22:00:00,369.29,3814.46,40.8,10431.0,9088.0,47.76,0,57.0
UNIT_0008,2026-05-14 08:00:00,369.76,3812.39,40.64,10423.6,9049.7,47.76,0,112.0
UNIT_0030,2027-05-12 22:00:00,369.82,3810.04,40.65,10420.4,9048.7,47.76,1,23.0
UNIT_0008,2026-05-15 14:00:00,369.29,3815.35,40.62,10422.0,9046.5,47.76,0,97.0
UNIT_0030,2027-05-09 08:00:00,369.12,3822.8,40.69,10426.6,9058.3,47.76,0,66.0
UNIT_0049,2028-03-10 06:00:00,369.52,3813.01,40.64,10430.4,9036.3,47.76,0,119.0
UNIT_0019,2026-11-21 06:00:00,369.57,3807.56,40.61,10421.8,9043.5,47.76,0,42.0
UNIT_0010,2026-06-23 14:00:00,369.38,3819.01,40.73,10428.2,9071.5,47.76,0,52.0
UNIT_0023,2027-01-17 04:00:00,369.67,3813.22,40.65,10436.0,9046.8,47.76,0,158.0
UNIT_0028,2027-04-12 04:00:00,369.87,3810.8,40.78,10424.0,9070.0,47.76,0,35.0
UNIT_0026,2027-03-03 18:00:00,369.76,3812.25,40.66,10431.8,9046.7,47.76,0,187.0
UNIT_0023,2027-01-18 06:00:00,369.27,3814.46,40.67,10430.8,9050.0,47.76,0,145.0
UNIT_0025,2027-02-13 12:00:00,369.42,3813.42,40.66,10427.6,9044.2,47.76,0,207.0
UNIT_0043,2027-11-19 16:00:00,368.91,3824.39,40.71,10444.2,9049.6,47.76,0,192.0
UNIT_0030,2027-05-09 00:00:00,369.33,3823.7,40.72,10438.6,9052.5,47.76,0,70.0
UNIT_0026,2027-03-04 10:00:00,369.41,3809.49,40.68,10429.0,9050.5,47.76,0,179.0
UNIT_0043,2027-11-26 12:00:00,368.91,3823.14,40.7,10445.0,9057.2,47.76,0,110.0
UNIT_0010,2026-06-09 20:00:00,368.98,3821.49,40.69,10445.8,9046.2,47.76,0,217.0
UNIT_0043,2027-11-26 04:00:00,369.48,3817.84,40.71,10443.2,9060.7,47.76,0,114.0
UNIT_0029,2027-04-21 14:00:00,369.34,3821.08,40.69,10433.0,9054.8,47.76,0,85.0
UNIT_0027,2027-03-25 16:00:00,369.35,3815.42,40.72,10433.0,9064.6,47.76,0,80.0
UNIT_0032,2027-06-13 00:00:00,370.42,3813.49,40.67,10420.6,9055.9,47.76,0,75.0
UNIT_0010,2026-06-21 04:00:00,369.56,3821.63,40.77,10436.8,9066.8,47.76,0,81.0
UNIT_0039,2027-09-27 08:00:00,369.83,3805.91,40.6,10408.6,9037.1,47.77,1,25.0
UNIT_0047,2028-02-07 10:00:00,369.38,3812.53,40.79,10427.2,9079.8,47.76,0,55.0
UNIT_0020,2026-11-27 06:00:00,369.77,3815.35,40.69,10418.8,9051.0,47.76,0,204.0
UNIT_0006,2026-04-04 20:00:00,369.35,3811.7,40.62,10431.0,9046.1,47.76,0,177.0
UNIT_0017,2026-10-13 16:00:00,369.8,3823.21,40.77,10438.8,9070.6,47.76,0,152.0
UNIT_0023,2027-01-19 10:00:00,369.68,3816.53,40.64,10427.2,9050.6,47.76,0,131.0
UNIT_0018,2026-11-07 02:00:00,369.27,3822.8,40.84,10431.4,9100.6,47.76,0,54.0
UNIT_0012,2026-07-19 02:00:00,369.79,3813.22,40.65,10422.2,9048.7,47.76,0,156.0
UNIT_0007,2026-04-21 04:00:00,368.86,3821.08,40.77,10445.2,9065.8,47.76,0,240.0
UNIT_0008,2026-05-14 14:00:00,370.49,3808.6,40.62,10426.6,9040.7,47.76,0,109.0
UNIT_0037,2027-08-26 00:00:00,369.69,3816.73,40.62,10428.4,9046.2,47.76,0,91.0
UNIT_0038,2027-09-11 18:00:00,369.06,3819.28,40.68,10425.6,9054.4,47.76,0,84.0
UNIT_0021,2026-12-28 08:00:00,369.8,3815.22,40.91,10416.8,9110.3,47.76,1,26.0
UNIT_0028,2027-04-12 02:00:00,369.51,3812.8,40.74,10423.0,9069.0,47.76,0,36.0
UNIT_0022,2027-01-03 14:00:00,369.57,3811.97,40.61,10420.0,9042.8,47.76,0,153.0
UNIT_0030,2027-05-04 04:00:00,368.86,3826.87,40.73,10456.0,9065.0,47.76,0,128.0
UNIT_0048,2028-02-18 14:00:00,369.4,3817.42,40.76,10439.0,9066.6,47.76,0,152.0
UNIT_0020,2026-11-29 14:00:00,369.41,3810.25,40.73,10432.2,9059.4,47.76,0,176.0
UNIT_0031,2027-05-22 14:00:00,368.62,3819.56,40.67,10445.2,9051.5,47.76,0,141.0
UNIT_0007,2026-05-10 22:00:00,370.2,3801.15,40.7,10404.2,9074.8,47.76,1,3.0
UNIT_0023,2027-01-26 04:00:00,369.93,3814.66,40.65,10423.8,9061.2,47.76,0,50.0
UNIT_0039,2027-09-22 18:00:00,370.1,3818.39,40.62,10424.0,9043.3,47.76,0,80.0
UNIT_0018,2026-11-11 08:00:00,370.08,3807.49,41.34,10410.6,9204.4,47.76,1,3.0
UNIT_0045,2028-01-02 14:00:00,370.05,3812.8,40.81,10420.2,9089.2,47.76,1,15.0
UNIT_0017,2026-10-16 02:00:00,369.81,3821.42,40.78,10428.8,9069.9,47.76,0,123.0
UNIT_0043,2027-11-30 14:00:00,369.43,3814.11,40.64,10427.0,9044.8,47.76,0,61.0
UNIT_0007,2026-04-23 20:00:00,369.02,3817.35,40.75,10451.0,9075.9,47.76,0,208.0
UNIT_0001,2026-01-04 18:00:00,369.28,3818.04,40.64,10440.4,9060.4,47.76,0,146.0
UNIT_0050,2028-04-02 16:00:00,370.16,3813.77,40.82,10412.4,9092.2,47.76,0,36.0
UNIT_0004,2026-03-04 08:00:00,369.64,3816.11,40.72,10444.6,9063.0,47.76,0,98.0
UNIT_0041,2027-10-22 18:00:00,369.37,3817.84,40.76,10441.8,9071.9,47.76,0,124.0
UNIT_0021,2026-12-20 10:00:00,369.28,3817.97,40.65,10437.4,9048.6,47.76,0,121.0
UNIT_0028,2027-04-15 00:00:00,370.56,3805.36,40.79,10405.4,9088.8,47.77,1,1.0
UNIT_0023,2027-01-24 02:00:00,369.8,3814.53,40.66,10428.4,9050.8,47.76,0,75.0
UNIT_0021,2026-12-20 04:00:00,369.11,3820.94,40.66,10435.2,9052.1,47.76,0,124.0
UNIT_0017,2026-10-16 08:00:00,369.38,3817.9,40.74,10432.8,9074.0,47.76,0,120.0
UNIT_0038,2027-09-08 02:00:00,369.39,3815.42,40.65,10431.2,9045.5,47.76,0,128.0
UNIT_0028,2027-04-08 10:00:00,369.72,3818.04,40.71,10439.6,9063.5,47.76,0,80.0
UNIT_0036,2027-08-13 14:00:00,369.91,3815.28,40.69,10426.4,9062.8,47.76,0,70.0
UNIT_0030,2027-05-02 12:00:00,368.45,3822.87,40.71,10449.4,9059.2,47.76,0,148.0
UNIT_0042,2027-11-06 06:00:00,369.03,3816.73,40.74,10429.2,9059.1,47.76,0,146.0
UNIT_0028,2027-04-02 04:00:00,368.86,3824.59,40.73,10435.4,9066.2,47.76,0,155.0
UNIT_0018,2026-10-29 04:00:00,369.18,3822.66,40.73,10435.8,9060.2,47.76,0,161.0
UNIT_0038,2027-09-18 02:00:00,370.43,3804.18,40.98,10407.8,9134.1,47.76,1,8.0
UNIT_0036,2027-08-11 18:00:00,369.97,3815.42,40.71,10433.0,9062.5,47.76,0,92.0
UNIT_0038,2027-09-06 22:00:00,369.85,3818.87,40.65,10432.6,9045.8,47.76,0,142.0
UNIT_0041,2027-10-31 06:00:00,369.81,3809.98,40.97,10409.8,9117.9,47.76,1,22.0
UNIT_0049,2028-03-14 04:00:00,369.46,3813.56,40.61,10425.0,9050.0,47.76,0,72.0
UNIT_0047,2028-01-25 14:00:00,368.71,3826.52,40.77,10450.8,9064.9,47.76,0,209.0
UNIT_0004,2026-02-25 08:00:00,369.11,3822.59,40.65,10439.2,9053.5,47.76,0,182.0
UNIT_0011,2026-07-13 06:00:00,369.76,3812.53,40.82,10435.0,9089.0,47.76,0,56.0
UNIT_0017,2026-10-23 04:00:00,369.85,3814.04,40.95,10427.4,9122.3,47.76,0,38.0
UNIT_0018,2026-11-03 10:00:00,369.03,3824.18,40.75,10445.0,9075.5,47.76,0,98.0
UNIT_0049,2028-03-10 22:00:00,369.11,3816.46,40.62,10434.8,9048.6,47.76,0,111.0
UNIT_0015,2026-09-15 14:00:00,370.78,3805.08,40.61,10392.0,9047.4,47.77,1,4.0
UNIT_0004,2026-02-26 06:00:00,369.21,3821.28,40.66,10439.2,9047.8,47.76,0,171.0
UNIT_0045,2027-12-25 00:00:00,368.93,3823.35,40.77,10445.0,9069.2,47.76,0,118.0
UNIT_0025,2027-02-12 00:00:00,369.23,3817.21,40.65,10418.6,9049.4,47.76,0,225.0
UNIT_0042,2027-11-05 06:00:00,369.03,3817.97,40.71,10440.0,9060.2,47.76,0,158.0
UNIT_0010,2026-06-13 12:00:00,369.09,3825.49,40.67,10449.2,9054.2,47.76,0,173.0
UNIT_0009,2026-06-03 08:00:00,369.28,3826.11,40.82,10432.8,9086.5,47.76,0,73.0
UNIT_0037,2027-08-21 08:00:00,369.14,3822.04,40.6,10427.6,9045.0,47.76,0,147.0
UNIT_0050,2028-04-04 20:00:00,370.44,3802.12,40.93,10403.0,9105.3,47.76,1,10.0
UNIT_0017,2026-10-22 20:00:00,369.67,3811.97,40.95,10423.0,9113.8,47.76,0,42.0
UNIT_0041,2027-10-31 20:00:00,369.93,3802.67,40.97,10409.4,9133.0,47.76,1,15.0
UNIT_0024,2027-02-10 12:00:00,370.19,3800.46,40.62,10412.0,9050.3,47.76,1,13.0
UNIT_0021,2026-12-14 20:00:00,369.3,3814.25,40.67,10430.0,9046.0,47.76,0,188.0
UNIT_0042,2027-11-06 00:00:00,368.76,3817.97,40.73,10437.8,9068.8,47.76,0,149.0
UNIT_0022,2026-12-31 18:00:00,369.54,3805.91,40.64,10420.0,9045.8,47.76,0,187.0
UNIT_0031,2027-06-02 14:00:00,370.2,3801.56,40.6,10401.8,9046.1,47.77,1,9.0
UNIT_0024,2027-02-02 04:00:00,368.47,3821.56,40.75,10441.0,9056.2,47.76,0,113.0
UNIT_0002,2026-02-04 06:00:00,369.72,3812.25,40.74,10415.4,9068.4,47.76,0,67.0
UNIT_0003,2026-02-21 02:00:00,369.37,3817.56,40.82,10432.6,9089.6,47.76,0,44.0
UNIT_0031,2027-05-26 12:00:00,369.32,3825.49,40.65,10430.4,9056.6,47.76,0,94.0
UNIT_0026,2027-03-11 04:00:00,369.92,3817.77,40.66,10421.0,9047.9,47.76,0,98.0
UNIT_0007,2026-04-30 04:00:00,369.45,3817.7,40.75,10437.8,9069.5,47.76,0,132.0
UNIT_0012,2026-07-22 02:00:00,369.04,3820.32,40.61,10430.4,9045.8,47.76,0,120.0
UNIT_0046,2028-01-07 18:00:00,368.95,3823.28,40.7,10447.2,9054.5,47.76,0,209.0
UNIT_0019,2026-11-16 10:00:00,369.59,3813.56,40.61,10417.6,9042.0,47.76,0,100.0
UNIT_0023,2027-01-29 04:00:00,370.4,3802.8,40.64,10397.2,9060.4,47.76,1,14.0
UNIT_0037,2027-08-22 18:00:00,369.64,3818.66,40.61,10425.0,9045.0,47.76,0,130.0
UNIT_0007,2026-04-29 02:00:00,369.29,3826.25,40.76,10443.4,9074.2,47.76,0,145.0
UNIT_0037,2027-08-23 22:00:00,369.69,3815.28,40.62,10436.8,9048.4,47.76,0,116.0
UNIT_0003,2026-02-20 08:00:00,369.61,3822.52,40.78,10431.2,9076.1,47.76,0,53.0
UNIT_0006,2026-04-17 00:00:00,369.2,3805.77,40.56,10410.2,9037.1,47.77,0,31.0
UNIT_0020,2026-11-27 08:00:00,369.76,3821.01,40.65,10435.6,9050.5,47.76,0,203.0
UNIT_0032,2027-06-15 14:00:00,369.98,3813.28,40.7,10423.0,9065.3,47.76,0,44.0
UNIT_0045,2027-12-30 20:00:00,369.28,3817.49,40.79,10436.6,9079.2,47.76,0,48.0
UNIT_0002,2026-01-21 14:00:00,368.69,3824.66,40.7,10442.0,9052.3,47.76,0,231.0
UNIT_0047,2028-02-08 20:00:00,370.05,3806.8,40.83,10427.0,9085.5,47.76,0,38.0
UNIT_0010,2026-06-15 04:00:00,369.06,3823.7,40.69,10448.0,9062.7,47.76,0,153.0
UNIT_0014,2026-08-25 06:00:00,369.84,3809.35,40.76,10420.2,9069.0,47.76,0,53.0
UNIT_0027,2027-03-24 22:00:00,369.42,3819.7,40.71,10436.6,9069.1,47.76,0,89.0
UNIT_0002,2026-01-17 14:00:00,369.4,3824.18,40.69,10455.4,9055.8,47.76,0,279.0
UNIT_0003,2026-02-10 10:00:00,369.47,3821.7,40.71,10441.6,9051.9,47.76,0,172.0
UNIT_0031,2027-05-22 22:00:00,369.1,3819.7,40.7,10442.6,9055.2,47.76,0,137.0
UNIT_0046,2028-01-17 08:00:00,369.2,3815.08,40.7,10440.0,9059.6,47.76,0,94.0
UNIT_0002,2026-02-07 22:00:00,370.32,3807.08,40.77,10409.4,9086.8,47.76,1,23.0
UNIT_0050,2028-03-27 12:00:00,369.42,3820.59,40.73,10430.4,9059.2,47.76,0,110.0
UNIT_0046,2028-01-06 12:00:00,368.24,3823.35,40.74,10450.4,9056.4,47.76,0,224.0
UNIT_0033,2027-06-27 22:00:00,369.57,3820.04,40.72,10438.0,9061.6,47.76,0,96.0
UNIT_0009,2026-05-24 10:00:00,368.84,3825.76,40.74,10447.0,9070.9,47.76,0,192.0
UNIT_0036,2027-08-11 12:00:00,369.99,3814.66,40.66,10432.8,9056.5,47.76,0,95.0
UNIT_0032,2027-06-16 20:00:00,370.02,3806.6,40.75,10422.2,9069.1,47.76,1,29.0
UNIT_0042,2027-11-12 10:00:00,369.17,3815.77,40.75,10435.4,9065.6,47.76,0,72.0
UNIT_0029,2027-04-26 14:00:00,370.2,3807.63,40.68,10422.2,9051.0,47.76,1,25.0
UNIT_0030,2027-04-30 02:00:00,369.11,3825.83,40.75,10449.8,9068.8,47.76,0,177.0
UNIT_0023,2027-01-21 12:00:00,369.06,3815.08,40.68,10431.0,9050.3,47.76,0,106.0
UNIT_0005,2026-03-13 20:00:00,368.41,3827.35,40.72,10444.8,9065.5,47.76,0,253.0
UNIT_0010,2026-06-24 12:00:00,369.31,3818.8,40.74,10413.2,9075.9,47.76,0,41.0
UNIT_0005,2026-03-20 22:00:00,369.55,3818.04,40.75,10441.8,9076.4,47.76,0,168.0
UNIT_0029,2027-04-16 02:00:00,369.18,3819.7,40.72,10435.8,9058.1,47.76,0,151.0
UNIT_0007,2026-05-01 08:00:00,369.41,3822.25,40.74,10440.6,9062.6,47.76,0,118.0
UNIT_0006,2026-04-17 16:00:00,370.88,3804.67,40.58,10408.4,9039.8,47.77,1,23.0
UNIT_0016,2026-09-17 04:00:00,369.66,3810.73,40.71,10424.6,9050.7,47.76,0,194.0
UNIT_0046,2028-01-17 00:00:00,369.5,3819.28,40.7,10428.6,9054.0,47.76,0,98.0
UNIT_0039,2027-09-27 02:00:00,369.64,3807.84,40.58,10412.4,9050.1,47.76,1,28.0
UNIT_0026,2027-03-04 22:00:00,369.26,3818.59,40.62,10431.4,9044.7,47.76,0,173.0
UNIT_0015,2026-09-09 08:00:00,369.51,3820.25,40.69,10447.4,9056.2,47.76,0,79.0
UNIT_0011,2026-07-11 20:00:00,369.15,3817.28,40.74,10422.0,9072.2,47.76,0,73.0
UNIT_0010,2026-06-17 00:00:00,369.37,3824.52,40.69,10437.2,9060.5,47.76,0,131.0
UNIT_0023,2027-01-17 16:00:00,370.0,3822.11,40.67,10440.8,9054.0,47.76,0,152.0
UNIT_0045,2027-12-27 08:00:00,369.43,3823.56,40.77,10452.4,9072.5,47.76,0,90.0
UNIT_0005,2026-03-25 18:00:00,369.27,3819.63,40.75,10432.8,9079.8,47.76,0,110.0
UNIT_0026,2027-03-05 04:00:00,369.6,3811.77,40.65,10425.6,9045.8,47.76,0,170.0
UNIT_0021,2026-12-26 18:00:00,369.11,3813.01,40.81,10426.4,9076.8,47.76,0,45.0
UNIT_0033,2027-07-01 12:00:00,370.0,3807.7,40.71,10435.2,9063.8,47.76,0,53.0
UNIT_0022,2027-01-01 14:00:00,369.45,3815.56,40.58,10409.8,9048.4,47.76,0,177.0
UNIT_0010,2026-06-27 16:00:00,370.31,3806.11,40.89,10396.6,9113.4,47.76,1,3.0
UNIT_0021,2026-12-22 10:00:00,368.95,3816.94,40.69,10434.2,9056.0,47.76,0,97.0
UNIT_0010,2026-06-21 10:00:00,368.91,3818.8,40.71,10433.6,9064.7,47.76,0,78.0
UNIT_0027,2027-03-25 20:00:00,369.28,3813.42,40.73,10435.2,9070.9,47.76,0,78.0
UNIT_0002,2026-01-20 02:00:00,369.07,3821.14,40.67,10442.6,9055.4,47.76,0,249.0
UNIT_0015,2026-08-29 18:00:00,368.85,3826.38,40.71,10457.6,9055.9,47.76,0,206.0
UNIT_0022,2027-01-08 16:00:00,369.76,3810.11,40.65,10419.0,9044.4,47.76,0,92.0
UNIT_0031,2027-05-21 08:00:00,369.4,3818.04,40.71,10443.4,9062.0,47.76,0,156.0
UNIT_0041,2027-10-23 08:00:00,369.09,3822.73,40.76,10440.8,9063.8,47.76,0,117.0
UNIT_0040,2027-09-30 10:00:00,369.36,3813.28,40.69,10426.6,9060.6,47.76,0,176.0
UNIT_0043,2027-11-30 10:00:00,369.21,3817.15,40.65,10434.6,9046.3,47.76,0,63.0
UNIT_0002,2026-01-18 10:00:00,368.8,3825.42,40.67,10458.4,9051.4,47.76,0,269.0
UNIT_0014,2026-08-18 20:00:00,369.54,3816.73,40.7,10425.6,9062.2,47.76,0,130.0
UNIT_0044,2027-12-07 22:00:00,368.8,3820.94,40.73,10447.4,9062.5,47.76,0,165.0
UNIT_0015,2026-09-03 16:00:00,368.85,3822.39,40.69,10437.8,9061.2,47.76,0,147.0
UNIT_0036,2027-08-17 00:00:00,370.01,3805.91,40.68,10399.2,9064.5,47.76,1,29.0
UNIT_0032,2027-06-12 12:00:00,369.72,3812.66,40.68,10419.0,9059.3,47.76,0,81.0
UNIT_0009,2026-05-25 00:00:00,369.03,3821.77,40.73,10462.4,9066.3,47.76,0,185.0
UNIT_0021,2026-12-15 00:00:00,368.76,3812.8,40.64,10440.8,9049.8,47.76,0,186.0
UNIT_0002,2026-01-29 02:00:00,369.37,3821.42,40.7,10440.0,9051.0,47.76,0,141.0
UNIT_0025,2027-02-20 08:00:00,369.46,3814.32,40.67,10422.6,9049.6,47.76,0,125.0
UNIT_0035,2027-07-28 04:00:00,369.59,3811.22,40.71,10435.6,9064.8,47.76,0,109.0
UNIT_0037,2027-08-28 00:00:00,369.81,3810.73,40.64,10423.8,9045.3,47.76,0,67.0
UNIT_0044,2027-12-06 08:00:00,368.94,3823.9,40.76,10448.6,9064.7,47.76,0,184.0
UNIT_0006,2026-04-13 04:00:00,369.65,3814.59,40.6,10429.4,9046.0,47.76,0,77.0
UNIT_0039,2027-09-27 00:00:00,370.1,3811.22,40.61,10414.4,9042.5,47.76,1,29.0
UNIT_0035,2027-07-23 22:00:00,369.31,3819.15,40.68,10448.0,9056.5,47.76,0,160.0
UNIT_0017,2026-10-23 00:00:00,369.8,3815.01,40.94,10414.0,9115.0,47.76,0,40.0
UNIT_0030,2027-05-05 00:00:00,369.07,3822.25,40.71,10438.6,9056.6,47.76,0,118.0
UNIT_0010,2026-06-25 22:00:00,369.76,3812.11,40.81,10419.2,9090.0,47.76,1,24.0
UNIT_0013,2026-08-13 06:00:00,370.56,3808.18,40.9,10410.4,9112.7,47.76,1,17.0
UNIT_0037,2027-08-20 02:00:00,369.6,3820.52,40.65,10436.0,9037.8,47.76,0,162.0
UNIT_0018,2026-11-05 22:00:00,368.97,3824.87,40.81,10435.6,9080.9,47.76,0,68.0
UNIT_0005,2026-03-26 18:00:00,369.26,3817.08,40.78,10432.4,9079.8,47.76,0,98.0
UNIT_0044,2027-12-11 06:00:00,369.02,3821.7,40.73,10446.2,9060.1,47.76,0,125.0
UNIT_0014,2026-08-22 22:00:00,369.55,3809.42,40.71,10418.4,9069.9,47.76,0,81.0
UNIT_0025,2027-02-22 22:00:00,369.81,3819.35,40.69,10440.4,9051.1,47.76,0,94.0
UNIT_0010,2026-06-10 16:00:00,369.15,3824.66,40.69,10453.8,9051.0,47.76,0,207.0
UNIT_0002,2026-01-30 04:00:00,368.66,3817.63,40.69,10444.0,9058.8,47.76,0,128.0
UNIT_0026,2027-03-08 02:00:00,369.59,3815.56,40.65,10426.0,9054.5,47.76,0,135.0
UNIT_0021,2026-12-16 08:00:00,369.69,3819.49,40.63,10430.2,9042.8,47.76,0,170.0
UNIT_0010,2026-06-11 04:00:00,368.99,3824.39,40.69,10440.0,9050.5,47.76,0,201.0
UNIT_0035,2027-07-30 02:00:00,370.14,3815.97,40.68,10425.6,9065.4,47.76,0,86.0
UNIT_0024,2027-02-06 22:00:00,369.79,3816.18,40.68,10432.0,9059.4,47.76,0,56.0
UNIT_0003,2026-02-17 00:00:00,369.54,3818.52,40.73,10443.8,9067.6,47.76,0,93.0
UNIT_0008,2026-05-12 20:00:00,370.18,3813.42,40.6,10435.0,9045.8,47.76,0,130.0
UNIT_0023,2027-01-27 04:00:00,370.03,3806.05,40.68,10410.0,9051.4,47.76,0,38.0
UNIT_0011,2026-07-01 06:00:00,369.11,3825.07,40.69,10449.0,9050.9,47.76,0,200.0
UNIT_0036,2027-08-09 16:00:00,370.05,3820.18,40.69,10434.0,9065.8,47.76,0,117.0
UNIT_0025,2027-02-11 16:00:00,369.7,3818.39,40.63,10420.8,9044.9,47.76,0,229.0
UNIT_0011,2026-07-05 16:00:00,368.75,3818.8,40.71,10439.0,9053.8,47.76,0,147.0
UNIT_0005,2026-04-03 22:00:00,370.31,3797.43,41.06,10397.2,9157.0,47.76,1,0.0
UNIT_0016,2026-09-18 12:00:00,369.64,3814.39,40.7,10433.4,9066.4,47.76,0,178.0
UNIT_0017,2026-10-23 08:00:00,370.02,3815.7,40.94,10418.2,9117.4,47.76,0,36.0
UNIT_0025,2027-02-25 16:00:00,369.72,3815.01,40.76,10416.8,9061.4,47.76,0,61.0
UNIT_0038,2027-09-16 00:00:00,370.12,3810.11,40.8,10416.4,9092.3,47.76,0,33.0
UNIT_0004,2026-03-10 10:00:00,370.05,3811.08,40.95,10415.0,9124.1,47.76,1,25.0
UNIT_0033,2027-06-29 08:00:00,368.75,3818.04,40.75,10440.0,9059.3,47.76,0,79.0
UNIT_0011,2026-07-09 08:00:00,368.56,3818.04,40.74,10436.8,9071.4,47.76,0,103.0
UNIT_0028,2027-04-08 02:00:00,368.73,3822.25,40.72,10446.8,9057.4,47.76,0,84.0
UNIT_0001,2026-01-07 18:00:00,368.89,3820.94,40.67,10439.0,9048.2,47.76,0,110.0
UNIT_0007,2026-04-21 06:00:00,368.84,3821.49,40.75,10452.2,9068.7,47.76,0,239.0
UNIT_0048,2028-02-23 18:00:00,369.25,3817.7,40.8,10432.6,9088.5,47.76,0,90.0
UNIT_0008,2026-05-15 12:00:00,369.76,3815.7,40.61,10420.6,9046.6,47.76,0,98.0
UNIT_0004,2026-03-11 06:00:00,369.94,3811.01,41.06,10412.2,9150.7,47.76,1,15.0
UNIT_0019,2026-11-20 14:00:00,369.41,3804.6,40.6,10414.4,9049.8,47.76,0,50.0
UNIT_0045,2027-12-22 02:00:00,369.28,3823.42,40.77,10443.2,9068.8,47.76,0,153.0
UNIT_0022,2027-01-08 00:00:00,369.56,3810.39,40.62,10410.6,9040.9,47.76,0,100.0
UNIT_0027,2027-03-21 22:00:00,369.55,3819.28,40.73,10432.2,9056.4,47.76,0,125.0
UNIT_0042,2027-11-04 04:00:00,369.55,3821.08,40.69,10437.2,9057.6,47.76,0,171.0
UNIT_0008,2026-05-18 10:00:00,369.98,3814.59,40.61,10420.2,9041.9,47.76,0,63.0
UNIT_0020,2026-12-05 18:00:00,369.05,3813.97,40.7,10410.8,9066.6,47.76,0,102.0
UNIT_0049,2028-03-16 10:00:00,369.55,3812.18,40.65,10418.0,9053.8,47.76,0,45.0
UNIT_0015,2026-09-11 04:00:00,369.29,3813.28,40.67,10417.0,9051.4,47.76,0,57.0
UNIT_0017,2026-10-04 16:00:00,368.64,3825.56,40.71,10447.8,9061.6,47.76,0,260.0
UNIT_0036,2027-08-19 06:00:00,370.72,3805.77,40.65,10392.4,9054.2,47.77,1,2.0
UNIT_0035,2027-07-29 02:00:00,369.96,3812.66,40.7,10428.0,9065.2,47.76,0,98.0
UNIT_0025,2027-03-01 08:00:00,370.02,3812.8,40.91,10409.6,9115.1,47.76,1,17.0
UNIT_0018,2026-11-07 00:00:00,368.87,3813.15,40.86,10433.6,9089.4,47.76,0,55.0
UNIT_0012,2026-07-21 22:00:00,369.32,3816.46,40.6,10442.6,9041.3,47.76,0,122.0
UNIT_0004,2026-03-04 10:00:00,369.26,3823.08,40.72,10431.2,9055.8,47.76,0,97.0
UNIT_0026,2027-03-16 06:00:00,370.41,3805.22,40.79,10400.2,9089.8,47.76,0,37.0
UNIT_0011,2026-07-17 18:00:00,370.12,3795.91,41.07,10403.6,9150.9,47.76,1,2.0
UNIT_0023,2027-01-27 02:00:00,369.75,3806.53,40.66,10404.8,9057.8,47.76,0,39.0
UNIT_0050,2028-04-03 06:00:00,369.89,3812.18,40.85,10407.4,9100.4,47.76,1,29.0
UNIT_0043,2027-11-29 12:00:00,369.29,3818.46,40.69,10433.4,9063.4,47.76,0,74.0
UNIT_0038,2027-09-02 22:00:00,369.78,3818.11,40.63,10435.6,9048.5,47.76,0,190.0
UNIT_0022,2026-12-31 00:00:00,369.51,3817.97,40.68,10425.4,9045.0,47.76,0,196.0
UNIT_0034,2027-07-20 10:00:00,370.27,3810.46,40.95,10411.8,9117.3,47.76,1,21.0
UNIT_0038,2027-09-09 18:00:00,370.08,3811.15,40.67,10424.0,9057.4,47.76,0,108.0
UNIT_0006,2026-04-05 22:00:00,369.49,3810.46,40.6,10429.4,9042.2,47.76,0,164.0
UNIT_0039,2027-09-28 22:00:00,370.68,3802.12,40.55,10394.6,9035.8,47.76,1,6.0
UNIT_0011,2026-07-05 22:00:00,368.87,3819.28,40.7,10438.6,9062.6,47.76,0,144.0
UNIT_0011,2026-06-30 08:00:00,368.95,3828.73,40.7,10449.4,9055.8,47.76,0,211.0
UNIT_0026,2027-03-11 18:00:00,369.85,3810.66,40.69,10423.6,9057.9,47.76,0,91.0
UNIT_0048,2028-02-27 00:00:00,369.24,3815.56,40.92,10438.0,9109.8,47.76,0,51.0
UNIT_0047,2028-02-09 18:00:00,369.95,3813.56,40.82,10414.8,9098.2,47.76,1,27.0
UNIT_0022,2027-01-16 02:00:00,370.67,3801.91,40.62,10389.4,9051.1,47.77,1,3.0
UNIT_0008,2026-05-11 20:00:00,369.6,3812.6,40.6,10438.0,9040.3,47.76,0,142.0
UNIT_0001,2026-01-15 08:00:00,369.82,3806.8,40.61,10402.2,9048.8,47.76,1,19.0
UNIT_0037,2027-08-20 22:00:00,369.37,3815.56,40.64,10434.6,9047.2,47.76,0,152.0
UNIT_0010,2026-06-23 22:00:00,369.53,3817.7,40.76,10424.4,9082.6,47.76,0,48.0
UNIT_0023,2027-01-24 22:00:00,369.88,3815.42,40.67,10427.6,9053.4,47.76,0,65.0
UNIT_0023,2027-01-16 10:00:00,368.83,3815.08,40.66,10435.6,9049.8,47.76,0,167.0
UNIT_0036,2027-08-14 18:00:00,369.8,3804.18,40.69,10416.2,9059.3,47.76,0,56.0
UNIT_0033,2027-07-02 10:00:00,370.04,3807.63,40.73,10425.8,9063.7,47.76,0,42.0
UNIT_0024,2027-02-03 14:00:00,369.09,3817.97,40.73,10451.2,9061.0,47.76,0,96.0
UNIT_0013,2026-08-12 16:00:00,369.99,3809.42,40.85,10412.0,9104.4,47.76,1,24.0
UNIT_0009,2026-06-02 16:00:00,368.86,3822.45,40.8,10437.6,9087.4,47.76,0,81.0
UNIT_0044,2027-12-14 04:00:00,369.68,3817.42,40.76,10440.4,9076.5,47.76,0,90.0
UNIT_0025,2027-02-27 02:00:00,370.43,3813.91,40.8,10418.4,9087.8,47.76,0,44.0
UNIT_0047,2028-01-31 20:00:00,369.55,3829.14,40.74,10446.4,9068.7,47.76,0,134.0
UNIT_0048,2028-02-19 14:00:00,369.86,3817.97,40.76,10437.2,9069.2,47.76,0,140.0
UNIT_0022,2027-01-03 16:00:00,369.46,3814.04,40.65,10423.8,9046.0,47.76,0,152.0
UNIT_0037,2027-08-24 14:00:00,369.46,3818.94,40.6,10420.0,9050.1,47.76,0,108.0
UNIT_0050,2028-04-04 04:00:00,370.22,3811.49,40.89,10401.4,9111.7,47.76,1,18.0
UNIT_0004,2026-03-11 12:00:00,370.0,3811.22,41.1,10416.4,9155.3,47.76,1,12.0
UNIT_0035,2027-07-23 10:00:00,369.5,3820.59,40.69,10418.8,9055.2,47.76,0,166.0
UNIT_0019,2026-11-12 02:00:00,369.7,3816.73,40.61,10431.4,9047.7,47.76,0,152.0
UNIT_0046,2028-01-22 00:00:00,369.57,3811.08,40.7,10413.4,9058.2,47.76,0,38.0
UNIT_0038,2027-09-17 22:00:00,369.81,3805.15,41.0,10412.2,9133.0,47.76,1,10.0
UNIT_0017,2026-10-13 08:00:00,369.07,3820.18,40.74,10448.2,9063.1,47.76,0,156.0
UNIT_0001,2026-01-06 10:00:00,369.35,3819.7,40.64,10435.2,9059.4,47.76,0,126.0
UNIT_0015,2026-09-04 22:00:00,368.7,3822.8,40.71,10448.2,9061.9,47.76,0,132.0
UNIT_0029,2027-04-18 10:00:00,368.72,3819.28,40.7,10424.0,9066.5,47.76,0,123.0
UNIT_0046,2028-01-17 20:00:00,369.21,3816.25,40.67,10443.2,9060.2,47.76,0,88.0
UNIT_0002,2026-01-30 12:00:00,369.73,3819.42,40.71,10431.0,9059.5,47.76,0,124.0
UNIT_0042,2027-11-12 22:00:00,369.59,3817.35,40.71,10429.6,9060.9,47.76,0,66.0
UNIT_0020,2026-12-02 20:00:00,370.23,3812.32,40.68,10420.0,9060.7,47.76,0,137.0
UNIT_0044,2027-12-13 04:00:00,368.92,3823.01,40.76,10431.0,9072.0,47.76,0,102.0
UNIT_0018,2026-11-01 06:00:00,368.95,3818.8,40.71,10446.8,9067.4,47.76,0,124.0
UNIT_0034,2027-07-16 14:00:00,369.7,3808.94,40.77,10427.2,9072.9,47.76,0,67.0
UNIT_0016,2026-10-02 18:00:00,370.05,3801.91,40.65,10388.0,9059.9,47.77,1,7.0
UNIT_0020,2026-12-10 22:00:00,370.48,3805.56,40.72,10408.8,9067.5,47.76,0,40.0
UNIT_0042,2027-11-02 06:00:00,369.25,3822.94,40.71,10443.2,9061.0,47.76,0,194.0
UNIT_0024,2027-02-02 06:00:00,369.07,3823.28,40.75,10445.2,9061.9,47.76,0,112.0
UNIT_0002,2026-02-09 08:00:00,370.45,3802.05,40.84,10389.6,9089.2,47.76,1,6.0
UNIT_0018,2026-11-10 10:00:00,370.18,3805.49,41.14,10418.8,9167.5,47.76,1,14.0
UNIT_0044,2027-12-20 02:00:00,370.13,3807.01,40.75,10400.0,9082.7,47.76,1,19.0
UNIT_0017,2026-10-25 04:00:00,370.13,3806.8,41.07,10399.6,9151.6,47.76,1,14.0
UNIT_0014,2026-08-19 00:00:00,369.72,3816.46,40.71,10434.4,9057.3,47.76,0,128.0
UNIT_0005,2026-03-14 08:00:00,369.23,3821.83,40.74,10455.0,9071.7,47.76,0,247.0
UNIT_0048,2028-02-21 20:00:00,369.05,3815.49,40.77,10432.6,9072.0,47.76,0,113.0
UNIT_0045,2027-12-26 00:00:00,369.53,3826.38,40.77,10450.2,9074.1,47.76,0,106.0
UNIT_0020,2026-12-04 16:00:00,369.4,3816.53,40.67,10430.4,9057.2,47.76,0,115.0
UNIT_0031,2027-05-26 20:00:00,368.93,3817.77,40.71,10433.2,9053.4,47.76,0,90.0
UNIT_0016,2026-09-28 08:00:00,370.09,3808.25,40.68,10412.6,9061.8,47.76,0,60.0
UNIT_0024,2027-02-08 12:00:00,369.88,3821.14,40.69,10420.4,9054.4,47.76,0,37.0
UNIT_0048,2028-02-17 12:00:00,369.24,3823.9,40.76,10446.4,9060.3,47.76,0,165.0
UNIT_0029,2027-04-16 00:00:00,369.49,3815.01,40.71,10436.8,9060.0,47.76,0,152.0
UNIT_0029,2027-04-27 16:00:00,370.38,3801.63,40.63,10404.2,9067.1,47.76,1,12.0
UNIT_0044,2027-12-13 16:00:00,369.34,3821.28,40.75,10440.8,9068.0,47.76,0,96.0
UNIT_0005,2026-03-31 14:00:00,370.21,3809.63,40.89,10422.8,9102.3,47.76,0,40.0
UNIT_0015,2026-09-04 10:00:00,369.48,3824.39,40.72,10458.2,9061.9,47.76,0,138.0
UNIT_0034,2027-07-17 16:00:00,369.96,3812.32,40.77,10430.4,9087.3,47.76,0,54.0
UNIT_0045,2027-12-23 10:00:00,369.08,3820.52,40.75,10440.4,9079.2,47.76,0,137.0
UNIT_0037,2027-08-30 00:00:00,369.46,3810.46,40.61,10410.2,9038.8,47.76,0,43.0
UNIT_0024,2027-02-01 14:00:00,368.88,3821.35,40.73,10432.6,9066.9,47.76,0,120.0
UNIT_0024,2027-02-10 04:00:00,369.74,3812.18,40.64,10409.6,9052.0,47.76,1,17.0
UNIT_0036,2027-08-09 10:00:00,369.38,3813.15,40.68,10434.2,9064.5,47.76,0,120.0
UNIT_0040,2027-09-30 06:00:00,369.68,3822.52,40.68,10422.6,9057.7,47.76,0,178.0
UNIT_0037,2027-08-20 18:00:00,369.18,3820.32,40.67,10424.8,9049.4,47.76,0,154.0
UNIT_0001,2026-01-07 02:00:00,369.81,3819.9,40.66,10445.0,9045.8,47.76,0,118.0
UNIT_0025,2027-02-13 10:00:00,369.37,3813.97,40.66,10424.8,9052.0,47.76,0,208.0
UNIT_0022,2026-12-31 14:00:00,369.3,3810.6,40.61,10424.2,9046.5,47.76,0,189.0
UNIT_0034,2027-07-13 04:00:00,369.12,3817.28,40.74,10434.8,9057.0,47.76,0,108.0
UNIT_0050,2028-03-28 02:00:00,369.46,3817.77,40.72,10431.8,9068.3,47.76,0,103.0
UNIT_0005,2026-04-02 18:00:00,370.31,3804.05,41.0,10407.6,9134.4,47.76,1,14.0
UNIT_0049,2028-03-05 18:00:00,369.66,3813.35,40.61,10433.6,9039.5,47.76,0,173.0
UNIT_0040,2027-09-30 22:00:00,369.49,3812.8,40.66,10429.4,9066.3,47.76,0,170.0
UNIT_0026,2027-03-13 06:00:00,369.75,3812.25,40.73,10421.4,9066.9,47.76,0,73.0
UNIT_0026,2027-03-07 10:00:00,370.01,3808.8,40.64,10429.4,9040.8,47.76,0,143.0
UNIT_0001,2026-01-10 20:00:00,369.52,3818.11,40.62,10429.2,9045.9,47.76,0,73.0
UNIT_0010,2026-06-18 12:00:00,369.13,3823.01,40.72,10438.0,9061.5,47.76,0,113.0
UNIT_0050,2028-04-03 18:00:00,369.85,3811.7,40.84,10413.2,9100.4,47.76,1,23.0
UNIT_0013,2026-08-08 20:00:00,369.64,3813.91,40.73,10432.6,9067.1,47.76,0,70.0
UNIT_0010,2026-06-19 12:00:00,369.18,3824.04,40.72,10444.0,9060.6,47.76,0,101.0
UNIT_0013,2026-08-02 16:00:00,369.32,3813.7,40.66,10427.8,9061.6,47.76,0,144.0
UNIT_0045,2027-12-24 02:00:00,368.51,3820.52,40.75,10447.0,9073.6,47.76,0,129.0
UNIT_0017,2026-10-23 06:00:00,369.41,3811.97,40.98,10424.6,9120.7,47.76,0,37.0
UNIT_0006,2026-04-12 14:00:00,369.72,3814.32,40.6,10426.0,9040.5,47.76,0,84.0
UNIT_0050,2028-03-20 12:00:00,369.46,3823.56,40.71,10445.0,9065.4,47.76,0,194.0
UNIT_0034,2027-07-14 06:00:00,370.08,3817.97,40.76,10440.0,9068.8,47.76,0,95.0
UNIT_0015,2026-08-30 22:00:00,368.86,3825.28,40.68,10447.8,9057.6,47.76,0,192.0
UNIT_0015,2026-09-10 04:00:00,368.9,3818.04,40.71,10433.8,9057.6,47.76,0,69.0
UNIT_0012,2026-07-29 04:00:00,370.0,3811.08,40.6,10406.8,9051.9,47.76,0,35.0
UNIT_0021,2026-12-17 02:00:00,369.13,3815.08,40.64,10428.2,9051.1,47.76,0,161.0
UNIT_0016,2026-09-25 06:00:00,370.33,3811.49,40.68,10427.0,9061.7,47.76,0,97.0
UNIT_0022,2027-01-10 02:00:00,369.31,3812.53,40.63,10417.4,9037.8,47.76,0,75.0
UNIT_0014,2026-08-18 14:00:00,369.21,3811.77,40.72,10423.2,9063.6,47.76,0,133.0
UNIT_0046,2028-01-11 18:00:00,368.8,3821.63,40.7,10448.8,9055.0,47.76,0,161.0
UNIT_0001,2026-01-15 18:00:00,370.23,3807.15,40.58,10404.0,9046.2,47.76,1,14.0
UNIT_0008,2026-05-17 22:00:00,369.29,3813.7,40.62,10412.8,9041.2,47.76,0,69.0
UNIT_0048,2028-02-14 08:00:00,368.79,3819.08,40.76,10441.0,9065.0,47.76,0,203.0
UNIT_0017,2026-10-21 04:00:00,369.86,3817.9,40.88,10426.8,9095.9,47.76,0,62.0
UNIT_0007,2026-04-25 12:00:00,368.38,3824.25,40.78,10446.2,9068.9,47.76,0,188.0
UNIT_0009,2026-05-24 08:00:00,368.31,3831.14,40.73,10444.2,9064.6,47.76,0,193.0
UNIT_0020,2026-11-29 22:00:00,368.94,3810.66,40.68,10416.6,9052.9,47.76,0,172.0
UNIT_0018,2026-11-04 08:00:00,369.34,3817.9,40.76,10436.6,9068.6,47.76,0,87.0
UNIT_0011,2026-07-08 16:00:00,369.65,3823.21,40.71,10433.4,9065.1,47.76,0,111.0
UNIT_0001,2026-01-08 06:00:00,368.81,3823.01,40.66,10444.0,9046.7,47.76,0,104.0
UNIT_0014,2026-08-26 08:00:00,369.85,3808.46,40.81,10414.8,9082.4,47.76,0,40.0
UNIT_0045,2027-12-25 22:00:00,369.54,3823.21,40.73,10448.6,9073.0,47.76,0,107.0
UNIT_0002,2026-02-03 14:00:00,369.39,3815.01,40.74,10434.8,9068.2,47.76,0,75.0
UNIT_0050,2028-04-05 00:00:00,370.41,3803.91,40.97,10389.4,9127.3,47.76,1,8.0
UNIT_0020,2026-12-06 18:00:00,369.57,3810.6,40.69,10424.4,9070.4,47.76,0,90.0
UNIT_0035,2027-07-24 14:00:00,369.2,3819.77,40.72,10429.4,9048.1,47.76,0,152.0
UNIT_0033,2027-06-29 18:00:00,368.51,3818.59,40.69,10444.4,9062.3,47.76,0,74.0
UNIT_0012,2026-07-24 16:00:00,369.87,3814.66,40.64,10430.6,9054.6,47.76,0,89.0
UNIT_0014,2026-08-18 06:00:00,369.53,3815.28,40.7,10431.0,9055.0,47.76,0,137.0
UNIT_0011,2026-07-04 12:00:00,369.21,3819.35,40.69,10438.6,9054.1,47.76,0,161.0
UNIT_0005,2026-03-27 14:00:00,368.98,3819.15,40.79,10439.0,9090.1,47.76,0,88.0
UNIT_0049,2028-03-19 14:00:00,370.05,3805.63,40.64,10402.0,9064.4,47.76,1,7.0
UNIT_0007,2026-04-29 10:00:00,369.18,3821.9,40.76,10429.2,9072.3,47.76,0,141.0
UNIT_0012,2026-07-23 00:00:00,369.7,3812.53,40.64,10415.2,9039.5,47.76,0,109.0
UNIT_0021,2026-12-23 10:00:00,369.09,3816.53,40.71,10429.8,9061.3,47.76,0,85.0
UNIT_0049,2028-03-11 18:00:00,369.46,3814.73,40.62,10413.4,9042.1,47.76,0,101.0
UNIT_0006,2026-04-17 12:00:00,370.14,3802.53,40.57,10404.4,9037.4,47.76,1,25.0
UNIT_0031,2027-06-03 08:00:00,370.35,3798.05,40.58,10397.6,9042.5,47.77,1,0.0
UNIT_0025,2027-02-13 22:00:00,369.25,3817.21,40.65,10426.0,9050.8,47.76,0,202.0
UNIT_0025,2027-02-27 00:00:00,368.89,3809.84,40.77,10424.6,9075.8,47.76,0,45.0
UNIT_0010,2026-06-14 20:00:00,369.19,3822.73,40.7,10444.0,9055.1,47.76,0,157.0
UNIT_0005,2026-03-30 10:00:00,370.1,3810.25,40.89,10423.4,9096.0,47.76,0,54.0
UNIT_0025,2027-02-22 20:00:00,369.97,3813.22,40.69,10418.6,9060.3,47.76,0,95.0
UNIT_0022,2027-01-13 22:00:00,369.96,3804.25,40.65,10409.2,9048.5,47.76,1,29.0
UNIT_0036,2027-08-06 18:00:00,369.79,3818.04,40.7,10431.6,9062.7,47.76,0,152.0
UNIT_0047,2028-02-11 02:00:00,370.26,3806.67,40.86,10408.6,9096.5,47.76,1,11.0
UNIT_0007,2026-05-06 04:00:00,369.35,3816.46,40.75,10431.4,9070.0,47.76,0,60.0
UNIT_0044,2027-12-16 00:00:00,369.61,3813.49,40.76,10441.4,9070.7,47.76,0,68.0
UNIT_0048,2028-02-16 04:00:00,368.97,3823.76,40.72,10444.4,9064.9,47.76,0,181.0
UNIT_0046,2028-01-07 08:00:00,369.43,3830.18,40.68,10451.8,9058.0,47.76,0,214.0
UNIT_0046,2028-01-14 08:00:00,369.32,3820.04,40.71,10444.4,9059.6,47.76,0,130.0
UNIT_0025,2027-02-14 20:00:00,369.64,3819.7,40.63,10424.2,9047.8,47.76,0,191.0
UNIT_0004,2026-02-26 12:00:00,369.34,3819.77,40.7,10430.0,9056.6,47.76,0,168.0
UNIT_0025,2027-02-28 00:00:00,369.98,3809.56,40.83,10413.2,9092.5,47.76,0,33.0
UNIT_0042,2027-11-04 00:00:00,369.45,3825.76,40.7,10430.0,9058.8,47.76,0,173.0
UNIT_0039,2027-09-23 16:00:00,370.02,3812.25,40.63,10425.8,9038.5,47.76,0,69.0
UNIT_0001,2026-01-09 12:00:00,369.06,3817.21,40.62,10428.2,9053.3,47.76,0,89.0
UNIT_0005,2026-03-21 18:00:00,368.97,3819.08,40.79,10433.4,9067.1,47.76,0,158.0
UNIT_0044,2027-12-15 00:00:00,369.48,3817.28,40.73,10442.2,9071.9,47.76,0,80.0
UNIT_0019,2026-11-12 10:00:00,369.39,3819.49,40.66,10430.4,9046.3,47.76,0,148.0
UNIT_0049,2028-03-13 12:00:00,369.7,3813.49,40.66,10415.4,9054.5,47.76,0,80.0
UNIT_0037,2027-08-21 18:00:00,369.06,3820.39,40.64,10438.0,9039.8,47.76,0,142.0
UNIT_0020,2026-12-03 22:00:00,369.47,3813.01,40.68,10418.2,9060.6,47.76,0,124.0
UNIT_0013,2026-08-09 16:00:00,370.37,3815.15,40.73,10423.6,9067.3,47.76,0,60.0
UNIT_0031,2027-05-16 00:00:00,368.51,3822.45,40.7,10456.0,9057.5,47.76,0,220.0
UNIT_0041,2027-10-23 14:00:00,369.87,3819.01,40.73,10441.4,9074.5,47.76,0,114.0
UNIT_0014,2026-08-24 12:00:00,369.23,3815.28,40.75,10417.8,9077.3,47.76,0,62.0
UNIT_0020,2026-12-08 04:00:00,369.79,3809.29,40.73,10421.0,9073.5,47.76,0,73.0
UNIT_0040,2027-10-10 20:00:00,369.6,3810.04,40.76,10417.4,9077.0,47.76,0,51.0
UNIT_0047,2028-02-11 12:00:00,370.87,3806.46,40.87,10390.0,9101.7,47.76,1,6.0
UNIT_0042,2027-11-08 02:00:00,369.48,3817.01,40.7,10431.6,9062.6,47.76,0,124.0
UNIT_0024,2027-02-02 16:00:00,369.19,3820.04,40.72,10435.2,9059.4,47.76,0,107.0
UNIT_0010,2026-06-12 06:00:00,369.37,3821.14,40.69,10446.0,9049.5,47.76,0,188.0
UNIT_0031,2027-05-25 02:00:00,369.53,3818.39,40.7,10444.4,9058.7,47.76,0,111.0
UNIT_0011,2026-07-11 14:00:00,369.56,3818.04,40.77,10436.0,9077.8,47.76,0,76.0
UNIT_0041,2027-10-16 16:00:00,368.6,3821.01,40.73,10451.6,9060.5,47.76,0,197.0
UNIT_0022,2027-01-01 04:00:00,370.07,3814.04,40.63,10418.2,9044.9,47.76,0,182.0
UNIT_0027,2027-03-29 02:00:00,369.98,3813.35,40.81,10412.8,9087.0,47.76,0,39.0
UNIT_0034,2027-07-19 06:00:00,369.71,3805.7,40.84,10428.6,9099.7,47.76,0,35.0
UNIT_0044,2027-12-16 20:00:00,369.37,3815.7,40.76,10441.4,9067.3,47.76,0,58.0
UNIT_0021,2026-12-24 14:00:00,369.67,3815.56,40.73,10419.6,9062.0,47.76,0,71.0
UNIT_0003,2026-02-14 00:00:00,369.36,3818.8,40.7,10441.4,9056.8,47.76,0,129.0
UNIT_0006,2026-04-13 18:00:00,369.53,3809.63,40.6,10418.2,9033.7,47.76,0,70.0
UNIT_0004,2026-03-06 22:00:00,369.97,3814.73,40.75,10424.0,9063.3,47.76,0,67.0
UNIT_0030,2027-05-04 06:00:00,368.67,3827.07,40.73,10457.4,9059.2,47.76,0,127.0
UNIT_0015,2026-09-12 22:00:00,369.91,3808.73,40.66,10430.6,9063.8,47.76,0,36.0
UNIT_0044,2027-12-17 14:00:00,369.26,3815.97,40.76,10432.6,9079.4,47.76,0,49.0
UNIT_0009,2026-06-05 00:00:00,368.79,3817.08,40.89,10438.0,9099.6,47.76,0,53.0
UNIT_0043,2027-12-05 04:00:00,370.26,3799.08,40.59,10396.2,9043.3,47.77,1,6.0
UNIT_0038,2027-09-09 22:00:00,369.99,3814.46,40.64,10428.6,9055.5,47.76,0,106.0
UNIT_0023,2027-01-22 14:00:00,369.12,3816.46,40.64,10427.4,9052.9,47.76,0,93.0
UNIT_0021,2026-12-21 04:00:00,369.57,3821.08,40.65,10436.0,9049.0,47.76,0,112.0
UNIT_0010,2026-06-16 00:00:00,368.87,3822.66,40.69,10445.0,9058.6,47.76,0,143.0
UNIT_0038,2027-09-07 22:00:00,369.73,3817.01,40.64,10421.8,9049.3,47.76,0,130.0
UNIT_0037,2027-09-01 18:00:00,370.62,3802.05,40.58,10409.2,9042.9,47.76,1,10.0
UNIT_0026,2027-03-18 22:00:00,370.56,3806.87,41.04,10409.6,9144.0,47.76,1,5.0
UNIT_0042,2027-11-14 16:00:00,369.97,3814.8,40.72,10424.2,9064.7,47.76,0,45.0
UNIT_0038,2027-09-13 14:00:00,369.99,3814.94,40.73,10426.6,9061.8,47.76,0,62.0
UNIT_0012,2026-07-25 22:00:00,369.39,3811.77,40.62,10421.2,9050.5,47.76,0,74.0
UNIT_0037,2027-08-23 18:00:00,369.39,3816.73,40.65,10434.6,9044.0,47.76,0,118.0
UNIT_0027,2027-03-19 16:00:00,369.89,3816.66,40.71,10439.6,9066.1,47.76,0,152.0
UNIT_0046,2028-01-23 22:00:00,369.57,3804.67,40.64,10405.8,9049.9,47.76,1,15.0
UNIT_0007,2026-04-27 08:00:00,369.55,3820.87,40.76,10444.6,9076.5,47.76,0,166.0
UNIT_0020,2026-11-30 12:00:00,369.13,3814.73,40.69,10425.8,9051.3,47.76,0,165.0
UNIT_0027,2027-03-24 14:00:00,369.18,3810.11,40.74,10429.8,9060.3,47.76,0,93.0
UNIT_0016,2026-09-27 14:00:00,370.26,3809.49,40.67,10411.0,9057.0,47.76,0,69.0
UNIT_0005,2026-03-28 20:00:00,369.21,3816.04,40.81,10428.0,9088.4,47.76,0,73.0
UNIT_0016,2026-10-02 20:00:00,371.03,3800.6,40.65,10393.0,9057.8,47.77,1,6.0
UNIT_0037,2027-08-28 16:00:00,369.13,3812.39,40.6,10429.8,9045.6,47.76,0,59.0
UNIT_0002,2026-01-22 10:00:00,369.11,3820.46,40.69,10453.0,9054.6,47.76,0,221.0
UNIT_0037,2027-08-31 04:00:00,370.53,3809.01,40.59,10412.2,9045.2,47.76,1,29.0
UNIT_0044,2027-12-20 00:00:00,370.14,3803.91,40.77,10417.0,9081.8,47.76,1,20.0
UNIT_0040,2027-10-14 08:00:00,370.15,3803.15,40.96,10409.4,9125.1,47.76,1,9.0
UNIT_0030,2027-05-02 22:00:00,368.51,3820.8,40.74,10451.0,9066.9,47.76,0,143.0
UNIT_0010,2026-06-24 02:00:00,370.12,3816.18,40.78,10419.6,9087.3,47.76,0,46.0
UNIT_0040,2027-10-04 20:00:00,369.64,3812.39,40.7,10436.4,9059.1,47.76,0,123.0
UNIT_0003,2026-02-11 22:00:00,369.09,3821.14,40.67,10443.0,9055.1,47.76,0,154.0
UNIT_0026,2027-03-15 18:00:00,370.0,3808.11,40.79,10429.8,9084.1,47.76,0,43.0
UNIT_0046,2028-01-05 12:00:00,368.83,3822.59,40.7,10446.2,9056.8,47.76,0,236.0
UNIT_0007,2026-04-23 02:00:00,369.55,3820.04,40.76,10453.6,9078.3,47.76,0,217.0
UNIT_0044,2027-12-06 14:00:00,369.67,3818.8,40.72,10441.8,9074.3,47.76,0,181.0
UNIT_0025,2027-02-25 12:00:00,369.57,3810.18,40.76,10418.6,9070.2,47.76,0,63.0
UNIT_0011,2026-07-07 08:00:00,369.39,3818.04,40.69,10436.8,9061.2,47.76,0,127.0
UNIT_0025,2027-02-20 02:00:00,369.55,3814.39,40.62,10423.8,9049.7,47.76,0,128.0
UNIT_0002,2026-02-01 00:00:00,368.86,3821.7,40.67,10443.8,9057.9,47.76,0,106.0
UNIT_0044,2027-12-06 12:00:00,368.96,3820.66,40.76,10442.0,9065.6,47.76,0,182.0
UNIT_0017,2026-10-08 20:00:00,368.71,3820.8,40.73,10454.6,9065.5,47.76,0,210.0
UNIT_0010,2026-06-17 04:00:00,368.83,3819.01,40.71,10439.2,9054.8,47.76,0,129.0
UNIT_0018,2026-11-01 16:00:00,368.74,3820.46,40.75,10437.6,9066.7,47.76,0,119.0
UNIT_0043,2027-11-25 22:00:00,369.28,3824.45,40.67,10436.8,9049.6,47.76,0,117.0
UNIT_0039,2027-09-19 18:00:00,369.38,3815.97,40.65,10430.8,9051.1,47.76,0,116.0
UNIT_0020,2026-11-30 10:00:00,369.03,3812.94,40.69,10423.6,9058.2,47.76,0,166.0
UNIT_0031,2027-05-22 00:00:00,368.69,3824.11,40.7,10450.2,9060.4,47.76,0,148.0
UNIT_0045,2027-12-30 00:00:00,369.74,3820.18,40.78,10429.2,9080.8,47.76,0,58.0
UNIT_0005,2026-03-25 02:00:00,368.88,3822.45,40.77,10436.2,9070.8,47.76,0,118.0
UNIT_0042,2027-11-13 14:00:00,369.42,3817.01,40.7,10417.8,9067.3,47.76,0,58.0
UNIT_0016,2026-10-02 04:00:00,370.32,3803.7,40.68,10405.2,9057.1,47.76,1,14.0
UNIT_0006,2026-04-09 00:00:00,370.09,3814.87,40.59,10423.4,9040.4,47.76,0,127.0
UNIT_0003,2026-02-15 22:00:00,369.27,3821.83,40.7,10463.6,9062.7,47.76,0,106.0
UNIT_0004,2026-03-04 00:00:00,369.55,3818.52,40.69,10440.2,9053.8,47.76,0,102.0
UNIT_0037,2027-08-25 22:00:00,369.61,3817.7,40.62,10427.6,9048.2,47.76,0,92.0
UNIT_0022,2027-01-15 12:00:00,369.98,3804.18,40.63,10395.2,9052.2,47.77,1,10.0
UNIT_0014,2026-08-27 06:00:00,369.61,3803.98,40.82,10410.2,9090.8,47.76,1,29.0
UNIT_0046,2028-01-06 00:00:00,368.94,3820.32,40.71,10450.2,9052.0,47.76,0,230.0
UNIT_0017,2026-10-16 06:00:00,369.1,3820.18,40.76,10437.0,9075.1,47.76,0,121.0
UNIT_0014,2026-08-16 00:00:00,369.28,3816.46,40.69,10434.4,9052.4,47.76,0,164.0
UNIT_0035,2027-07-25 14:00:00,369.48,3813.15,40.7,10438.4,9054.2,47.76,0,140.0
UNIT_0039,2027-09-27 14:00:00,369.31,3814.04,40.61,10399.6,9039.5,47.76,1,22.0
UNIT_0039,2027-09-21 22:00:00,369.56,3811.01,40.66,10426.6,9046.5,47.76,0,90.0
UNIT_0047,2028-02-04 12:00:00,369.83,3814.46,40.75,10444.6,9066.8,47.76,0,90.0
UNIT_0032,2027-06-17 18:00:00,370.58,3799.84,40.75,10402.6,9082.2,47.76,1,18.0
UNIT_0027,2027-03-23 12:00:00,369.97,3815.28,40.74,10425.2,9066.6,47.76,0,106.0
UNIT_0048,2028-03-01 16:00:00,370.21,3808.6,41.32,10420.4,9202.6,47.76,1,7.0
UNIT_0015,2026-09-05 08:00:00,368.8,3825.01,40.7,10440.4,9064.7,47.76,0,127.0
UNIT_0004,2026-02-27 18:00:00,368.93,3810.8,40.66,10442.4,9050.8,47.76,0,153.0
UNIT_0012,2026-07-31 02:00:00,370.47,3805.56,40.64,10405.6,9051.4,47.76,1,12.0
UNIT_0032,2027-06-18 06:00:00,370.56,3797.36,40.75,10401.0,9081.8,47.76,1,12.0
UNIT_0005,2026-03-23 20:00:00,368.37,3825.28,40.77,10439.6,9072.7,47.76,0,133.0
UNIT_0027,2027-03-24 00:00:00,369.76,3814.39,40.68,10429.6,9065.9,47.76,0,100.0
UNIT_0001,2026-01-07 14:00:00,368.79,3819.08,40.67,10430.4,9043.7,47.76,0,112.0
UNIT_0020,2026-12-04 18:00:00,369.43,3812.8,40.7,10415.4,9068.4,47.76,0,114.0
UNIT_0032,2027-06-06 12:00:00,369.62,3818.25,40.64,10417.0,9050.5,47.76,0,153.0
UNIT_0049,2028-03-09 00:00:00,369.9,3814.04,40.63,10426.6,9050.6,47.76,0,134.0
UNIT_0046,2028-01-23 02:00:00,369.96,3809.84,40.63,10415.0,9060.5,47.76,1,25.0
UNIT_0016,2026-09-16 22:00:00,369.69,3814.04,40.68,10420.0,9057.8,47.76,0,197.0
UNIT_0018,2026-10-28 02:00:00,368.93,3825.7,40.72,10443.4,9061.8,47.76,0,174.0
UNIT_0031,2027-05-22 02:00:00,368.91,3825.56,40.68,10435.4,9057.9,47.76,0,147.0
UNIT_0042,2027-11-09 04:00:00,368.97,3815.15,40.74,10432.8,9061.7,47.76,0,111.0
UNIT_0011,2026-06-28 12:00:00,369.28,3819.56,40.7,10447.6,9050.1,47.76,0,233.0
UNIT_0032,2027-06-10 20:00:00,368.94,3814.8,40.67,10426.8,9051.9,47.76,0,101.0
UNIT_0011,2026-07-09 00:00:00,369.14,3823.08,40.71,10428.2,9057.1,47.76,0,107.0
UNIT_0002,2026-02-07 02:00:00,370.16,3805.84,40.79,10416.6,9084.8,47.76,0,33.0
UNIT_0025,2027-02-11 22:00:00,369.4,3818.25,40.64,10430.6,9048.3,47.76,0,226.0
UNIT_0022,2027-01-08 04:00:00,369.25,3811.91,40.64,10424.2,9040.2,47.76,0,98.0
UNIT_0046,2028-01-23 04:00:00,369.73,3805.91,40.66,10407.0,9055.0,47.76,1,24.0
UNIT_0034,2027-07-07 16:00:00,369.46,3818.94,40.69,10429.8,9050.3,47.76,0,174.0
UNIT_0017,2026-10-04 08:00:00,368.5,3823.14,40.71,10449.8,9059.1,47.76,0,264.0
UNIT_0008,2026-05-22 18:00:00,369.63,3805.63,40.63,10407.8,9046.8,47.76,1,11.0
UNIT_0012,2026-07-30 12:00:00,370.46,3808.39,40.62,10399.2,9044.6,47.76,1,19.0
UNIT_0001,2026-01-06 16:00:00,369.29,3824.18,40.65,10444.4,9050.6,47.76,0,123.0
UNIT_0006,2026-04-08 08:00:00,369.57,3816.04,40.6,10428.2,9037.0,47.76,0,135.0
UNIT_0001,2026-01-05 00:00:00,369.08,3821.28,40.68,10427.4,9050.6,47.76,0,143.0
UNIT_0005,2026-03-29 18:00:00,369.44,3814.11,40.83,10426.6,9089.8,47.76,0,62.0
UNIT_0020,2026-12-02 18:00:00,369.71,3812.11,40.72,10423.2,9062.9,47.76,0,138.0
UNIT_0005,2026-03-15 08:00:00,368.53,3821.7,40.76,10443.0,9070.3,47.76,0,235.0
UNIT_0013,2026-08-09 22:00:00,370.17,3811.63,40.73,10421.2,9069.0,47.76,0,57.0
UNIT_0040,2027-10-09 14:00:00,370.24,3815.49,40.75,10404.8,9072.9,47.76,0,66.0
UNIT_0012,2026-07-23 06:00:00,369.57,3816.94,40.63,10435.8,9053.4,47.76,0,106.0
UNIT_0025,2027-02-15 08:00:00,369.66,3814.39,40.63,10434.4,9045.1,47.76,0,185.0
UNIT_0007,2026-05-03 06:00:00,369.15,3817.49,40.73,10428.4,9074.8,47.76,0,95.0
UNIT_0037,2027-08-31 16:00:00,369.86,3809.49,40.6,10410.6,9047.8,47.76,1,23.0
UNIT_0025,2027-02-24 14:00:00,369.46,3817.42,40.71,10420.2,9062.4,47.76,0,74.0
UNIT_0012,2026-07-23 10:00:00,369.46,3815.49,40.61,10428.2,9045.9,47.76,0,104.0
UNIT_0033,2027-07-01 04:00:00,369.65,3818.32,40.73,10443.0,9061.5,47.76,0,57.0
UNIT_0002,2026-01-20 04:00:00,368.85,3820.04,40.69,10455.8,9061.2,47.76,0,248.0
UNIT_0007,2026-04-21 00:00:00,368.93,3826.18,40.76,10440.4,9071.4,47.76,0,242.0
UNIT_0001,2026-01-04 10:00:00,368.97,3819.28,40.65,10444.6,9057.1,47.76,0,150.0
UNIT_0004,2026-03-06 18:00:00,368.98,3816.25,40.73,10431.0,9069.1,47.76,0,69.0
UNIT_0046,2028-01-16 20:00:00,369.0,3815.77,40.7,10433.0,9061.3,47.76,0,100.0
UNIT_0043,2027-12-02 08:00:00,369.36,3815.08,40.65,10424.4,9047.5,47.76,0,40.0
UNIT_0009,2026-05-25 02:00:00,368.48,3824.39,40.72,10453.8,9063.0,47.76,0,184.0
UNIT_0019,2026-11-22 20:00:00,369.98,3812.39,40.6,10394.6,9042.3,47.76,1,23.0
UNIT_0003,2026-02-18 06:00:00,369.09,3822.04,40.73,10452.0,9067.9,47.76,0,78.0
UNIT_0051,2028-04-08 10:00:00,369.23,3827.35,40.74,10447.8,9071.6,47.76,0,180.0
UNIT_0030,2027-05-02 14:00:00,368.5,3827.9,40.71,10436.0,9056.1,47.76,0,147.0
UNIT_0043,2027-11-21 06:00:00,369.68,3823.9,40.66,10441.6,9057.0,47.76,0,173.0
UNIT_0037,2027-08-30 06:00:00,370.16,3811.63,40.61,10419.6,9039.5,47.76,0,40.0
UNIT_0007,2026-05-05 06:00:00,369.75,3816.32,40.74,10422.8,9070.9,47.76,0,71.0
UNIT_0047,2028-01-30 02:00:00,368.77,3825.07,40.74,10443.4,9059.2,47.76,0,155.0
UNIT_0028,2027-04-13 12:00:00,369.66,3812.18,40.76,10407.2,9082.5,47.76,1,19.0
UNIT_0001,2026-01-06 02:00:00,369.02,3822.8,40.66,10443.8,9053.6,47.76,0,130.0
UNIT_0028,2027-04-01 22:00:00,368.9,3825.14,40.7,10455.0,9059.2,47.76,0,158.0
UNIT_0019,2026-11-22 10:00:00,370.26,3805.22,40.64,10406.4,9043.6,47.76,1,28.0
UNIT_0033,2027-06-29 06:00:00,368.82,3818.59,40.72,10443.4,9060.0,47.76,0,80.0
UNIT_0002,2026-02-03 12:00:00,369.65,3809.15,40.72,10433.4,9066.4,47.76,0,76.0
UNIT_0002,2026-01-28 16:00:00,368.92,3824.52,40.69,10450.0,9057.8,47.76,0,146.0
UNIT_0010,2026-06-23 16:00:00,369.35,3817.63,40.76,10431.0,9067.4,47.76,0,51.0
UNIT_0049,2028-03-07 10:00:00,369.77,3816.04,40.66,10428.0,9048.0,47.76,0,153.0
UNIT_0001,2026-01-14 16:00:00,369.61,3811.35,40.63,10413.8,9039.1,47.76,1,27.0
UNIT_0022,2026-12-31 22:00:00,369.73,3819.15,40.65,10419.8,9037.9,47.76,0,185.0
UNIT_0014,2026-08-15 06:00:00,369.32,3815.42,40.71,10433.4,9058.6,47.76,0,173.0
UNIT_0046,2028-01-14 14:00:00,368.91,3822.8,40.72,10423.4,9061.2,47.76,0,127.0
UNIT_0038,2027-09-05 04:00:00,369.69,3814.87,40.63,10433.6,9053.5,47.76,0,163.0
UNIT_0027,2027-03-31 10:00:00,370.41,3801.63,40.93,10414.8,9118.9,47.76,1,11.0
UNIT_0036,2027-08-11 04:00:00,369.51,3817.42,40.67,10431.4,9063.8,47.76,0,99.0
UNIT_0007,2026-04-22 04:00:00,368.84,3823.21,40.74,10450.2,9071.2,47.76,0,228.0
UNIT_0045,2027-12-26 20:00:00,369.51,3820.32,40.78,10440.0,9069.0,47.76,0,96.0
UNIT_0008,2026-05-19 06:00:00,370.09,3811.35,40.64,10420.8,9048.6,47.76,0,53.0
UNIT_0017,2026-10-26 04:00:00,370.43,3805.63,41.16,10395.4,9172.5,47.76,1,2.0
UNIT_0004,2026-03-04 18:00:00,369.03,3820.25,40.69,10436.0,9059.8,47.76,0,93.0
UNIT_0033,2027-07-03 16:00:00,369.81,3811.84,40.67,10424.2,9052.7,47.76,1,27.0
UNIT_0004,2026-02-28 20:00:00,369.67,3818.8,40.65,10435.0,9050.0,47.76,0,140.0
UNIT_0015,2026-09-09 04:00:00,368.8,3816.32,40.65,10444.6,9054.8,47.76,0,81.0
UNIT_0044,2027-12-15 04:00:00,369.21,3815.9,40.76,10440.0,9071.8,47.76,0,78.0
UNIT_0050,2028-04-02 22:00:00,370.17,3810.32,40.86,10412.4,9089.2,47.76,0,33.0
UNIT_0049,2028-03-09 12:00:00,368.98,3812.73,40.64,10426.6,9044.1,47.76,0,128.0
UNIT_0046,2028-01-15 00:00:00,369.33,3820.87,40.69,10435.8,9061.0,47.76,0,122.0
UNIT_0049,2028-03-07 08:00:00,369.77,3811.22,40.63,10427.0,9048.0,47.76,0,154.0
UNIT_0046,2028-01-19 14:00:00,369.6,3808.46,40.7,10422.0,9049.9,47.76,0,67.0
UNIT_0009,2026-06-02 20:00:00,369.4,3817.21,40.81,10444.4,9085.0,47.76,0,79.0
UNIT_0015,2026-09-07 16:00:00,368.91,3822.39,40.68,10436.6,9055.6,47.76,0,99.0
UNIT_0027,2027-03-29 06:00:00,369.48,3809.84,40.78,10419.2,9086.6,47.76,0,37.0
UNIT_0019,2026-11-20 06:00:00,369.99,3810.66,40.59,10421.2,9048.6,47.76,0,54.0
UNIT_0037,2027-08-20 08:00:00,369.46,3821.63,40.62,10431.2,9041.3,47.76,0,159.0
UNIT_0025,2027-02-28 10:00:00,370.24,3807.84,40.87,10412.2,9108.4,47.76,1,28.0
UNIT_0047,2028-01-30 12:00:00,369.07,3823.9,40.74,10446.0,9066.7,47.76,0,150.0
UNIT_0037,2027-08-27 16:00:00,369.68,3813.22,40.63,10426.2,9040.8,47.76,0,71.0
UNIT_0027,2027-03-27 00:00:00,369.33,3814.04,40.75,10420.6,9072.9,47.76,0,64.0
UNIT_0027,2027-03-26 14:00:00,369.48,3818.66,40.74,10428.4,9067.2,47.76,0,69.0
UNIT_0048,2028-02-25 14:00:00,369.24,3815.08,40.86,10427.8,9090.5,47.76,0,68.0
UNIT_0011,2026-07-07 04:00:00,369.02,3821.14,40.69,10442.8,9059.9,47.76,0,129.0
UNIT_0004,2026-03-11 14:00:00,370.23,3803.91,41.11,10405.6,9164.3,47.76,1,11.0
UNIT_0043,2027-12-01 12:00:00,369.2,3813.84,40.68,10426.6,9052.2,47.76,0,50.0
UNIT_0046,2028-01-24 12:00:00,370.56,3798.87,40.66,10401.4,9051.9,47.77,1,8.0
UNIT_0002,2026-02-06 00:00:00,369.99,3808.39,40.76,10422.0,9075.9,47.76,0,46.0
UNIT_0017,2026-10-09 12:00:00,368.63,3824.18,40.74,10440.0,9063.7,47.76,0,202.0
UNIT_0035,2027-07-23 02:00:00,369.0,3822.18,40.68,10446.0,9063.5,47.76,0,170.0
UNIT_0042,2027-11-09 14:00:00,368.96,3819.77,40.7,10438.0,9058.7,47.76,0,106.0
UNIT_0049,2028-03-12 18:00:00,369.9,3809.49,40.65,10425.0,9042.0,47.76,0,89.0
UNIT_0031,2027-05-21 12:00:00,369.21,3822.04,40.7,10441.6,9056.5,47.76,0,154.0
UNIT_0006,2026-04-10 10:00:00,370.11,3819.63,40.59,10419.8,9045.7,47.76,0,110.0
UNIT_0035,2027-08-01 20:00:00,369.41,3812.46,40.72,10422.8,9071.1,47.76,0,53.0
UNIT_0027,2027-04-01 02:00:00,370.42,3804.74,41.01,10405.8,9129.9,47.76,1,3.0
UNIT_0015,2026-09-13 22:00:00,369.97,3806.53,40.62,10418.8,9050.4,47.76,1,24.0
UNIT_0015,2026-09-11 16:00:00,370.09,3817.15,40.7,10429.6,9054.2,47.76,0,51.0
UNIT_0016,2026-09-29 22:00:00,370.49,3806.11,40.67,10412.0,9057.4,47.76,0,41.0
UNIT_0014,2026-08-16 10:00:00,369.16,3823.42,40.66,10439.4,9055.2,47.76,0,159.0
UNIT_0017,2026-10-14 02:00:00,368.63,3819.77,40.75,10436.6,9068.2,47.76,0,147.0
UNIT_0002,2026-02-06 02:00:00,370.62,3813.28,40.78,10432.0,9078.7,47.76,0,45.0
UNIT_0016,2026-09-30 16:00:00,370.15,3805.01,40.66,10411.8,9057.4,47.76,0,32.0
UNIT_0036,2027-08-07 10:00:00,368.91,3812.11,40.69,10423.0,9055.1,47.76,0,144.0
UNIT_0050,2028-03-21 12:00:00,368.66,3818.66,40.69,10435.0,9064.3,47.76,0,182.0
UNIT_0001,2026-01-09 16:00:00,368.86,3813.56,40.67,10436.2,9048.4,47.76,0,87.0
UNIT_0017,2026-10-04 06:00:00,369.15,3823.97,40.72,10437.4,9061.3,47.76,0,265.0
UNIT_0008,2026-05-19 00:00:00,369.68,3814.11,40.61,10416.4,9047.6,47.76,0,56.0
UNIT_0007,2026-05-08 18:00:00,370.51,3805.08,40.75,10411.0,9077.3,47.76,1,29.0
UNIT_0023,2027-01-26 00:00:00,370.36,3806.05,40.66,10425.0,9049.7,47.76,0,52.0
UNIT_0046,2028-01-05 10:00:00,369.07,3817.9,40.71,10444.2,9058.5,47.76,0,237.0
UNIT_0046,2028-01-21 04:00:00,369.23,3813.35,40.69,10405.2,9058.2,47.76,0,48.0
UNIT_0034,2027-07-06 20:00:00,369.66,3819.21,40.66,10431.0,9056.5,47.76,0,184.0
UNIT_0007,2026-05-01 06:00:00,368.56,3821.01,40.76,10439.8,9072.0,47.76,0,119.0
UNIT_0002,2026-01-18 20:00:00,369.22,3824.45,40.66,10445.2,9051.4,47.76,0,264.0
UNIT_0027,2027-03-23 08:00:00,369.96,3815.9,40.7,10434.6,9066.1,47.76,0,108.0
UNIT_0047,2028-02-08 04:00:00,368.77,3813.42,40.77,10422.0,9078.3,47.76,0,46.0
UNIT_0032,2027-06-11 20:00:00,369.44,3815.63,40.67,10417.4,9056.8,47.76,0,89.0
UNIT_0025,2027-02-20 18:00:00,369.13,3819.28,40.66,10422.6,9056.9,47.76,0,120.0
UNIT_0007,2026-04-29 06:00:00,369.03,3819.7,40.76,10445.0,9069.4,47.76,0,143.0
UNIT_0049,2028-03-04 00:00:00,369.13,3817.9,40.64,10432.4,9038.5,47.76,0,194.0
UNIT_0044,2027-12-19 04:00:00,369.85,3811.01,40.79,10421.2,9075.6,47.76,1,30.0
UNIT_0001,2026-01-16 02:00:00,371.06,3805.22,40.6,10409.2,9041.2,47.77,1,10.0
UNIT_0021,2026-12-29 16:00:00,370.16,3807.22,41.01,10399.0,9132.6,47.76,1,10.0
UNIT_0045,2027-12-27 00:00:00,369.34,3822.18,40.76,10454.0,9076.8,47.76,0,94.0
UNIT_0012,2026-07-23 20:00:00,369.15,3817.97,40.66,10426.8,9051.0,47.76,0,99.0
UNIT_0027,2027-03-20 10:00:00,369.21,3812.94,40.72,10437.4,9061.1,47.76,0,143.0
UNIT_0042,2027-11-02 10:00:00,368.97,3819.63,40.69,10447.8,9070.3,47.76,0,192.0
UNIT_0029,2027-04-19 16:00:00,369.14,3817.7,40.7,10424.4,9059.9,47.76,0,108.0
UNIT_0017,2026-10-22 08:00:00,369.96,3815.01,40.93,10428.2,9106.8,47.76,0,48.0
UNIT_0043,2027-11-19 00:00:00,369.06,3826.73,40.67,10444.6,9056.2,47.76,0,200.0
UNIT_0041,2027-10-27 16:00:00,368.87,3817.9,40.83,10426.2,9086.6,47.76,0,65.0
UNIT_0018,2026-11-05 04:00:00,369.28,3821.56,40.77,10422.6,9083.7,47.76,0,77.0
UNIT_0001,2026-01-06 20:00:00,369.06,3820.11,40.67,10434.4,9046.1,47.76,0,121.0
UNIT_0003,2026-02-15 08:00:00,369.1,3818.25,40.71,10443.0,9059.8,47.76,0,113.0
UNIT_0006,2026-04-11 08:00:00,369.88,3811.35,40.62,10424.2,9042.3,47.76,0,99.0
UNIT_0015,2026-09-14 12:00:00,370.1,3806.46,40.61,10415.6,9056.3,47.76,1,17.0
UNIT_0047,2028-01-29 20:00:00,368.95,3823.49,40.73,10459.6,9070.0,47.76,0,158.0
UNIT_0047,2028-01-31 00:00:00,369.32,3821.56,40.75,10445.6,9067.3,47.76,0,144.0
UNIT_0049,2028-03-17 16:00:00,369.59,3804.11,40.67,10400.2,9052.7,47.76,1,30.0
UNIT_0031,2027-05-31 00:00:00,369.15,3809.35,40.67,10420.2,9059.5,47.76,0,40.0
UNIT_0043,2027-11-26 02:00:00,369.4,3818.8,40.68,10442.2,9063.6,47.76,0,115.0
UNIT_0021,2026-12-24 00:00:00,369.54,3814.25,40.73,10426.8,9056.8,47.76,0,78.0
UNIT_0020,2026-11-30 22:00:00,369.38,3815.84,40.69,10428.4,9053.4,47.76,0,160.0
UNIT_0045,2027-12-28 02:00:00,369.83,3819.63,40.78,10442.0,9076.6,47.76,0,81.0
UNIT_0005,2026-03-15 02:00:00,368.91,3821.77,40.73,10444.8,9064.3,47.76,0,238.0
UNIT_0042,2027-11-03 16:00:00,369.2,3820.59,40.71,10446.8,9063.3,47.76,0,177.0
UNIT_0002,2026-01-17 08:00:00,368.58,3827.42,40.68,10445.4,9058.2,47.76,0,282.0
UNIT_0050,2028-03-23 04:00:00,369.23,3820.59,40.71,10447.6,9064.1,47.76,0,162.0
UNIT_0020,2026-12-01 04:00:00,369.35,3809.7,40.69,10438.8,9059.1,47.76,0,157.0
UNIT_0051,2028-04-10 04:00:00,368.99,3820.73,40.75,10456.0,9071.4,47.76,0,159.0
UNIT_0013,2026-08-03 06:00:00,369.04,3817.63,40.67,10429.8,9063.2,47.76,0,137.0
UNIT_0018,2026-11-09 18:00:00,369.51,3813.91,41.05,10429.4,9138.6,47.76,1,22.0
UNIT_0047,2028-02-10 14:00:00,369.8,3802.46,40.84,10408.8,9099.4,47.76,1,17.0
UNIT_0044,2027-12-21 00:00:00,370.17,3804.8,40.78,10397.0,9090.3,47.76,1,8.0
UNIT_0048,2028-02-20 16:00:00,369.06,3819.7,40.77,10449.0,9075.1,47.76,0,127.0
UNIT_0031,2027-05-29 06:00:00,369.42,3810.46,40.7,10428.0,9058.4,47.76,0,61.0
UNIT_0024,2027-02-04 06:00:00,369.34,3821.97,40.7,10447.0,9067.5,47.76,0,88.0
UNIT_0027,2027-03-21 18:00:00,369.35,3819.56,40.73,10438.2,9063.3,47.76,0,127.0
UNIT_0015,2026-09-10 00:00:00,369.44,3815.63,40.71,10445.2,9058.8,47.76,0,71.0
UNIT_0014,2026-08-15 12:00:00,369.49,3824.11,40.69,10437.4,9061.7,47.76,0,170.0
UNIT_0045,2027-12-23 06:00:00,368.76,3825.49,40.76,10446.4,9070.8,47.76,0,139.0
UNIT_0035,2027-07-31 08:00:00,369.44,3820.32,40.69,10430.6,9067.8,47.76,0,71.0
UNIT_0020,2026-11-29 00:00:00,370.02,3813.56,40.71,10422.6,9062.1,47.76,0,183.0
UNIT_0037,2027-09-02 00:00:00,370.5,3795.01,40.58,10402.8,9029.1,47.77,1,7.0
UNIT_0030,2027-05-12 02:00:00,369.3,3812.8,40.69,10419.8,9055.5,47.76,0,33.0
UNIT_0019,2026-11-17 08:00:00,369.65,3818.32,40.64,10420.4,9049.0,47.76,0,89.0
UNIT_0013,2026-08-12 12:00:00,369.96,3811.7,40.85,10424.2,9101.9,47.76,1,26.0
UNIT_0020,2026-12-02 08:00:00,369.32,3810.18,40.7,10428.2,9054.6,47.76,0,143.0
UNIT_0045,2027-12-28 06:00:00,369.15,3821.97,40.78,10439.0,9073.8,47.76,0,79.0
UNIT_0016,2026-09-19 14:00:00,369.23,3816.04,40.71,10428.6,9056.7,47.76,0,165.0
UNIT_0021,2026-12-20 02:00:00,369.58,3813.01,40.65,10433.8,9050.1,47.76,0,125.0
UNIT_0002,2026-01-19 04:00:00,368.97,3827.69,40.69,10442.2,9058.0,47.76,0,260.0
UNIT_0034,2027-07-06 12:00:00,369.68,3816.73,40.69,10433.6,9060.2,47.76,0,188.0
UNIT_0049,2028-03-11 12:00:00,369.84,3811.42,40.6,10426.6,9046.1,47.76,0,104.0
UNIT_0026,2027-03-16 00:00:00,369.91,3811.63,40.83,10415.8,9089.0,47.76,0,40.0
UNIT_0012,2026-07-31 22:00:00,370.44,3800.87,40.63,10380.2,9055.6,47.77,1,2.0
UNIT_0014,2026-08-28 04:00:00,369.91,3805.15,40.87,10399.4,9104.1,47.76,1,18.0
UNIT_0006,2026-04-14 16:00:00,369.89,3812.66,40.59,10419.2,9043.6,47.76,0,59.0
UNIT_0002,2026-02-05 00:00:00,369.17,3812.8,40.72,10433.2,9071.2,47.76,0,58.0
UNIT_0032,2027-06-03 22:00:00,369.54,3812.18,40.63,10426.2,9053.3,47.76,0,184.0
UNIT_0010,2026-06-21 12:00:00,368.71,3813.35,40.73,10437.2,9061.7,47.76,0,77.0
UNIT_0044,2027-12-09 18:00:00,369.02,3820.59,40.72,10444.0,9067.3,47.76,0,143.0
UNIT_0033,2027-06-21 04:00:00,368.83,3820.32,40.73,10438.6,9063.7,47.76,0,177.0
UNIT_0017,2026-10-13 04:00:00,368.41,3820.8,40.74,10446.8,9059.8,47.76,0,158.0
UNIT_0022,2027-01-11 20:00:00,369.68,3809.22,40.64,10412.4,9042.4,47.76,0,54.0
UNIT_0006,2026-04-08 04:00:00,370.03,3816.8,40.61,10431.4,9044.0,47.76,0,137.0
UNIT_0002,2026-01-22 04:00:00,368.76,3824.04,40.67,10443.0,9061.6,47.76,0,224.0
UNIT_0002,2026-02-04 14:00:00,369.71,3813.97,40.74,10423.2,9070.2,47.76,0,63.0
UNIT_0047,2028-02-04 14:00:00,368.95,3817.42,40.79,10436.4,9080.3,47.76,0,89.0
UNIT_0017,2026-10-17 02:00:00,369.05,3820.32,40.75,10440.2,9071.1,47.76,0,111.0
UNIT_0015,2026-09-12 04:00:00,369.7,3816.94,40.68,10424.8,9065.8,47.76,0,45.0
UNIT_0004,2026-03-05 06:00:00,369.35,3817.15,40.71,10428.0,9064.3,47.76,0,87.0
UNIT_0007,2026-04-26 10:00:00,368.98,3826.04,40.73,10447.2,9072.9,47.76,0,177.0
UNIT_0003,2026-02-24 12:00:00,370.78,3805.42,41.26,10418.2,9185.9,47.76,1,3.0
UNIT_0006,2026-04-11 02:00:00,369.57,3810.46,40.6,10424.6,9041.3,47.76,0,102.0
UNIT_0012,2026-07-21 02:00:00,369.58,3815.63,40.63,10423.6,9048.6,47.76,0,132.0
UNIT_0028,2027-04-10 22:00:00,369.48,3810.53,40.78,10436.8,9068.7,47.76,0,50.0
UNIT_0031,2027-05-15 10:00:00,369.15,3825.9,40.66,10448.8,9054.5,47.76,0,227.0
UNIT_0026,2027-03-18 04:00:00,369.87,3808.6,40.97,10402.2,9129.7,47.76,1,14.0
UNIT_0015,2026-09-12 14:00:00,369.88,3813.91,40.65,10421.2,9055.6,47.76,0,40.0
UNIT_0014,2026-08-24 20:00:00,369.67,3807.49,40.72,10423.6,9076.2,47.76,0,58.0
UNIT_0015,2026-09-05 12:00:00,368.81,3821.97,40.74,10449.6,9058.2,47.76,0,125.0
UNIT_0002,2026-01-28 08:00:00,369.31,3822.59,40.68,10444.2,9057.6,47.76,0,150.0
UNIT_0021,2026-12-22 20:00:00,369.78,3815.35,40.69,10440.8,9056.7,47.76,0,92.0
UNIT_0031,2027-05-15 12:00:00,369.17,3820.25,40.71,10447.4,9067.5,47.76,0,226.0
UNIT_0022,2027-01-02 00:00:00,369.69,3815.08,40.63,10428.2,9037.2,47.76,0,172.0
UNIT_0010,2026-06-21 22:00:00,368.89,3814.66,40.74,10439.2,9062.8,47.76,0,72.0
UNIT_0043,2027-11-23 18:00:00,369.34,3822.52,40.7,10437.8,9058.8,47.76,0,143.0
UNIT_0046,2028-01-22 02:00:00,370.17,3811.49,40.64,10409.4,9063.1,47.76,0,37.0
UNIT_0048,2028-02-17 10:00:00,369.08,3821.77,40.76,10456.6,9071.1,47.76,0,166.0
UNIT_0026,2027-03-07 18:00:00,369.84,3818.73,40.63,10419.6,9049.9,47.76,0,139.0
UNIT_0022,2027-01-05 02:00:00,369.19,3810.8,40.65,10423.2,9050.3,47.76,0,135.0
UNIT_0006,2026-04-17 18:00:00,370.9,3803.7,40.53,10405.8,9045.6,47.77,1,22.0
UNIT_0017,2026-10-09 18:00:00,368.81,3822.94,40.73,10443.6,9064.0,47.76,0,199.0
UNIT_0013,2026-08-08 16:00:00,369.69,3816.18,40.73,10425.2,9068.1,47.76,0,72.0
UNIT_0017,2026-10-05 08:00:00,368.85,3823.9,40.71,10459.4,9060.9,47.76,0,252.0
UNIT_0033,2027-06-21 08:00:00,369.19,3822.94,40.73,10449.6,9054.0,47.76,0,175.0
UNIT_0025,2027-02-23 04:00:00,369.66,3812.25,40.72,10422.6,9059.4,47.76,0,91.0
UNIT_0038,2027-09-03 08:00:00,369.01,3819.9,40.63,10439.2,9042.8,47.76,0,185.0
UNIT_0019,2026-11-13 06:00:00,369.55,3814.18,40.64,10430.4,9045.1,47.76,0,138.0
UNIT_0013,2026-08-10 22:00:00,369.04,3811.22,40.78,10424.6,9077.7,47.76,0,45.0
UNIT_0043,2027-11-22 04:00:00,368.97,3824.32,40.69,10455.6,9050.0,47.76,0,162.0
UNIT_0006,2026-04-17 20:00:00,370.33,3805.77,40.58,10404.6,9039.2,47.76,1,21.0
UNIT_0020,2026-12-12 16:00:00,370.56,3801.56,40.72,10409.6,9069.4,47.76,1,19.0
UNIT_0007,2026-04-24 12:00:00,369.14,3824.73,40.76,10436.2,9070.9,47.76,0,200.0
UNIT_0007,2026-04-30 18:00:00,369.61,3822.04,40.74,10433.4,9077.6,47.76,0,125.0
UNIT_0049,2028-03-13 08:00:00,370.04,3813.42,40.66,10414.4,9042.2,47.76,0,82.0
UNIT_0017,2026-10-14 18:00:00,369.45,3816.46,40.76,10443.2,9070.9,47.76,0,139.0
UNIT_0001,2026-01-05 16:00:00,368.98,3815.7,40.68,10432.4,9050.8,47.76,0,135.0
UNIT_0023,2027-01-19 02:00:00,369.09,3818.52,40.69,10417.4,9046.4,47.76,0,135.0
UNIT_0044,2027-12-08 14:00:00,369.15,3819.97,40.74,10447.2,9065.1,47.76,0,157.0
UNIT_0027,2027-03-24 02:00:00,369.11,3820.87,40.71,10429.0,9066.8,47.76,0,99.0
UNIT_0009,2026-06-03 16:00:00,369.0,3816.73,40.84,10446.8,9082.9,47.76,0,69.0
UNIT_0028,2027-04-05 14:00:00,368.67,3826.59,40.72,10448.6,9067.1,47.76,0,114.0
UNIT_0044,2027-12-16 10:00:00,369.2,3818.87,40.74,10435.0,9067.5,47.76,0,63.0
UNIT_0032,2027-06-06 22:00:00,369.32,3811.97,40.67,10432.8,9053.4,47.76,0,148.0
UNIT_0014,2026-08-29 00:00:00,370.69,3806.25,40.91,10407.6,9124.4,47.76,1,8.0
UNIT_0009,2026-05-26 06:00:00,369.18,3823.08,40.72,10451.6,9067.8,47.76,0,170.0
UNIT_0043,2027-12-01 20:00:00,369.71,3814.18,40.64,10418.4,9054.6,47.76,0,46.0
UNIT_0021,2026-12-14 10:00:00,369.12,3814.32,40.6,10427.8,9043.9,47.76,0,193.0
UNIT_0026,2027-03-10 02:00:00,369.75,3817.28,40.66,10417.8,9046.9,47.76,0,111.0
UNIT_0046,2028-01-20 10:00:00,369.22,3816.39,40.68,10423.8,9066.5,47.76,0,57.0
UNIT_0004,2026-03-03 16:00:00,368.98,3821.42,40.67,10436.4,9057.4,47.76,0,106.0
UNIT_0047,2028-01-26 12:00:00,368.87,3827.69,40.71,10439.2,9066.4,47.76,0,198.0
UNIT_0008,2026-05-16 08:00:00,369.78,3806.73,40.61,10413.2,9048.9,47.76,0,88.0
UNIT_0003,2026-02-13 16:00:00,369.27,3819.7,40.71,10437.6,9067.4,47.76,0,133.0
UNIT_0041,2027-10-29 14:00:00,369.8,3812.8,40.87,10422.4,9096.2,47.76,0,42.0
UNIT_0022,2027-01-04 06:00:00,369.56,3812.66,40.6,10420.8,9050.2,47.76,0,145.0
UNIT_0027,2027-03-29 04:00:00,369.51,3813.22,40.79,10413.0,9083.3,47.76,0,38.0
UNIT_0034,2027-07-12 10:00:00,369.81,3818.39,40.72,10436.4,9064.2,47.76,0,117.0
UNIT_0038,2027-09-08 04:00:00,368.85,3809.77,40.66,10430.2,9051.3,47.76,0,127.0
UNIT_0002,2026-02-06 06:00:00,369.73,3810.6,40.78,10412.0,9072.9,47.76,0,43.0
UNIT_0015,2026-09-04 16:00:00,369.09,3827.28,40.68,10446.4,9056.8,47.76,0,135.0
UNIT_0002,2026-01-26 16:00:00,368.82,3823.83,40.7,10447.8,9056.4,47.76,0,170.0
UNIT_0008,2026-05-11 10:00:00,369.59,3811.35,40.61,10430.4,9045.0,47.76,0,147.0
UNIT_0013,2026-08-08 06:00:00,369.8,3816.94,40.68,10438.8,9057.2,47.76,0,77.0
UNIT_0028,2027-04-12 10:00:00,369.55,3820.25,40.76,10422.6,9080.3,47.76,0,32.0
UNIT_0048,2028-02-29 18:00:00,370.13,3814.25,41.15,10426.6,9167.0,47.76,1,18.0
UNIT_0002,2026-02-03 10:00:00,369.73,3816.25,40.71,10435.4,9064.7,47.76,0,77.0
UNIT_0019,2026-11-15 20:00:00,369.36,3816.53,40.63,10428.6,9049.7,47.76,0,107.0
UNIT_0005,2026-03-15 10:00:00,369.01,3817.35,40.72,10449.0,9070.4,47.76,0,234.0
UNIT_0020,2026-11-30 02:00:00,369.41,3811.77,40.69,10427.6,9057.5,47.76,0,170.0
UNIT_0036,2027-08-17 04:00:00,369.48,3810.6,40.68,10412.2,9060.9,47.76,1,27.0
UNIT_0016,2026-09-30 02:00:00,369.93,3808.32,40.68,10412.2,9052.5,47.77,0,39.0
UNIT_0043,2027-12-02 12:00:00,370.18,3809.84,40.64,10416.8,9055.0,47.76,0,38.0
UNIT_0025,2027-02-22 10:00:00,369.64,3812.6,40.67,10417.0,9061.6,47.76,0,100.0
UNIT_0029,2027-04-24 00:00:00,369.32,3810.8,40.69,10435.2,9054.9,47.76,0,56.0
UNIT_0028,2027-04-08 20:00:00,369.36,3821.14,40.75,10446.0,9071.8,47.76,0,75.0
UNIT_0002,2026-01-25 00:00:00,368.89,3822.59,40.68,10444.4,9056.3,47.76,0,190.0
UNIT_0028,2027-04-09 16:00:00,369.14,3813.97,40.71,10442.0,9070.5,47.76,0,65.0
UNIT_0043,2027-11-25 16:00:00,369.05,3820.87,40.69,10438.0,9055.9,47.76,0,120.0
UNIT_0013,2026-08-07 14:00:00,370.19,3816.87,40.66,10414.0,9056.2,47.76,0,85.0
UNIT_0046,2028-01-09 06:00:00,369.26,3819.49,40.71,10451.2,9060.5,47.76,0,191.0
UNIT_0002,2026-02-09 16:00:00,370.52,3797.98,40.82,10398.2,9098.7,47.76,1,2.0
UNIT_0044,2027-12-17 22:00:00,369.75,3815.42,40.75,10433.6,9066.4,47.76,0,45.0
UNIT_0050,2028-03-20 10:00:00,369.4,3821.49,40.72,10448.0,9071.2,47.76,0,195.0
UNIT_0033,2027-06-28 12:00:00,369.69,3817.28,40.71,10446.0,9060.4,47.76,0,89.0
UNIT_0016,2026-09-17 06:00:00,369.77,3812.39,40.71,10423.8,9058.7,47.76,0,193.0
UNIT_0048,2028-02-29 04:00:00,369.52,3812.66,41.09,10424.6,9146.5,47.76,1,25.0
UNIT_0004,2026-03-03 10:00:00,369.83,3824.25,40.68,10435.6,9059.2,47.76,0,109.0
UNIT_0016,2026-09-19 02:00:00,369.18,3815.49,40.68,10426.0,9053.7,47.76,0,171.0
UNIT_0042,2027-11-02 14:00:00,369.11,3820.11,40.72,10450.4,9063.5,47.76,0,190.0
UNIT_0033,2027-06-30 22:00:00,369.63,3817.42,40.72,10431.2,9064.7,47.76,0,60.0
UNIT_0027,2027-03-27 14:00:00,369.5,3814.87,40.78,10421.0,9077.6,47.76,0,57.0
UNIT_0028,2027-04-09 14:00:00,369.54,3819.01,40.71,10435.0,9060.5,47.76,0,66.0
UNIT_0027,2027-03-21 00:00:00,369.51,3818.87,40.7,10432.2,9064.4,47.76,0,136.0
UNIT_0034,2027-07-14 20:00:00,369.6,3817.56,40.74,10426.6,9065.2,47.76,0,88.0
UNIT_0026,2027-03-03 12:00:00,369.23,3820.73,40.61,10423.4,9038.5,47.76,0,190.0
UNIT_0023,2027-01-20 22:00:00,370.01,3813.35,40.66,10413.4,9051.5,47.76,0,113.0
UNIT_0018,2026-11-04 10:00:00,369.12,3821.28,40.77,10449.6,9077.1,47.76,0,86.0
UNIT_0040,2027-10-06 00:00:00,369.67,3820.87,40.68,10425.2,9061.3,47.76,0,109.0
UNIT_0009,2026-06-03 06:00:00,369.21,3820.39,40.8,10446.0,9084.5,47.76,0,74.0
UNIT_0010,2026-06-16 06:00:00,369.04,3822.8,40.71,10444.6,9054.6,47.76,0,140.0
UNIT_0012,2026-07-19 22:00:00,369.59,3817.28,40.63,10427.6,9054.2,47.76,0,146.0
UNIT_0033,2027-06-27 12:00:00,369.09,3824.73,40.75,10436.6,9063.4,47.76,0,101.0
UNIT_0048,2028-02-19 16:00:00,368.96,3820.32,40.75,10444.0,9067.3,47.76,0,139.0
UNIT_0020,2026-12-10 06:00:00,369.96,3805.42,40.71,10418.8,9067.2,47.76,0,48.0
UNIT_0030,2027-05-07 04:00:00,369.42,3821.7,40.72,10451.6,9058.8,47.76,0,92.0
UNIT_0004,2026-03-08 16:00:00,369.59,3813.35,40.85,10419.6,9090.7,47.76,0,46.0
UNIT_0043,2027-12-03 22:00:00,370.23,3807.77,40.63,10397.6,9040.6,47.77,1,21.0
UNIT_0040,2027-10-03 00:00:00,369.48,3812.6,40.67,10416.4,9050.7,47.76,0,145.0
UNIT_0007,2026-04-28 02:00:00,369.63,3824.39,40.75,10448.0,9071.6,47.76,0,157.0
UNIT_0027,2027-03-29 14:00:00,369.86,3812.8,40.8,10408.8,9085.1,47.76,0,33.0
UNIT_0001,2026-01-06 18:00:00,369.07,3819.77,40.65,10438.6,9053.4,47.76,0,122.0
UNIT_0049,2028-03-06 06:00:00,369.17,3813.97,40.64,10432.4,9042.1,47.76,0,167.0
UNIT_0014,2026-08-18 22:00:00,369.68,3819.28,40.7,10425.6,9060.9,47.76,0,129.0
UNIT_0043,2027-11-23 04:00:00,368.86,3822.04,40.68,10453.2,9055.6,47.76,0,150.0
UNIT_0008,2026-05-13 04:00:00,369.77,3811.77,40.62,10432.6,9048.2,47.76,0,126.0
UNIT_0034,2027-07-10 12:00:00,369.47,3816.18,40.7,10433.4,9053.9,47.76,0,140.0
UNIT_0041,2027-10-30 20:00:00,370.47,3813.22,40.95,10416.0,9116.9,47.76,1,27.0
UNIT_0005,2026-03-31 12:00:00,369.58,3814.59,40.87,10412.8,9097.1,47.76,0,41.0
UNIT_0015,2026-09-13 06:00:00,369.92,3808.32,40.65,10401.2,9052.0,47.76,0,32.0
UNIT_0033,2027-06-25 14:00:00,368.76,3821.83,40.71,10445.8,9067.5,47.76,0,124.0
UNIT_0023,2027-01-28 02:00:00,370.05,3805.56,40.66,10410.0,9055.9,47.76,1,27.0
UNIT_0047,2028-01-26 18:00:00,369.05,3821.35,40.72,10456.4,9067.0,47.76,0,195.0
UNIT_0013,2026-08-05 22:00:00,369.22,3813.15,40.68,10429.4,9050.0,47.76,0,105.0
UNIT_0040,2027-10-07 20:00:00,369.77,3813.08,40.7,10424.8,9062.7,47.76,0,87.0
UNIT_0008,2026-05-12 14:00:00,369.46,3816.11,40.64,10425.0,9038.3,47.76,0,133.0
UNIT_0025,2027-02-26 12:00:00,369.93,3809.84,40.74,10429.2,9081.6,47.76,0,51.0
UNIT_0029,2027-04-25 10:00:00,369.86,3806.05,40.67,10419.0,9057.5,47.76,0,39.0
UNIT_0017,2026-10-23 16:00:00,369.9,3811.7,40.96,10424.8,9130.6,47.76,0,32.0
UNIT_0002,2026-02-04 02:00:00,369.76,3813.42,40.73,10434.0,9070.1,47.76,0,69.0
UNIT_0020,2026-12-08 10:00:00,370.02,3816.18,40.7,10410.4,9058.7,47.76,0,70.0
UNIT_0033,2027-06-23 10:00:00,368.87,3819.21,40.73,10447.0,9063.8,47.76,0,150.0
UNIT_0028,2027-04-12 18:00:00,368.88,3808.67,40.75,10432.4,9082.0,47.76,1,28.0
UNIT_0026,2027-03-12 22:00:00,369.65,3817.49,40.72,10425.6,9061.0,47.76,0,77.0
UNIT_0019,2026-11-11 18:00:00,369.67,3813.15,40.62,10426.2,9040.0,47.76,0,156.0
UNIT_0014,2026-08-16 04:00:00,369.51,3820.25,40.7,10431.2,9048.9,47.76,0,162.0
UNIT_0002,2026-02-09 18:00:00,370.29,3803.22,40.85,10390.2,9102.0,47.76,1,1.0
UNIT_0007,2026-04-21 18:00:00,368.72,3825.76,40.73,10454.0,9071.6,47.76,0,233.0
UNIT_0020,2026-12-03 06:00:00,369.79,3813.97,40.71,10421.6,9058.9,47.76,0,132.0
UNIT_0049,2028-03-14 12:00:00,369.91,3810.39,40.66,10422.0,9047.7,47.76,0,68.0
UNIT_0009,2026-05-29 02:00:00,369.49,3822.18,40.74,10452.6,9070.6,47.76,0,136.0
UNIT_0031,2027-05-24 00:00:00,368.84,3822.66,40.69,10438.8,9060.8,47.76,0,124.0
UNIT_0004,2026-03-04 14:00:00,369.35,3818.04,40.69,10436.4,9056.2,47.76,0,95.0
UNIT_0029,2027-04-28 16:00:00,370.83,3803.43,40.61,10395.0,9042.7,47.76,1,0.0
UNIT_0020,2026-12-05 08:00:00,369.77,3815.7,40.71,10421.4,9059.4,47.76,0,107.0
UNIT_0046,2028-01-24 10:00:00,370.05,3807.7,40.63,10399.2,9049.9,47.77,1,9.0
UNIT_0031,2027-05-18 12:00:00,369.12,3822.18,40.67,10441.8,9051.2,47.76,0,190.0
UNIT_0030,2027-05-07 12:00:00,369.29,3820.94,40.7,10433.2,9061.9,47.76,0,88.0
UNIT_0048,2028-02-18 04:00:00,368.88,3819.97,40.76,10449.0,9073.8,47.76,0,157.0
UNIT_0047,2028-02-03 08:00:00,369.31,3823.01,40.76,10440.8,9070.6,47.76,0,104.0
UNIT_0051,2028-04-13 00:00:00,369.02,3821.9,40.78,10447.2,9074.8,47.76,0,125.0
UNIT_0026,2027-03-06 06:00:00,369.04,3818.59,40.65,10440.6,9045.9,47.76,0,157.0
UNIT_0002,2026-02-09 00:00:00,370.76,3809.01,40.86,10398.6,9092.9,47.76,1,10.0
UNIT_0007,2026-05-09 18:00:00,370.3,3803.36,40.75,10406.0,9069.5,47.76,1,17.0
UNIT_0032,2027-06-10 22:00:00,369.62,3809.42,40.69,10419.0,9056.4,47.76,0,100.0
UNIT_0013,2026-08-12 14:00:00,369.78,3811.56,40.87,10419.0,9099.0,47.76,1,25.0
UNIT_0046,2028-01-18 04:00:00,369.65,3815.97,40.68,10419.2,9063.8,47.76,0,84.0
UNIT_0031,2027-05-31 02:00:00,369.71,3815.56,40.67,10412.8,9058.0,47.76,0,39.0
UNIT_0005,2026-03-27 10:00:00,369.51,3819.15,40.82,10434.4,9083.4,47.76,0,90.0
UNIT_0026,2027-03-03 00:00:00,369.48,3814.94,40.62,10432.8,9042.2,47.76,0,196.0
UNIT_0044,2027-12-15 12:00:00,369.03,3820.73,40.74,10432.4,9079.0,47.76,0,74.0
UNIT_0027,2027-03-24 08:00:00,369.63,3812.94,40.74,10430.6,9070.0,47.76,0,96.0
UNIT_0011,2026-07-16 04:00:00,369.76,3808.8,40.91,10408.6,9115.1,47.76,1,21.0
UNIT_0037,2027-08-30 12:00:00,370.06,3809.15,40.61,10413.8,9045.7,47.76,0,37.0
UNIT_0018,2026-10-28 04:00:00,368.83,3820.66,40.69,10450.6,9054.8,47.76,0,173.0
UNIT_0004,2026-03-06 10:00:00,369.42,3813.49,40.72,10435.0,9064.0,47.76,0,73.0
UNIT_0034,2027-07-19 10:00:00,369.99,3812.18,40.9,10410.6,9111.0,47.76,0,33.0
UNIT_0046,2028-01-05 02:00:00,369.38,3822.04,40.71,10450.6,9061.9,47.76,0,241.0
UNIT_0017,2026-10-09 20:00:00,369.39,3827.69,40.72,10445.8,9070.9,47.76,0,198.0
UNIT_0003,2026-02-23 10:00:00,369.85,3813.56,41.05,10426.8,9142.8,47.76,1,16.0
UNIT_0021,2026-12-19 18:00:00,369.3,3819.9,40.67,10434.0,9051.4,47.76,0,129.0
UNIT_0019,2026-11-14 22:00:00,369.74,3812.39,40.61,10433.4,9040.5,47.76,0,118.0
UNIT_0020,2026-12-09 00:00:00,369.91,3809.22,40.72,10396.4,9062.2,47.76,0,63.0
UNIT_0051,2028-04-07 02:00:00,368.96,3824.94,40.76,10439.2,9068.1,47.76,0,196.0
UNIT_0005,2026-04-03 08:00:00,370.41,3809.29,41.03,10399.0,9134.0,47.76,1,7.0
UNIT_0017,2026-10-21 22:00:00,369.64,3819.35,40.89,10424.8,9102.6,47.76,0,53.0
UNIT_0017,2026-10-19 06:00:00,369.48,3820.59,40.83,10423.4,9088.7,47.76,0,85.0
UNIT_0007,2026-04-29 08:00:00,369.36,3820.39,40.76,10444.6,9065.9,47.76,0,142.0
UNIT_0035,2027-07-31 22:00:00,369.86,3813.01,40.72,10424.4,9073.0,47.76,0,64.0
UNIT_0019,2026-11-20 10:00:00,369.71,3811.77,40.64,10409.2,9042.5,47.76,0,52.0
UNIT_0043,2027-11-28 02:00:00,369.32,3818.18,40.68,10448.6,9051.8,47.76,0,91.0
UNIT_0032,2027-06-05 10:00:00,369.75,3816.39,40.67,10427.4,9052.0,47.76,0,166.0
UNIT_0025,2027-02-16 12:00:00,369.33,3820.18,40.65,10428.4,9043.9,47.76,0,171.0
UNIT_0034,2027-07-21 12:00:00,370.76,3809.29,41.02,10397.0,9144.1,47.76,1,8.0
UNIT_0040,2027-10-14 00:00:00,370.48,3804.67,40.9,10410.6,9111.1,47.76,1,13.0
UNIT_0008,2026-05-21 00:00:00,369.79,3806.87,40.62,10413.6,9047.8,47.76,0,32.0
UNIT_0034,2027-07-14 14:00:00,369.48,3812.25,40.71,10427.6,9065.8,47.76,0,91.0
UNIT_0003,2026-02-22 18:00:00,369.68,3816.04,40.97,10425.6,9130.5,47.76,1,24.0
UNIT_0013,2026-08-03 02:00:00,369.8,3817.97,40.67,10437.8,9051.4,47.76,0,139.0
UNIT_0038,2027-09-06 06:00:00,369.57,3818.11,40.65,10430.6,9043.1,47.76,0,150.0
UNIT_0011,2026-06-30 12:00:00,369.07,3817.56,40.72,10444.0,9050.3,47.76,0,209.0
UNIT_0042,2027-11-12 18:00:00,369.99,3813.22,40.71,10441.0,9061.0,47.76,0,68.0
UNIT_0046,2028-01-08 02:00:00,369.37,3827.49,40.7,10443.0,9061.2,47.76,0,205.0
UNIT_0014,2026-08-24 10:00:00,369.5,3810.04,40.71,10424.8,9066.0,47.76,0,63.0
UNIT_0020,2026-12-07 14:00:00,369.23,3812.39,40.73,10420.6,9063.0,47.76,0,80.0
UNIT_0032,2027-06-05 06:00:00,369.55,3812.73,40.65,10432.2,9054.4,47.76,0,168.0
UNIT_0043,2027-11-29 00:00:00,369.65,3814.25,40.67,10428.0,9058.9,47.76,0,80.0
UNIT_0020,2026-11-25 10:00:00,369.51,3815.77,40.66,10421.8,9051.2,47.76,0,226.0
UNIT_0047,2028-02-04 22:00:00,369.2,3815.35,40.8,10431.0,9076.9,47.76,0,85.0
UNIT_0042,2027-11-04 22:00:00,369.18,3820.59,40.74,10439.0,9059.3,47.76,0,162.0
UNIT_0047,2028-02-06 06:00:00,369.5,3811.91,40.78,10436.4,9066.2,47.76,0,69.0
UNIT_0020,2026-12-11 00:00:00,370.02,3812.04,40.72,10418.2,9063.7,47.76,0,39.0
UNIT_0006,2026-04-08 16:00:00,369.25,3815.9,40.59,10422.0,9036.8,47.76,0,131.0
UNIT_0045,2027-12-24 08:00:00,369.68,3826.66,40.74,10441.8,9080.3,47.76,0,126.0
UNIT_0021,2026-12-18 20:00:00,369.37,3823.42,40.64,10442.4,9050.0,47.76,0,140.0
UNIT_0024,2027-02-07 20:00:00,369.82,3814.46,40.66,10433.6,9063.3,47.76,0,45.0
UNIT_0013,2026-08-03 16:00:00,369.15,3818.94,40.69,10437.0,9058.4,47.76,0,132.0
UNIT_0010,2026-06-15 18:00:00,368.84,3820.39,40.68,10444.6,9059.4,47.76,0,146.0
UNIT_0035,2027-08-05 02:00:00,370.43,3803.7,40.81,10399.0,9085.7,47.76,1,14.0
UNIT_0030,2027-05-02 08:00:00,369.1,3823.01,40.73,10457.2,9059.6,47.76,0,150.0
UNIT_0022,2027-01-13 16:00:00,370.07,3803.98,40.65,10400.8,9054.2,47.76,0,32.0
UNIT_0016,2026-09-25 10:00:00,370.12,3812.32,40.69,10422.2,9056.3,47.76,0,95.0
UNIT_0019,2026-11-18 06:00:00,369.52,3814.53,40.63,10416.2,9047.2,47.76,0,78.0
UNIT_0013,2026-08-08 00:00:00,369.32,3814.25,40.72,10420.4,9062.2,47.76,0,80.0
UNIT_0040,2027-10-13 06:00:00,370.44,3804.67,40.86,10405.6,9100.8,47.76,1,22.0
UNIT_0007,2026-04-28 12:00:00,369.01,3820.73,40.76,10444.8,9072.7,47.76,0,152.0
UNIT_0043,2027-11-20 02:00:00,369.45,3824.18,40.68,10446.6,9059.4,47.76,0,187.0
UNIT_0038,2027-09-08 12:00:00,369.75,3817.9,40.65,10430.4,9046.2,47.76,0,123.0
UNIT_0021,2026-12-25 14:00:00,369.46,3812.73,40.74,10428.6,9066.2,47.76,0,59.0
UNIT_0034,2027-07-17 12:00:00,369.62,3811.84,40.79,10411.4,9078.6,47.76,0,56.0
UNIT_0033,2027-07-01 06:00:00,369.7,3816.66,40.69,10424.8,9061.5,47.76,0,56.0
UNIT_0004,2026-03-09 22:00:00,369.85,3813.56,40.92,10419.0,9114.8,47.76,0,31.0
UNIT_0012,2026-07-20 08:00:00,369.64,3814.25,40.63,10425.8,9047.4,47.76,0,141.0
UNIT_0027,2027-03-26 18:00:00,369.45,3815.77,40.73,10418.4,9075.0,47.76,0,67.0
UNIT_0051,2028-04-09 16:00:00,368.79,3820.46,40.73,10442.2,9068.3,47.76,0,165.0
UNIT_0010,2026-06-27 14:00:00,370.55,3802.12,40.87,10404.6,9108.3,47.76,1,4.0
UNIT_0009,2026-05-30 18:00:00,368.8,3818.94,40.77,10454.6,9072.1,47.76,0,116.0
UNIT_0015,2026-09-15 12:00:00,370.45,3802.18,40.63,10392.8,9047.8,47.76,1,5.0
UNIT_0021,2026-12-15 16:00:00,369.27,3822.87,40.64,10426.8,9048.3,47.76,0,178.0
UNIT_0022,2027-01-16 08:00:00,370.49,3799.15,40.65,10386.2,9053.4,47.77,1,0.0
UNIT_0025,2027-02-24 04:00:00,369.18,3811.22,40.71,10425.2,9059.3,47.76,0,79.0
UNIT_0042,2027-11-02 16:00:00,369.15,3825.28,40.72,10442.8,9062.4,47.76,0,189.0
UNIT_0001,2026-01-11 04:00:00,370.24,3810.32,40.65,10432.0,9049.4,47.76,0,69.0
UNIT_0001,2026-01-15 22:00:00,370.43,3812.18,40.61,10396.8,9039.3,47.76,1,12.0
UNIT_0047,2028-02-10 20:00:00,369.93,3802.67,40.86,10399.8,9094.8,47.76,1,14.0
UNIT_0042,2027-11-06 14:00:00,369.07,3818.66,40.71,10446.2,9056.4,47.76,0,142.0
UNIT_0033,2027-06-20 18:00:00,369.11,3828.45,40.73,10465.4,9062.8,47.76,0,182.0
UNIT_0050,2028-03-22 10:00:00,369.31,3819.56,40.74,10433.4,9069.0,47.76,0,171.0
UNIT_0025,2027-02-21 00:00:00,369.09,3811.49,40.66,10418.8,9053.7,47.76,0,117.0
UNIT_0006,2026-04-07 10:00:00,368.67,3814.39,40.59,10430.0,9039.6,47.76,0,146.0
UNIT_0046,2028-01-21 06:00:00,370.62,3814.11,40.7,10421.2,9047.9,47.76,0,47.0
UNIT_0007,2026-05-08 16:00:00,370.38,3809.91,40.74,10408.6,9073.5,47.76,1,30.0
UNIT_0046,2028-01-20 08:00:00,370.14,3814.66,40.67,10430.8,9056.1,47.76,0,58.0
UNIT_0041,2027-10-17 22:00:00,368.89,3823.7,40.73,10441.4,9055.7,47.76,0,182.0
UNIT_0047,2028-01-30 04:00:00,368.63,3823.28,40.74,10441.0,9065.7,47.76,0,154.0
UNIT_0007,2026-05-08 22:00:00,370.33,3808.8,40.76,10409.0,9076.2,47.76,1,27.0
UNIT_0047,2028-02-11 14:00:00,370.07,3802.25,40.87,10410.0,9109.4,47.76,1,5.0
UNIT_0028,2027-04-05 18:00:00,368.81,3820.8,40.72,10453.6,9066.6,47.76,0,112.0
UNIT_0013,2026-08-06 02:00:00,369.36,3817.9,40.72,10432.8,9063.6,47.76,0,103.0
UNIT_0031,2027-05-26 14:00:00,369.43,3819.35,40.7,10450.0,9053.6,47.76,0,93.0
UNIT_0047,2028-02-01 18:00:00,368.91,3826.04,40.74,10444.6,9072.8,47.76,0,123.0
UNIT_0038,2027-09-14 12:00:00,369.35,3806.05,40.75,10425.8,9071.4,47.76,0,51.0
UNIT_0011,2026-07-01 10:00:00,368.26,3819.42,40.7,10436.2,9058.2,47.76,0,198.0
UNIT_0041,2027-10-28 20:00:00,369.49,3814.87,40.81,10419.6,9092.0,47.76,0,51.0
UNIT_0011,2026-07-15 22:00:00,369.95,3805.98,40.95,10415.8,9107.0,47.76,1,24.0
UNIT_0047,2028-02-04 18:00:00,369.18,3824.45,40.76,10444.6,9065.4,47.76,0,87.0
UNIT_0017,2026-10-19 20:00:00,369.2,3820.18,40.82,10435.4,9088.2,47.76,0,78.0
UNIT_0010,2026-06-27 20:00:00,370.94,3804.32,40.92,10384.4,9110.4,47.76,1,1.0
UNIT_0007,2026-05-04 08:00:00,369.69,3816.94,40.75,10433.2,9071.2,47.76,0,82.0
UNIT_0014,2026-08-21 18:00:00,369.85,3813.08,40.71,10427.0,9063.7,47.76,0,95.0
UNIT_0024,2027-02-08 14:00:00,369.78,3809.77,40.68,10422.0,9054.0,47.76,0,36.0
UNIT_0050,2028-03-26 00:00:00,369.31,3826.18,40.72,10433.4,9066.8,47.76,0,128.0
UNIT_0051,2028-04-07 20:00:00,368.82,3821.7,40.76,10443.6,9069.8,47.76,0,187.0
UNIT_0024,2027-02-01 20:00:00,369.45,3816.53,40.69,10443.4,9052.2,47.76,0,117.0
UNIT_0037,2027-08-23 06:00:00,369.62,3819.28,40.64,10442.2,9045.5,47.76,0,124.0
UNIT_0031,2027-05-19 10:00:00,369.12,3816.87,40.67,10440.8,9051.7,47.76,0,179.0
UNIT_0049,2028-03-14 00:00:00,369.8,3810.94,40.65,10431.4,9048.9,47.76,0,74.0
UNIT_0017,2026-10-15 02:00:00,369.07,3820.66,40.76,10438.0,9071.9,47.76,0,135.0
UNIT_0042,2027-11-11 02:00:00,369.42,3816.39,40.72,10432.6,9065.5,47.76,0,88.0
UNIT_0040,2027-10-10 02:00:00,370.32,3809.84,40.77,10409.8,9075.7,47.76,0,60.0
UNIT_0018,2026-10-29 16:00:00,369.24,3822.04,40.73,10451.2,9052.8,47.76,0,155.0
UNIT_0010,2026-06-12 16:00:00,369.63,3824.94,40.66,10454.8,9051.1,47.76,0,183.0
UNIT_0003,2026-02-16 06:00:00,369.83,3820.25,40.72,10450.4,9069.8,47.76,0,102.0
UNIT_0021,2026-12-22 08:00:00,369.29,3812.25,40.68,10423.2,9058.8,47.76,0,98.0
UNIT_0006,2026-04-07 22:00:00,369.49,3812.73,40.62,10424.2,9043.9,47.76,0,140.0
UNIT_0008,2026-05-13 00:00:00,369.53,3814.18,40.63,10430.2,9050.3,47.76,0,128.0
UNIT_0031,2027-05-28 14:00:00,369.11,3814.11,40.7,10428.2,9057.0,47.76,0,69.0
UNIT_0050,2028-03-21 00:00:00,369.18,3823.7,40.71,10428.6,9061.4,47.76,0,188.0
UNIT_0030,2027-05-02 10:00:00,369.48,3823.01,40.71,10447.2,9059.3,47.76,0,149.0
UNIT_0026,2027-03-15 10:00:00,369.89,3809.63,40.77,10407.8,9083.3,47.76,0,47.0
UNIT_0026,2027-03-13 14:00:00,369.72,3811.63,40.72,10412.0,9067.2,47.76,0,69.0
UNIT_0041,2027-10-22 10:00:00,369.19,3821.7,40.72,10443.0,9073.0,47.76,0,128.0
UNIT_0047,2028-02-03 12:00:00,368.91,3816.94,40.75,10436.2,9069.0,47.76,0,102.0
UNIT_0008,2026-05-14 04:00:00,369.9,3814.66,40.62,10427.4,9044.0,47.76,0,114.0
UNIT_0037,2027-08-22 12:00:00,369.79,3818.66,40.62,10430.6,9049.0,47.76,0,133.0
UNIT_0002,2026-01-26 00:00:00,368.97,3817.77,40.73,10440.0,9053.2,47.76,0,178.0
UNIT_0049,2028-03-16 00:00:00,369.84,3811.01,40.64,10421.6,9049.8,47.76,0,50.0
UNIT_0035,2027-08-02 22:00:00,369.8,3811.15,40.73,10414.8,9069.8,47.76,0,40.0
UNIT_0019,2026-11-13 04:00:00,369.3,3813.49,40.64,10412.0,9046.5,47.76,0,139.0
UNIT_0023,2027-01-17 00:00:00,369.27,3816.59,40.65,10437.6,9051.9,47.76,0,160.0
UNIT_0021,2026-12-28 06:00:00,370.3,3804.87,40.85,10412.0,9102.4,47.76,1,27.0
UNIT_0014,2026-08-27 04:00:00,369.78,3807.91,40.8,10409.0,9091.2,47.76,1,30.0
UNIT_0029,2027-04-20 12:00:00,369.6,3820.04,40.71,10435.6,9054.4,47.76,0,98.0
UNIT_0016,2026-09-19 20:00:00,369.47,3810.6,40.68,10422.4,9064.0,47.76,0,162.0
UNIT_0007,2026-04-24 06:00:00,369.38,3824.25,40.72,10449.0,9064.3,47.76,0,203.0
UNIT_0022,2027-01-13 18:00:00,370.61,3804.74,40.61,10397.0,9051.0,47.76,0,31.0
UNIT_0050,2028-03-23 10:00:00,369.06,3821.83,40.7,10439.2,9065.6,47.76,0,159.0
UNIT_0029,2027-04-19 22:00:00,369.41,3821.08,40.7,10437.4,9060.9,47.76,0,105.0
UNIT_0003,2026-02-10 12:00:00,369.08,3820.46,40.71,10437.4,9059.6,47.76,0,171.0
UNIT_0041,2027-10-16 00:00:00,368.93,3820.59,40.75,10446.8,9058.4,47.76,0,205.0
UNIT_0049,2028-03-07 04:00:00,369.28,3815.42,40.62,10440.0,9046.7,47.76,0,156.0
UNIT_0030,2027-05-07 16:00:00,369.11,3820.25,40.68,10442.4,9062.6,47.76,0,86.0
UNIT_0042,2027-11-08 08:00:00,369.62,3816.53,40.7,10441.2,9062.9,47.76,0,121.0
UNIT_0038,2027-09-06 12:00:00,369.49,3813.84,40.66,10427.4,9045.2,47.76,0,147.0
UNIT_0006,2026-04-07 00:00:00,369.32,3813.35,40.58,10425.4,9048.3,47.76,0,151.0
UNIT_0027,2027-03-25 12:00:00,369.28,3822.59,40.74,10436.6,9065.3,47.76,0,82.0
UNIT_0050,2028-03-22 18:00:00,369.31,3819.56,40.71,10429.8,9062.5,47.76,0,167.0
UNIT_0027,2027-03-29 00:00:00,369.88,3817.97,40.81,10431.0,9087.0,47.76,0,40.0
UNIT_0046,2028-01-04 22:00:00,368.81,3824.25,40.7,10452.6,9057.0,47.76,0,243.0
UNIT_0026,2027-03-09 04:00:00,369.7,3817.63,40.65,10434.8,9050.2,47.76,0,122.0
UNIT_0043,2027-12-02 18:00:00,369.74,3811.35,40.6,10413.2,9047.6,47.76,0,35.0
UNIT_0031,2027-05-31 18:00:00,369.93,3805.98,40.66,10410.6,9054.1,47.76,0,31.0
UNIT_0049,2028-03-19 12:00:00,370.57,3800.39,40.66,10388.2,9063.4,47.77,1,8.0
UNIT_0043,2027-11-21 02:00:00,368.92,3822.8,40.72,10441.2,9057.4,47.76,0,175.0
UNIT_0027,2027-03-19 20:00:00,369.15,3824.18,40.73,10435.0,9059.9,47.76,0,150.0
UNIT_0050,2028-04-05 06:00:00,370.8,3802.74,40.96,10401.2,9124.4,47.76,1,5.0
UNIT_0004,2026-02-25 10:00:00,368.82,3819.21,40.67,10435.4,9048.8,47.76,0,181.0
UNIT_0017,2026-10-07 10:00:00,368.59,3820.18,40.73,10448.2,9056.9,47.76,0,227.0
UNIT_0046,2028-01-08 14:00:00,368.24,3825.97,40.72,10453.0,9064.0,47.76,0,199.0
UNIT_0042,2027-11-03 18:00:00,369.33,3820.46,40.74,10448.4,9064.6,47.76,0,176.0
UNIT_0003,2026-02-23 12:00:00,369.94,3811.49,41.04,10415.6,9143.6,47.76,1,15.0
UNIT_0047,2028-02-10 04:00:00,370.08,3807.98,40.86,10402.2,9084.5,47.76,1,22.0
UNIT_0001,2026-01-15 16:00:00,370.64,3805.42,40.6,10404.8,9046.2,47.76,1,15.0
UNIT_0033,2027-06-20 22:00:00,368.9,3821.83,40.72,10451.0,9066.5,47.76,0,180.0
UNIT_0051,2028-04-05 20:00:00,368.94,3817.9,40.73,10442.6,9061.0,47.76,0,211.0
UNIT_0017,2026-10-14 12:00:00,369.7,3821.08,40.77,10442.4,9072.5,47.76,0,142.0
UNIT_0004,2026-03-07 12:00:00,369.15,3818.87,40.77,10426.2,9068.1,47.76,0,60.0
UNIT_0032,2027-06-17 14:00:00,370.14,3804.53,40.72,10404.2,9074.7,47.76,1,20.0
UNIT_0047,2028-01-26 10:00:00,368.96,3815.97,40.72,10449.4,9062.5,47.76,0,199.0
UNIT_0051,2028-04-07 06:00:00,368.39,3824.45,40.69,10445.4,9064.8,47.76,0,194.0
UNIT_0016,2026-09-24 20:00:00,370.03,3812.46,40.68,10440.6,9057.0,47.76,0,102.0
UNIT_0024,2027-02-05 06:00:00,369.67,3820.94,40.74,10434.4,9067.7,47.76,0,76.0
UNIT_0041,2027-10-15 22:00:00,368.78,3825.76,40.71,10451.0,9064.8,47.76,0,206.0
UNIT_0041,2027-10-24 16:00:00,369.57,3822.18,40.76,10439.2,9079.6,47.76,0,101.0
UNIT_0001,2026-01-08 14:00:00,369.74,3818.39,40.66,10438.2,9048.4,47.76,0,100.0
UNIT_0029,2027-04-26 04:00:00,370.63,3808.04,40.67,10413.2,9053.1,47.76,1,30.0
UNIT_0046,2028-01-23 06:00:00,369.9,3804.87,40.62,10403.0,9053.5,47.76,1,23.0
UNIT_0049,2028-03-03 00:00:00,369.39,3815.77,40.65,10426.0,9048.2,47.76,0,206.0
UNIT_0042,2027-11-18 10:00:00,370.19,3799.29,40.67,10393.6,9066.9,47.77,1,0.0
UNIT_0010,2026-06-14 06:00:00,369.0,3821.77,40.68,10433.2,9062.3,47.76,0,164.0
UNIT_0015,2026-08-31 02:00:00,368.66,3827.69,40.72,10444.2,9057.4,47.76,0,190.0
UNIT_0003,2026-02-14 04:00:00,369.14,3822.39,40.71,10454.6,9061.2,47.76,0,127.0
UNIT_0018,2026-10-30 22:00:00,369.14,3820.94,40.73,10445.6,9066.4,47.76,0,140.0
UNIT_0005,2026-03-25 00:00:00,368.71,3818.39,40.77,10440.4,9082.2,47.76,0,119.0
UNIT_0030,2027-05-03 16:00:00,368.85,3823.7,40.71,10452.4,9064.7,47.76,0,134.0
UNIT_0021,2026-12-19 04:00:00,369.6,3819.28,40.65,10443.8,9049.8,47.76,0,136.0
UNIT_0028,2027-04-14 00:00:00,370.45,3808.11,40.78,10410.8,9080.0,47.76,1,13.0
UNIT_0011,2026-07-12 16:00:00,369.67,3815.15,40.78,10436.4,9081.2,47.76,0,63.0
UNIT_0011,2026-06-29 12:00:00,369.64,3825.14,40.7,10455.2,9053.3,47.76,0,221.0
UNIT_0027,2027-03-20 02:00:00,369.44,3817.9,40.72,10425.8,9068.2,47.76,0,147.0
UNIT_0007,2026-04-29 22:00:00,369.1,3814.39,40.75,10432.6,9072.9,47.76,0,135.0
UNIT_0044,2027-12-21 04:00:00,370.04,3802.39,40.77,10400.4,9079.2,47.77,1,6.0
UNIT_0031,2027-05-18 16:00:00,369.52,3821.42,40.69,10445.6,9059.8,47.76,0,188.0
UNIT_0022,2027-01-03 22:00:00,369.44,3811.49,40.63,10427.0,9045.2,47.76,0,149.0
UNIT_0046,2028-01-05 20:00:00,368.39,3821.83,40.74,10447.8,9051.4,47.76,0,232.0
UNIT_0015,2026-09-15 02:00:00,370.33,3803.15,40.62,10397.2,9044.0,47.76,1,10.0
UNIT_0040,2027-10-12 20:00:00,370.38,3807.77,40.85,10414.2,9093.0,47.76,1,27.0
UNIT_0047,2028-02-02 18:00:00,369.83,3821.01,40.76,10435.2,9069.7,47.76,0,111.0
UNIT_0042,2027-11-16 02:00:00,369.61,3802.12,40.74,10409.6,9062.4,47.76,1,28.0
UNIT_0049,2028-03-08 18:00:00,370.13,3818.32,40.64,10425.8,9047.8,47.76,0,137.0
UNIT_0049,2028-03-05 12:00:00,369.24,3814.53,40.63,10427.0,9042.0,47.76,0,176.0
UNIT_0003,2026-02-11 06:00:00,369.63,3817.9,40.7,10447.4,9051.8,47.76,0,162.0
UNIT_0018,2026-11-09 10:00:00,369.77,3816.73,41.0,10432.8,9136.6,47.76,1,26.0
UNIT_0011,2026-07-13 10:00:00,369.45,3814.18,40.79,10429.8,9091.9,47.76,0,54.0
UNIT_0021,2026-12-22 14:00:00,369.56,3818.66,40.68,10427.4,9056.8,47.76,0,95.0
UNIT_0017,2026-10-11 18:00:00,368.74,3822.59,40.76,10445.8,9067.2,47.76,0,175.0
UNIT_0001,2026-01-13 14:00:00,369.52,3810.18,40.6,10407.8,9043.9,47.76,0,40.0
UNIT_0038,2027-09-07 02:00:00,369.01,3814.46,40.66,10420.8,9046.0,47.76,0,140.0
UNIT_0004,2026-02-27 20:00:00,369.47,3819.15,40.67,10424.6,9050.2,47.76,0,152.0
UNIT_0022,2027-01-04 02:00:00,369.67,3812.39,40.62,10424.2,9041.1,47.76,0,147.0
UNIT_0029,2027-04-20 18:00:00,369.36,3812.66,40.69,10420.4,9064.8,47.76,0,95.0
UNIT_0009,2026-05-25 20:00:00,369.57,3829.69,40.75,10456.4,9068.7,47.76,0,175.0
UNIT_0015,2026-09-08 02:00:00,368.9,3818.18,40.68,10439.0,9056.8,47.76,0,94.0
UNIT_0001,2026-01-14 22:00:00,369.53,3806.53,40.62,10415.6,9036.4,47.76,1,24.0
UNIT_0031,2027-05-25 06:00:00,368.78,3815.42,40.69,10428.0,9050.0,47.76,0,109.0
UNIT_0023,2027-01-21 04:00:00,368.89,3815.42,40.66,10428.4,9056.0,47.76,0,110.0
UNIT_0014,2026-08-27 18:00:00,369.73,3806.39,40.87,10413.2,9101.4,47.76,1,23.0
UNIT_0044,2027-12-14 00:00:00,369.0,3819.01,40.76,10434.2,9071.7,47.76,0,92.0
UNIT_0023,2027-01-27 20:00:00,370.15,3808.73,40.67,10420.4,9052.9,47.76,1,30.0
UNIT_0014,2026-08-29 06:00:00,370.35,3803.43,40.93,10407.4,9120.6,47.76,1,5.0
UNIT_0015,2026-09-10 14:00:00,369.17,3818.52,40.68,10429.2,9057.9,47.76,0,64.0
UNIT_0042,2027-11-13 22:00:00,369.42,3812.11,40.73,10420.2,9066.3,47.76,0,54.0
UNIT_0046,2028-01-19 08:00:00,369.31,3818.18,40.67,10426.6,9055.4,47.76,0,70.0
UNIT_0044,2027-12-12 16:00:00,368.86,3819.01,40.76,10439.6,9067.5,47.76,0,108.0
UNIT_0029,2027-04-19 10:00:00,369.1,3812.87,40.72,10439.6,9058.0,47.76,0,111.0
UNIT_0037,2027-08-24 18:00:00,369.66,3816.32,40.63,10424.4,9039.4,47.76,0,106.0
UNIT_0031,2027-05-15 06:00:00,368.69,3825.49,40.7,10456.8,9059.2,47.76,0,229.0
UNIT_0011,2026-07-09 16:00:00,368.9,3818.25,40.73,10434.8,9066.8,47.76,0,99.0
UNIT_0036,2027-08-18 08:00:00,370.62,3803.77,40.68,10396.8,9052.6,47.76,1,13.0
UNIT_0029,2027-04-21 10:00:00,369.07,3817.01,40.7,10426.6,9060.1,47.76,0,87.0
UNIT_0041,2027-10-29 12:00:00,369.64,3812.73,40.83,10434.2,9102.7,47.76,0,43.0
UNIT_0026,2027-03-18 00:00:00,370.4,3809.98,40.95,10400.8,9121.0,47.76,1,16.0
UNIT_0021,2026-12-25 16:00:00,369.79,3815.56,40.73,10425.0,9067.7,47.76,0,58.0
UNIT_0038,2027-09-13 10:00:00,369.36,3811.01,40.73,10418.2,9066.5,47.76,0,64.0
UNIT_0002,2026-02-05 16:00:00,369.99,3811.29,40.76,10414.0,9069.6,47.76,0,50.0
UNIT_0036,2027-08-13 00:00:00,369.71,3811.15,40.68,10420.2,9060.6,47.76,0,77.0
UNIT_0032,2027-06-15 08:00:00,369.67,3809.98,40.68,10420.6,9064.6,47.76,0,47.0
UNIT_0021,2026-12-18 06:00:00,369.35,3815.63,40.65,10436.0,9046.6,47.76,0,147.0
UNIT_0002,2026-02-05 12:00:00,369.48,3808.8,40.75,10433.2,9073.9,47.76,0,52.0
UNIT_0011,2026-07-05 06:00:00,368.99,3817.35,40.7,10445.0,9057.4,47.76,0,152.0
UNIT_0001,2026-01-09 08:00:00,369.6,3815.35,40.63,10437.8,9052.3,47.76,0,91.0
UNIT_0047,2028-02-10 08:00:00,370.37,3811.15,40.82,10399.8,9089.8,47.76,1,20.0
UNIT_0017,2026-10-03 14:00:00,368.95,3828.45,40.72,10453.6,9062.0,47.76,0,273.0
UNIT_0014,2026-08-19 04:00:00,369.69,3812.87,40.68,10429.6,9064.8,47.76,0,126.0
UNIT_0030,2027-05-04 02:00:00,369.24,3820.66,40.74,10449.4,9065.9,47.76,0,129.0
UNIT_0024,2027-01-30 20:00:00,369.5,3825.42,40.69,10441.4,9060.0,47.76,0,141.0
UNIT_0036,2027-08-15 00:00:00,369.31,3812.53,40.7,10411.8,9056.2,47.76,0,53.0
UNIT_0049,2028-03-13 16:00:00,369.89,3815.49,40.64,10420.8,9054.9,47.76,0,78.0
UNIT_0016,2026-10-01 20:00:00,370.6,3802.25,40.68,10398.4,9051.1,47.76,1,18.0
UNIT_0040,2027-10-05 16:00:00,369.72,3811.97,40.66,10427.2,9058.7,47.76,0,113.0
UNIT_0041,2027-10-18 16:00:00,368.92,3822.45,40.76,10444.4,9061.6,47.76,0,173.0
UNIT_0031,2027-05-21 14:00:00,369.01,3822.73,40.7,10444.0,9052.4,47.76,0,153.0
UNIT_0047,2028-02-09 14:00:00,370.05,3803.7,40.82,10415.8,9089.6,47.76,1,29.0
UNIT_0017,2026-10-26 02:00:00,370.56,3806.18,41.16,10401.8,9177.5,47.76,1,3.0
UNIT_0007,2026-05-03 02:00:00,369.02,3821.35,40.74,10445.2,9072.7,47.76,0,97.0
UNIT_0040,2027-10-02 14:00:00,369.45,3815.15,40.68,10437.6,9057.3,47.76,0,150.0
UNIT_0011,2026-07-06 04:00:00,368.98,3821.9,40.7,10439.0,9056.3,47.76,0,141.0
UNIT_0009,2026-05-26 08:00:00,368.74,3821.9,40.73,10454.8,9064.2,47.76,0,169.0
UNIT_0050,2028-03-23 20:00:00,368.92,3818.59,40.73,10438.0,9059.5,47.76,0,154.0
UNIT_0031,2027-05-23 20:00:00,368.81,3825.35,40.69,10437.8,9051.5,47.76,0,126.0
UNIT_0045,2028-01-02 18:00:00,369.88,3803.36,40.82,10401.2,9086.4,47.76,1,13.0
UNIT_0048,2028-02-23 10:00:00,369.66,3819.7,40.79,10440.2,9080.6,47.76,0,94.0
UNIT_0043,2027-11-29 14:00:00,369.45,3819.35,40.67,10433.6,9053.1,47.76,0,73.0
UNIT_0025,2027-02-23 22:00:00,369.58,3814.11,40.67,10430.2,9073.2,47.76,0,82.0
UNIT_0047,2028-02-09 12:00:00,370.13,3809.7,40.82,10417.6,9085.1,47.76,1,30.0
UNIT_0020,2026-11-25 16:00:00,369.41,3815.15,40.69,10430.2,9055.2,47.76,0,223.0
UNIT_0035,2027-07-26 20:00:00,368.9,3822.94,40.69,10436.0,9065.8,47.76,0,125.0
UNIT_0027,2027-03-22 20:00:00,369.79,3815.63,40.73,10425.8,9068.4,47.76,0,114.0
UNIT_0048,2028-02-25 04:00:00,369.17,3817.7,40.85,10434.8,9094.7,47.76,0,73.0
UNIT_0010,2026-06-26 18:00:00,370.13,3806.73,40.86,10401.8,9100.1,47.76,1,14.0
UNIT_0025,2027-02-19 08:00:00,369.05,3816.39,40.66,10427.2,9050.4,47.76,0,137.0
UNIT_0044,2027-12-16 16:00:00,369.35,3816.53,40.77,10428.2,9073.1,47.76,0,60.0
UNIT_0019,2026-11-12 08:00:00,369.89,3815.77,40.62,10428.8,9045.3,47.76,0,149.0
UNIT_0035,2027-07-27 16:00:00,369.33,3815.84,40.68,10441.8,9053.2,47.76,0,115.0
UNIT_0005,2026-03-18 08:00:00,368.71,3823.21,40.73,10447.6,9071.6,47.76,0,199.0
UNIT_0048,2028-02-22 20:00:00,368.46,3823.14,40.79,10451.8,9077.0,47.76,0,101.0
UNIT_0037,2027-08-28 08:00:00,369.66,3816.32,40.59,10426.2,9043.1,47.76,0,63.0
UNIT_0041,2027-10-30 16:00:00,369.67,3807.08,40.92,10419.6,9112.5,47.76,1,29.0
UNIT_0030,2027-05-01 02:00:00,369.42,3828.87,40.7,10454.0,9068.5,47.76,0,165.0
UNIT_0022,2027-01-02 22:00:00,369.71,3815.22,40.62,10415.6,9044.2,47.76,0,161.0
UNIT_0024,2027-02-10 06:00:00,369.77,3805.91,40.68,10409.0,9052.0,47.76,1,16.0
UNIT_0044,2027-12-11 14:00:00,369.23,3820.87,40.73,10445.6,9069.0,47.76,0,121.0
UNIT_0027,2027-03-28 20:00:00,369.47,3815.9,40.77,10411.2,9085.8,47.76,0,42.0
UNIT_0040,2027-10-07 10:00:00,369.13,3818.66,40.73,10419.6,9062.7,47.76,0,92.0
UNIT_0006,2026-04-11 06:00:00,369.77,3818.94,40.63,10416.2,9032.1,47.76,0,100.0
UNIT_0018,2026-11-11 00:00:00,370.02,3811.22,41.27,10409.8,9187.7,47.76,1,7.0
UNIT_0027,2027-03-23 10:00:00,368.9,3816.46,40.76,10434.8,9071.8,47.76,0,107.0
UNIT_0019,2026-11-18 00:00:00,369.75,3813.08,40.64,10424.0,9037.1,47.76,0,81.0
UNIT_0010,2026-06-10 12:00:00,368.83,3825.01,40.68,10440.6,9048.5,47.76,0,209.0
UNIT_0016,2026-09-17 12:00:00,370.1,3807.49,40.68,10427.4,9059.2,47.76,0,190.0
UNIT_0013,2026-08-09 02:00:00,369.36,3812.39,40.73,10437.4,9064.1,47.76,0,67.0
UNIT_0040,2027-09-29 14:00:00,369.76,3812.94,40.69,10425.8,9058.4,47.76,0,186.0
UNIT_0038,2027-09-06 08:00:00,369.15,3812.25,40.66,10430.8,9051.3,47.76,0,149.0
UNIT_0042,2027-11-13 20:00:00,369.96,3815.84,40.7,10424.6,9065.8,47.76,0,55.0
UNIT_0039,2027-09-27 04:00:00,369.65,3804.05,40.59,10414.2,9037.4,47.76,1,27.0
UNIT_0014,2026-08-16 08:00:00,369.5,3814.46,40.67,10428.8,9060.2,47.76,0,160.0
UNIT_0049,2028-03-10 18:00:00,369.06,3813.15,40.62,10421.6,9033.0,47.76,0,113.0
UNIT_0025,2027-02-20 10:00:00,369.37,3819.77,40.66,10425.2,9048.3,47.76,0,124.0
UNIT_0035,2027-07-25 12:00:00,368.47,3823.83,40.7,10432.8,9056.0,47.76,0,141.0
UNIT_0040,2027-10-04 12:00:00,369.48,3811.91,40.69,10429.8,9065.2,47.76,0,127.0
UNIT_0020,2026-12-01 08:00:00,369.43,3815.22,40.67,10428.4,9064.8,47.76,0,155.0
UNIT_0013,2026-08-07 20:00:00,368.98,3815.22,40.72,10424.6,9055.7,47.76,0,82.0
UNIT_0037,2027-08-27 04:00:00,369.29,3819.49,40.64,10431.6,9050.9,47.76,0,77.0
UNIT_0043,2027-11-19 22:00:00,369.16,3825.01,40.67,10448.6,9054.4,47.76,0,189.0
UNIT_0049,2028-03-08 02:00:00,369.74,3817.56,40.65,10427.4,9042.3,47.76,0,145.0
UNIT_0004,2026-03-09 02:00:00,369.94,3815.01,40.86,10438.2,9092.2,47.76,0,41.0
UNIT_0023,2027-01-22 04:00:00,369.11,3815.77,40.66,10424.6,9051.3,47.76,0,98.0
UNIT_0026,2027-03-14 06:00:00,369.82,3810.39,40.74,10422.8,9070.3,47.76,0,61.0
UNIT_0028,2027-04-09 20:00:00,369.21,3820.04,40.75,10448.4,9070.6,47.76,0,63.0
UNIT_0029,2027-04-24 06:00:00,369.14,3809.22,40.69,10436.2,9056.9,47.76,0,53.0
UNIT_0026,2027-03-05 14:00:00,369.56,3817.56,40.63,10421.0,9039.9,47.76,0,165.0
UNIT_0043,2027-11-20 18:00:00,369.08,3822.52,40.68,10451.0,9050.2,47.76,0,179.0
UNIT_0022,2027-01-07 14:00:00,369.66,3817.28,40.65,10423.2,9046.5,47.76,0,105.0
UNIT_0006,2026-04-14 12:00:00,370.25,3810.25,40.59,10410.6,9040.4,47.76,0,61.0
UNIT_0035,2027-08-02 18:00:00,370.12,3811.35,40.74,10412.4,9073.4,47.76,0,42.0
UNIT_0029,2027-04-24 08:00:00,369.89,3810.39,40.69,10423.0,9062.7,47.76,0,52.0
UNIT_0027,2027-03-20 18:00:00,368.63,3823.56,40.75,10432.0,9061.4,47.76,0,139.0
UNIT_0003,2026-02-15 14:00:00,368.9,3827.56,40.7,10433.8,9061.8,47.76,0,110.0
UNIT_0015,2026-09-09 20:00:00,369.54,3813.91,40.68,10432.4,9054.1,47.76,0,73.0
UNIT_0029,2027-04-26 02:00:00,370.4,3808.04,40.64,10402.6,9060.9,47.76,0,31.0
UNIT_0020,2026-12-02 22:00:00,369.94,3816.53,40.7,10434.2,9062.6,47.76,0,136.0
UNIT_0001,2026-01-03 04:00:00,369.29,3820.18,40.67,10440.0,9048.0,47.76,0,165.0
UNIT_0025,2027-02-17 16:00:00,369.64,3810.18,40.66,10438.8,9049.5,47.76,0,157.0
UNIT_0026,2027-03-06 08:00:00,369.76,3814.53,40.65,10431.4,9048.2,47.76,0,156.0
UNIT_0012,2026-07-29 00:00:00,369.84,3806.18,40.63,10418.2,9049.0,47.76,0,37.0
UNIT_0007,2026-04-30 10:00:00,368.93,3820.52,40.74,10438.2,9070.2,47.76,0,129.0
UNIT_0013,2026-08-04 04:00:00,369.53,3816.8,40.66,10437.2,9050.5,47.76,0,126.0
UNIT_0006,2026-04-19 12:00:00,370.61,3802.12,40.55,10380.6,9035.8,47.77,1,1.0
UNIT_0030,2027-04-30 08:00:00,368.72,3825.83,40.7,10441.6,9069.0,47.76,0,174.0
UNIT_0038,2027-09-05 10:00:00,369.13,3817.7,40.62,10414.8,9048.0,47.76,0,160.0
UNIT_0026,2027-03-17 02:00:00,370.03,3811.15,40.89,10409.6,9095.5,47.76,1,27.0
UNIT_0031,2027-05-25 12:00:00,369.43,3822.59,40.68,10441.6,9059.2,47.76,0,106.0
UNIT_0006,2026-04-12 18:00:00,370.03,3816.04,40.61,10421.2,9043.7,47.76,0,82.0
UNIT_0038,2027-09-12 14:00:00,369.64,3813.7,40.72,10424.0,9061.3,47.76,0,74.0
UNIT_0013,2026-08-01 08:00:00,369.08,3814.8,40.69,10433.2,9061.7,47.76,0,160.0
UNIT_0004,2026-03-04 12:00:00,369.09,3820.18,40.7,10430.8,9054.9,47.76,0,96.0
UNIT_0002,2026-02-06 10:00:00,369.7,3809.84,40.75,10425.4,9075.1,47.76,0,41.0
UNIT_0022,2026-12-31 06:00:00,369.96,3816.73,40.62,10431.6,9040.6,47.76,0,193.0
UNIT_0022,2027-01-06 16:00:00,369.86,3814.53,40.62,10426.4,9052.9,47.76,0,116.0
UNIT_0014,2026-08-26 06:00:00,369.34,3812.04,40.79,10418.8,9093.2,47.76,0,41.0
UNIT_0006,2026-04-08 18:00:00,369.68,3812.8,40.62,10422.8,9041.0,47.76,0,130.0
UNIT_0038,2027-09-17 14:00:00,370.25,3799.43,40.98,10410.2,9126.3,47.76,1,14.0
UNIT_0013,2026-08-13 22:00:00,370.08,3804.53,41.0,10407.0,9124.8,47.76,1,9.0
UNIT_0050,2028-04-04 00:00:00,369.84,3803.43,40.86,10413.4,9110.9,47.76,1,20.0
UNIT_0049,2028-03-03 04:00:00,369.5,3818.94,40.64,10437.0,9041.0,47.76,0,204.0
UNIT_0032,2027-06-17 22:00:00,370.39,3801.15,40.76,10408.6,9081.0,47.76,1,16.0
UNIT_0012,2026-07-26 18:00:00,369.94,3811.56,40.64,10418.8,9041.5,47.76,0,64.0
UNIT_0027,2027-03-31 16:00:00,370.15,3809.01,40.94,10403.8,9126.3,47.76,1,8.0
UNIT_0043,2027-12-05 16:00:00,370.84,3797.15,40.57,10387.4,9035.0,47.77,1,0.0
UNIT_0013,2026-08-14 12:00:00,370.35,3804.87,41.05,10405.2,9144.2,47.76,1,2.0
UNIT_0023,2027-01-24 10:00:00,369.8,3817.97,40.66,10429.8,9054.6,47.76,0,71.0
UNIT_0002,2026-01-28 04:00:00,368.87,3823.28,40.65,10442.6,9051.5,47.76,0,152.0
UNIT_0005,2026-03-28 14:00:00,369.4,3811.97,40.83,10434.2,9088.7,47.76,0,76.0
UNIT_0013,2026-08-08 18:00:00,369.9,3811.35,40.72,10434.6,9066.9,47.76,0,71.0
UNIT_0025,2027-02-23 12:00:00,369.56,3810.87,40.71,10427.4,9061.6,47.76,0,87.0
UNIT_0012,2026-07-28 06:00:00,369.96,3812.66,40.65,10421.8,9050.5,47.76,0,46.0
UNIT_0005,2026-03-25 16:00:00,368.73,3818.46,40.81,10432.0,9078.0,47.76,0,111.0
UNIT_0014,2026-08-27 10:00:00,370.29,3810.46,40.83,10405.8,9090.6,47.76,1,27.0
UNIT_0016,2026-09-27 10:00:00,369.69,3810.66,40.68,10409.0,9054.7,47.76,0,71.0
UNIT_0009,2026-06-05 20:00:00,369.46,3816.66,40.94,10437.8,9116.1,47.76,0,43.0
UNIT_0021,2026-12-20 18:00:00,369.31,3814.53,40.66,10439.4,9055.4,47.76,0,117.0
UNIT_0035,2027-08-01 06:00:00,369.59,3812.73,40.72,10418.8,9068.4,47.76,0,60.0
UNIT_0043,2027-11-30 18:00:00,368.97,3814.94,40.67,10428.8,9049.4,47.76,0,59.0
UNIT_0003,2026-02-14 12:00:00,369.58,3822.94,40.68,10441.6,9057.8,47.76,0,123.0
UNIT_0050,2028-03-29 22:00:00,369.31,3814.04,40.72,10426.8,9067.2,47.76,0,81.0
UNIT_0037,2027-08-19 16:00:00,369.83,3818.94,40.63,10441.2,9048.7,47.76,0,167.0
UNIT_0038,2027-09-06 18:00:00,368.93,3812.8,40.63,10421.0,9049.7,47.76,0,144.0
UNIT_0003,2026-02-18 18:00:00,369.21,3816.73,40.73,10435.8,9071.5,47.76,0,72.0
UNIT_0051,2028-04-06 04:00:00,369.21,3817.7,40.73,10439.8,9066.4,47.76,0,207.0
UNIT_0015,2026-09-10 22:00:00,369.37,3821.14,40.68,10421.8,9050.0,47.76,0,60.0
UNIT_0022,2027-01-05 00:00:00,370.19,3811.42,40.65,10430.2,9048.4,47.76,0,136.0
UNIT_0020,2026-12-07 18:00:00,369.58,3813.42,40.69,10421.4,9070.4,47.76,0,78.0
UNIT_0008,2026-05-22 22:00:00,370.31,3800.32,40.62,10389.0,9046.7,47.76,1,9.0
UNIT_0021,2026-12-24 22:00:00,370.26,3813.01,40.73,10417.6,9069.4,47.76,0,67.0
UNIT_0029,2027-04-22 14:00:00,369.1,3812.94,40.72,10422.6,9060.9,47.76,0,73.0
UNIT_0003,2026-02-10 22:00:00,369.48,3828.32,40.69,10445.2,9057.1,47.76,0,166.0
UNIT_0035,2027-07-29 22:00:00,369.18,3814.04,40.68,10436.4,9064.9,47.76,0,88.0
UNIT_0021,2026-12-29 18:00:00,370.03,3806.67,41.03,10403.8,9141.0,47.76,1,9.0
UNIT_0014,2026-08-25 08:00:00,369.45,3811.7,40.79,10419.8,9078.7,47.76,0,52.0
UNIT_0011,2026-07-08 20:00:00,369.09,3818.8,40.76,10444.8,9051.3,47.76,0,109.0
UNIT_0040,2027-10-06 04:00:00,369.84,3811.29,40.69,10422.0,9063.9,47.76,0,107.0
UNIT_0049,2028-03-04 14:00:00,369.1,3817.08,40.62,10436.4,9049.6,47.76,0,187.0
UNIT_0041,2027-10-31 12:00:00,370.47,3811.01,40.95,10412.4,9121.2,47.76,1,19.0
UNIT_0023,2027-01-28 06:00:00,369.82,3803.56,40.64,10400.8,9053.5,47.76,1,25.0
UNIT_0050,2028-03-31 06:00:00,369.92,3813.84,40.78,10423.6,9076.8,47.76,0,65.0
UNIT_0015,2026-08-30 16:00:00,368.96,3828.04,40.7,10447.6,9049.3,47.76,0,195.0
UNIT_0049,2028-03-12 12:00:00,369.84,3813.22,40.64,10418.8,9042.1,47.76,0,92.0
UNIT_0015,2026-09-03 08:00:00,369.51,3825.9,40.71,10447.8,9058.0,47.76,0,151.0
UNIT_0010,2026-06-09 16:00:00,369.01,3822.59,40.68,10444.4,9047.4,47.76,0,219.0
UNIT_0016,2026-09-23 10:00:00,369.44,3810.66,40.7,10429.6,9060.0,47.76,0,119.0
UNIT_0044,2027-12-20 20:00:00,370.57,3803.01,40.74,10401.6,9078.4,47.76,1,10.0
UNIT_0048,2028-02-26 04:00:00,369.17,3819.83,40.86,10447.2,9097.6,47.76,0,61.0
UNIT_0037,2027-08-28 14:00:00,369.17,3812.39,40.64,10412.2,9042.5,47.76,0,60.0
UNIT_0021,2026-12-20 20:00:00,369.2,3816.73,40.67,10436.0,9066.3,47.76,0,116.0
UNIT_0044,2027-12-19 22:00:00,370.26,3807.63,40.77,10405.4,9078.7,47.76,1,21.0
UNIT_0026,2027-03-05 20:00:00,369.78,3818.73,40.64,10430.2,9035.9,47.76,0,162.0
UNIT_0044,2027-12-15 18:00:00,369.12,3820.94,40.76,10426.4,9065.6,47.76,0,71.0
UNIT_0012,2026-07-29 20:00:00,369.67,3806.11,40.61,10412.4,9050.5,47.76,1,27.0
UNIT_0002,2026-02-03 02:00:00,369.36,3818.73,40.73,10427.4,9059.1,47.76,0,81.0
UNIT_0007,2026-04-20 18:00:00,368.61,3822.94,40.74,10439.6,9067.4,47.76,0,245.0
UNIT_0022,2027-01-16 00:00:00,370.11,3801.01,40.65,10392.6,9053.2,47.76,1,4.0
UNIT_0001,2026-01-11 02:00:00,370.15,3815.77,40.66,10418.4,9042.4,47.76,0,70.0
UNIT_0012,2026-07-24 02:00:00,369.47,3814.94,40.63,10429.4,9047.6,47.76,0,96.0
UNIT_0046,2028-01-08 22:00:00,368.91,3819.83,40.72,10444.2,9063.4,47.76,0,195.0
UNIT_0042,2027-11-07 16:00:00,369.65,3821.83,40.71,10448.8,9068.1,47.76,0,129.0
UNIT_0008,2026-05-11 12:00:00,369.61,3806.8,40.62,10425.0,9049.4,47.76,0,146.0
UNIT_0010,2026-06-15 08:00:00,368.61,3821.42,40.69,10443.2,9056.8,47.76,0,151.0
UNIT_0021,2026-12-28 02:00:00,370.0,3811.49,40.86,10418.6,9102.9,47.76,1,29.0
UNIT_0041,2027-10-22 04:00:00,368.99,3820.87,40.74,10439.6,9069.5,47.76,0,131.0
UNIT_0048,2028-02-13 20:00:00,369.19,3824.18,40.74,10449.8,9066.3,47.76,0,209.0
UNIT_0019,2026-11-23 12:00:00,370.65,3803.01,40.64,10395.2,9053.6,47.76,1,15.0
UNIT_0011,2026-07-01 02:00:00,369.03,3819.01,40.67,10450.8,9056.3,47.76,0,202.0
UNIT_0016,2026-10-01 14:00:00,370.03,3802.12,40.65,10405.2,9054.8,47.76,1,21.0
UNIT_0044,2027-12-09 22:00:00,369.25,3825.97,40.74,10433.6,9072.7,47.76,0,141.0
UNIT_0044,2027-12-17 08:00:00,369.58,3811.77,40.74,10439.0,9076.1,47.76,0,52.0
UNIT_0011,2026-07-14 10:00:00,370.07,3814.18,40.85,10427.0,9092.6,47.76,0,42.0
UNIT_0003,2026-02-17 18:00:00,369.22,3822.52,40.73,10435.8,9063.2,47.76,0,84.0
UNIT_0018,2026-11-02 00:00:00,369.51,3820.87,40.75,10443.2,9064.6,47.76,0,115.0
UNIT_0047,2028-01-27 06:00:00,368.82,3820.52,40.72,10435.2,9062.6,47.76,0,189.0
UNIT_0005,2026-03-23 18:00:00,368.83,3820.32,40.77,10446.8,9069.1,47.76,0,134.0
UNIT_0048,2028-02-20 20:00:00,369.39,3826.45,40.79,10442.0,9074.2,47.76,0,125.0
UNIT_0007,2026-04-28 06:00:00,369.08,3817.28,40.73,10440.0,9063.9,47.76,0,155.0
UNIT_0003,2026-02-14 14:00:00,369.41,3819.63,40.69,10441.2,9058.8,47.76,0,122.0
UNIT_0021,2026-12-26 14:00:00,370.0,3813.08,40.77,10420.6,9077.4,47.76,0,47.0
UNIT_0023,2027-01-19 04:00:00,369.49,3818.73,40.66,10432.2,9048.5,47.76,0,134.0
UNIT_0044,2027-12-20 12:00:00,370.27,3806.46,40.76,10407.2,9076.3,47.76,1,14.0
UNIT_0045,2027-12-31 20:00:00,370.08,3818.87,40.78,10410.8,9080.9,47.76,0,36.0
UNIT_0007,2026-04-30 12:00:00,369.73,3821.14,40.74,10448.4,9070.1,47.76,0,128.0
UNIT_0036,2027-08-06 20:00:00,369.3,3819.28,40.71,10431.4,9063.6,47.76,0,151.0
UNIT_0013,2026-08-03 22:00:00,369.2,3819.01,40.66,10435.6,9061.2,47.76,0,129.0
UNIT_0048,2028-02-23 14:00:00,369.26,3820.52,40.8,10437.6,9078.2,47.76,0,92.0
UNIT_0016,2026-09-30 10:00:00,370.44,3810.66,40.71,10415.8,9060.6,47.76,0,35.0
UNIT_0049,2028-03-07 02:00:00,369.8,3817.15,40.62,10423.4,9046.0,47.76,0,157.0
UNIT_0019,2026-11-16 20:00:00,369.21,3814.59,40.62,10422.4,9049.4,47.76,0,95.0
UNIT_0009,2026-06-05 14:00:00,369.71,3817.01,40.91,10440.2,9105.1,47.76,0,46.0
UNIT_0007,2026-05-02 04:00:00,369.31,3818.8,40.73,10432.8,9076.0,47.76,0,108.0
UNIT_0009,2026-05-29 20:00:00,369.18,3820.73,40.76,10442.6,9067.2,47.76,0,127.0
UNIT_0051,2028-04-06 00:00:00,369.27,3826.11,40.74,10454.2,9072.7,47.76,0,209.0
UNIT_0036,2027-08-15 06:00:00,369.83,3815.84,40.69,10428.8,9062.1,47.76,0,50.0
UNIT_0012,2026-07-30 02:00:00,369.84,3812.25,40.66,10404.4,9053.1,47.76,1,24.0
UNIT_0022,2027-01-05 22:00:00,369.66,3810.25,40.62,10423.4,9046.8,47.76,0,125.0
UNIT_0009,2026-06-01 16:00:00,369.31,3823.35,40.76,10448.6,9082.8,47.76,0,93.0
UNIT_0028,2027-04-13 22:00:00,370.23,3808.46,40.79,10424.6,9081.6,47.76,1,14.0
UNIT_0015,2026-09-02 02:00:00,368.81,3821.9,40.69,10442.2,9056.6,47.76,0,166.0
UNIT_0001,2026-01-05 06:00:00,369.61,3813.08,40.66,10442.0,9056.0,47.76,0,140.0
UNIT_0023,2027-01-29 20:00:00,370.07,3804.67,40.65,10391.6,9064.0,47.76,1,6.0
UNIT_0029,2027-04-22 08:00:00,369.68,3814.87,40.71,10428.2,9054.6,47.76,0,76.0
UNIT_0028,2027-04-01 10:00:00,368.99,3825.49,40.73,10453.4,9068.3,47.76,0,164.0
UNIT_0002,2026-02-09 02:00:00,370.29,3802.39,40.8,10394.4,9096.5,47.76,1,9.0
UNIT_0013,2026-08-08 02:00:00,369.59,3815.56,40.69,10428.4,9062.5,47.76,0,79.0
UNIT_0033,2027-06-27 18:00:00,368.85,3823.76,40.75,10446.0,9063.2,47.76,0,98.0
UNIT_0038,2027-09-15 06:00:00,369.69,3807.08,40.78,10412.2,9081.1,47.76,0,42.0
UNIT_0020,2026-11-25 18:00:00,369.24,3821.83,40.67,10433.8,9058.0,47.76,0,222.0
UNIT_0031,2027-06-02 00:00:00,370.54,3805.15,40.61,10409.4,9047.2,47.76,1,16.0
UNIT_0021,2026-12-22 04:00:00,369.42,3814.8,40.66,10422.0,9057.5,47.76,0,100.0
UNIT_0009,2026-06-04 20:00:00,369.81,3819.42,40.87,10443.8,9095.1,47.76,0,55.0
UNIT_0049,2028-03-05 08:00:00,369.34,3821.7,40.64,10430.2,9049.3,47.76,0,178.0
UNIT_0005,2026-03-14 02:00:00,369.21,3822.32,40.76,10453.0,9071.5,47.76,0,250.0
UNIT_0032,2027-06-17 12:00:00,370.39,3808.53,40.75,10416.2,9076.6,47.76,1,21.0
UNIT_0037,2027-08-25 00:00:00,369.26,3813.56,40.63,10426.2,9050.6,47.76,0,103.0
UNIT_0025,2027-02-15 02:00:00,369.32,3819.01,40.63,10425.0,9047.9,47.76,0,188.0
UNIT_0042,2027-11-07 02:00:00,369.43,3824.11,40.71,10443.8,9063.3,47.76,0,136.0
UNIT_0024,2027-02-04 08:00:00,369.27,3818.73,40.72,10438.8,9057.7,47.76,0,87.0
UNIT_0046,2028-01-08 20:00:00,369.12,3815.42,40.71,10453.6,9054.9,47.76,0,196.0
UNIT_0032,2027-06-05 20:00:00,369.66,3814.18,40.63,10415.2,9053.9,47.76,0,161.0
UNIT_0030,2027-05-10 16:00:00,369.3,3815.49,40.69,10432.0,9065.1,47.76,0,50.0
UNIT_0002,2026-02-05 10:00:00,370.34,3814.94,40.75,10428.4,9070.1,47.76,0,53.0
UNIT_0001,2026-01-16 16:00:00,371.03,3796.94,40.59,10391.6,9044.6,47.77,1,3.0
UNIT_0028,2027-04-15 02:00:00,370.86,3804.39,40.83,10386.2,9087.3,47.76,1,0.0
UNIT_0021,2026-12-30 06:00:00,370.74,3804.39,41.11,10415.4,9162.3,47.76,1,3.0
UNIT_0002,2026-01-20 00:00:00,368.95,3826.66,40.68,10453.8,9058.2,47.76,0,250.0
UNIT_0040,2027-10-09 10:00:00,370.54,3809.49,40.72,10423.8,9070.7,47.76,0,68.0
UNIT_0040,2027-10-02 18:00:00,370.05,3813.56,40.7,10417.2,9064.2,47.76,0,148.0
UNIT_0014,2026-08-17 10:00:00,369.34,3820.04,40.71,10434.6,9059.8,47.76,0,147.0
UNIT_0005,2026-03-28 18:00:00,369.25,3816.59,40.82,10433.6,9084.2,47.76,0,74.0
UNIT_0020,2026-12-06 14:00:00,369.26,3812.6,40.71,10416.0,9058.0,47.76,0,92.0
UNIT_0047,2028-02-01 16:00:00,369.08,3820.25,40.74,10447.0,9069.9,47.76,0,124.0
UNIT_0031,2027-05-25 20:00:00,369.36,3823.35,40.68,10438.4,9057.3,47.76,0,102.0
UNIT_0035,2027-07-30 04:00:00,369.45,3817.56,40.7,10424.8,9061.4,47.76,0,85.0
UNIT_0002,2026-02-09 06:00:00,370.48,3804.8,40.82,10398.2,9101.4,47.76,1,7.0
UNIT_0015,2026-09-01 10:00:00,368.96,3819.49,40.72,10448.0,9063.2,47.76,0,174.0
UNIT_0009,2026-06-08 18:00:00,370.17,3808.39,41.28,10415.6,9191.6,47.76,1,8.0
UNIT_0046,2028-01-10 16:00:00,368.7,3824.32,40.71,10449.6,9061.9,47.76,0,174.0
UNIT_0004,2026-03-08 18:00:00,369.45,3808.8,40.82,10435.2,9091.6,47.76,0,45.0
UNIT_0007,2026-05-04 22:00:00,369.36,3814.11,40.76,10424.4,9068.8,47.76,0,75.0
UNIT_0043,2027-12-05 10:00:00,370.43,3805.01,40.57,10391.2,9036.6,47.77,1,3.0
UNIT_0002,2026-01-19 22:00:00,368.12,3823.76,40.71,10446.4,9055.8,47.76,0,251.0
UNIT_0041,2027-10-20 12:00:00,368.88,3813.97,40.71,10440.0,9062.4,47.76,0,151.0
UNIT_0006,2026-04-05 00:00:00,369.22,3817.42,40.61,10415.6,9044.3,47.76,0,175.0
UNIT_0025,2027-02-27 12:00:00,369.95,3812.32,40.79,10415.4,9090.8,47.76,0,39.0
UNIT_0047,2028-02-03 20:00:00,369.72,3821.01,40.71,10449.8,9068.4,47.76,0,98.0
UNIT_0011,2026-07-04 00:00:00,368.92,3819.35,40.71,10459.0,9055.1,47.76,0,167.0
UNIT_0041,2027-10-29 02:00:00,370.11,3813.15,40.86,10427.6,9099.2,47.76,0,48.0
UNIT_0050,2028-03-31 04:00:00,369.72,3808.6,40.78,10419.8,9074.7,47.76,0,66.0
UNIT_0033,2027-07-01 14:00:00,369.39,3815.22,40.71,10430.4,9058.1,47.76,0,52.0
UNIT_0051,2028-04-06 18:00:00,368.43,3823.76,40.73,10449.8,9071.6,47.76,0,200.0
UNIT_0016,2026-09-20 18:00:00,369.8,3813.56,40.67,10417.4,9050.9,47.76,0,151.0
UNIT_0022,2027-01-06 02:00:00,369.57,3815.84,40.62,10428.0,9047.7,47.76,0,123.0
UNIT_0038,2027-09-18 10:00:00,370.82,3799.56,41.09,10398.4,9146.3,47.76,1,4.0
UNIT_0046,2028-01-17 10:00:00,369.39,3815.84,40.7,10439.2,9058.8,47.76,0,93.0
UNIT_0031,2027-06-02 22:00:00,370.96,3803.56,40.63,10384.6,9050.5,47.77,1,5.0
UNIT_0049,2028-03-10 20:00:00,369.51,3812.18,40.61,10422.6,9045.1,47.76,0,112.0
UNIT_0011,2026-06-28 16:00:00,368.7,3825.42,40.7,10449.8,9053.7,47.76,0,231.0
UNIT_0038,2027-09-10 14:00:00,369.79,3818.32,40.66,10436.4,9050.2,47.76,0,98.0
UNIT_0046,2028-01-15 02:00:00,369.31,3817.7,40.73,10445.8,9062.2,47.76,0,121.0
UNIT_0011,2026-07-17 20:00:00,370.53,3805.91,41.09,10401.4,9151.7,47.76,1,1.0
UNIT_0013,2026-08-03 18:00:00,369.6,3817.77,40.68,10430.8,9053.0,47.76,0,131.0
UNIT_0008,2026-05-17 00:00:00,369.94,3812.94,40.61,10417.6,9038.7,47.76,0,80.0
UNIT_0024,2027-02-07 16:00:00,369.8,3816.32,40.69,10425.6,9063.6,47.76,0,47.0
UNIT_0011,2026-07-11 12:00:00,368.8,3819.08,40.75,10439.4,9075.7,47.76,0,77.0
UNIT_0025,2027-02-24 10:00:00,369.61,3816.66,40.72,10421.2,9060.4,47.76,0,76.0
UNIT_0001,2026-01-14 00:00:00,369.05,3808.11,40.63,10418.8,9053.1,47.76,0,35.0
UNIT_0042,2027-11-02 12:00:00,368.99,3817.56,40.69,10431.8,9063.6,47.76,0,191.0
UNIT_0034,2027-07-13 20:00:00,369.85,3819.35,40.73,10429.0,9064.2,47.76,0,100.0
UNIT_0017,2026-10-07 02:00:00,369.3,3822.25,40.73,10446.2,9063.2,47.76,0,231.0
UNIT_0014,2026-08-28 22:00:00,370.3,3811.15,40.92,10395.2,9112.4,47.76,1,9.0
UNIT_0017,2026-10-12 10:00:00,368.99,3825.21,40.72,10449.0,9072.1,47.76,0,167.0
UNIT_0040,2027-10-10 08:00:00,369.89,3807.22,40.74,10418.0,9072.2,47.76,0,57.0
UNIT_0021,2026-12-16 02:00:00,368.95,3819.15,40.65,10437.2,9040.2,47.76,0,173.0
UNIT_0049,2028-03-11 20:00:00,370.03,3812.73,40.63,10427.6,9053.2,47.76,0,100.0
UNIT_0050,2028-03-22 04:00:00,369.58,3821.83,40.73,10438.8,9061.0,47.76,0,174.0
UNIT_0037,2027-08-28 06:00:00,369.34,3806.94,40.62,10411.6,9039.7,47.76,0,64.0
UNIT_0039,2027-09-27 10:00:00,369.85,3808.39,40.56,10410.8,9043.8,47.76,1,24.0
UNIT_0035,2027-07-31 14:00:00,369.7,3816.25,40.71,10416.4,9063.6,47.76,0,68.0
UNIT_0049,2028-03-17 18:00:00,369.82,3805.77,40.66,10418.2,9060.7,47.76,1,29.0
UNIT_0049,2028-03-16 22:00:00,369.87,3807.98,40.67,10398.8,9048.5,47.76,0,39.0
UNIT_0024,2027-02-04 12:00:00,369.15,3817.08,40.72,10436.4,9063.2,47.76,0,85.0
UNIT_0029,2027-04-17 04:00:00,369.55,3817.56,40.67,10434.6,9071.3,47.76,0,138.0
UNIT_0012,2026-07-27 22:00:00,370.03,3805.42,40.66,10420.2,9045.6,47.76,0,50.0
UNIT_0037,2027-09-01 16:00:00,370.31,3807.22,40.62,10399.6,9042.1,47.77,1,11.0
UNIT_0011,2026-07-17 16:00:00,370.35,3809.63,41.04,10407.8,9152.4,47.76,1,3.0
UNIT_0020,2026-12-07 22:00:00,369.29,3811.7,40.71,10424.6,9063.2,47.76,0,76.0
UNIT_0048,2028-02-29 06:00:00,369.93,3818.04,41.11,10422.2,9145.1,47.76,1,24.0
UNIT_0017,2026-10-16 10:00:00,369.78,3818.94,40.76,10443.0,9080.2,47.76,0,119.0
UNIT_0036,2027-08-07 20:00:00,369.51,3815.63,40.69,10430.4,9062.1,47.76,0,139.0
UNIT_0027,2027-03-26 06:00:00,369.09,3815.63,40.77,10417.2,9072.2,47.76,0,73.0
UNIT_0037,2027-08-21 16:00:00,369.92,3816.39,40.65,10428.8,9051.3,47.76,0,143.0
UNIT_0029,2027-04-20 16:00:00,369.54,3817.9,40.7,10423.6,9058.3,47.76,0,96.0
UNIT_0029,2027-04-18 00:00:00,369.06,3819.08,40.69,10437.4,9065.4,47.76,0,128.0
UNIT_0022,2027-01-11 06:00:00,369.76,3809.84,40.65,10419.0,9052.3,47.76,0,61.0
UNIT_0013,2026-08-01 12:00:00,369.62,3814.25,40.67,10426.4,9057.9,47.76,0,158.0
UNIT_0023,2027-01-28 22:00:00,370.29,3803.98,40.66,10404.4,9059.8,47.76,1,17.0
UNIT_0005,2026-03-12 14:00:00,368.62,3822.39,40.76,10446.8,9066.5,47.76,0,268.0
UNIT_0017,2026-10-06 16:00:00,368.9,3824.45,40.71,10446.4,9057.1,47.76,0,236.0
UNIT_0005,2026-03-20 04:00:00,368.81,3823.01,40.78,10458.2,9073.5,47.76,0,177.0
UNIT_0024,2027-02-07 02:00:00,369.82,3817.35,40.72,10433.2,9062.5,47.76,0,54.0
UNIT_0049,2028-03-18 18:00:00,370.44,3800.46,40.66,10400.4,9048.5,47.76,1,17.0
UNIT_0046,2028-01-09 14:00:00,368.73,3821.77,40.72,10443.6,9059.1,47.76,0,187.0
UNIT_0044,2027-12-19 12:00:00,370.15,3811.42,40.74,10420.6,9075.7,47.76,1,26.0
UNIT_0027,2027-03-23 04:00:00,369.33,3821.28,40.71,10429.6,9070.1,47.76,0,110.0
UNIT_0028,2027-04-02 10:00:00,368.43,3825.35,40.75,10441.6,9066.1,47.76,0,152.0
UNIT_0050,2028-03-21 06:00:00,369.45,3813.77,40.71,10437.4,9065.6,47.76,0,185.0
UNIT_0004,2026-03-05 00:00:00,369.64,3823.97,40.67,10427.0,9063.5,47.76,0,90.0
UNIT_0024,2027-01-31 20:00:00,369.27,3820.32,40.72,10441.4,9068.1,47.76,0,129.0
UNIT_0013,2026-08-09 08:00:00,369.41,3820.39,40.74,10416.2,9071.3,47.76,0,64.0
UNIT_0020,2026-12-13 20:00:00,370.19,3800.05,40.75,10400.2,9078.2,47.76,1,5.0
UNIT_0045,2027-12-22 16:00:00,369.08,3823.49,40.75,10450.4,9074.9,47.76,0,146.0
UNIT_0016,2026-09-21 18:00:00,370.08,3811.49,40.67,10422.8,9063.5,47.76,0,139.0
UNIT_0033,2027-06-26 10:00:00,369.18,3818.87,40.74,10447.2,9060.3,47.76,0,114.0
UNIT_0031,2027-05-14 22:00:00,369.17,3825.14,40.69,10445.0,9058.7,47.76,0,233.0
UNIT_0019,2026-11-19 18:00:00,370.11,3809.98,40.65,10424.6,9050.7,47.76,0,60.0
UNIT_0040,2027-10-08 22:00:00,370.2,3812.94,40.72,10413.6,9071.9,47.76,0,74.0
UNIT_0033,2027-06-28 14:00:00,369.1,3820.25,40.73,10442.2,9065.3,47.76,0,88.0
UNIT_0017,2026-10-12 20:00:00,369.08,3822.11,40.75,10451.4,9069.6,47.76,0,162.0
UNIT_0050,2028-04-05 08:00:00,370.62,3801.84,40.97,10397.0,9128.8,47.76,1,4.0
UNIT_0010,2026-06-21 18:00:00,369.56,3819.35,40.73,10429.2,9060.6,47.76,0,74.0
UNIT_0003,2026-02-15 18:00:00,369.75,3823.76,40.7,10440.0,9064.0,47.76,0,108.0
UNIT_0022,2027-01-07 02:00:00,369.96,3814.94,40.65,10417.2,9044.8,47.76,0,111.0
UNIT_0014,2026-08-23 08:00:00,370.06,3815.49,40.71,10409.2,9063.8,47.76,0,76.0
UNIT_0045,2028-01-02 10:00:00,370.79,3806.87,40.82,10411.4,9083.6,47.76,1,17.0
UNIT_0046,2028-01-20 14:00:00,369.61,3812.18,40.66,10422.6,9054.6,47.76,0,55.0
UNIT_0013,2026-08-01 10:00:00,369.52,3817.7,40.67,10428.8,9048.0,47.76,0,159.0
UNIT_0031,2027-05-21 18:00:00,368.98,3820.94,40.7,10438.4,9056.9,47.76,0,151.0
UNIT_0016,2026-09-22 02:00:00,369.86,3818.87,40.66,10423.6,9056.2,47.76,0,135.0
UNIT_0036,2027-08-11 20:00:00,369.7,3810.32,40.67,10439.2,9057.6,47.76,0,91.0
UNIT_0024,2027-02-07 08:00:00,369.82,3813.22,40.73,10426.6,9059.7,47.76,0,51.0
UNIT_0049,2028-03-08 12:00:00,369.88,3815.7,40.6,10421.0,9044.1,47.76,0,140.0
UNIT_0006,2026-04-15 22:00:00,370.0,3809.15,40.58,10418.8,9033.2,47.76,0,44.0
UNIT_0045,2027-12-28 00:00:00,369.26,3817.63,40.76,10440.2,9068.6,47.76,0,82.0
UNIT_0018,2026-11-02 02:00:00,369.52,3824.94,40.73,10445.8,9067.7,47.76,0,114.0
UNIT_0041,2027-10-23 04:00:00,369.44,3817.56,40.77,10435.2,9067.3,47.76,0,119.0
UNIT_0005,2026-03-27 08:00:00,369.04,3818.32,40.79,10436.2,9088.2,47.76,0,91.0
UNIT_0025,2027-02-18 18:00:00,369.9,3815.08,40.65,10426.8,9046.3,47.76,0,144.0
UNIT_0004,2026-03-04 16:00:00,369.33,3815.84,40.71,10437.6,9060.4,47.76,0,94.0
UNIT_0020,2026-11-25 12:00:00,369.24,3815.97,40.68,10428.6,9056.9,47.76,0,225.0
UNIT_0018,2026-11-06 04:00:00,369.62,3818.8,40.82,10446.4,9085.9,47.76,0,65.0
UNIT_0051,2028-04-10 00:00:00,368.55,3823.9,40.72,10450.2,9066.1,47.76,0,161.0
UNIT_0010,2026-06-12 14:00:00,369.05,3827.42,40.71,10454.0,9054.2,47.76,0,184.0
UNIT_0032,2027-06-11 04:00:00,369.62,3813.08,40.65,10416.4,9054.5,47.76,0,97.0
UNIT_0002,2026-01-30 06:00:00,369.38,3824.18,40.72,10439.2,9059.7,47.76,0,127.0
UNIT_0007,2026-05-06 22:00:00,369.66,3816.8,40.71,10418.8,9074.3,47.76,0,51.0
UNIT_0024,2027-02-07 10:00:00,369.05,3813.63,40.7,10427.4,9064.6,47.76,0,50.0
UNIT_0049,2028-03-12 08:00:00,369.73,3815.77,40.63,10424.8,9046.7,47.76,0,94.0
UNIT_0018,2026-11-09 04:00:00,369.49,3819.7,41.02,10439.4,9129.0,47.76,1,29.0
UNIT_0030,2027-04-29 06:00:00,368.96,3823.97,40.72,10455.8,9070.6,47.76,0,187.0
UNIT_0004,2026-02-28 10:00:00,368.66,3816.04,40.66,10441.4,9054.8,47.76,0,145.0
UNIT_0018,2026-11-04 18:00:00,369.54,3819.83,40.77,10447.8,9079.8,47.76,0,82.0
UNIT_0023,2027-01-20 12:00:00,368.81,3818.59,40.67,10418.8,9049.6,47.76,0,118.0
UNIT_0037,2027-08-25 02:00:00,369.33,3813.42,40.62,10432.6,9044.4,47.76,0,102.0
UNIT_0003,2026-02-16 18:00:00,369.12,3818.25,40.72,10440.4,9062.9,47.76,0,96.0
UNIT_0011,2026-07-13 04:00:00,369.63,3815.08,40.8,10425.8,9084.2,47.76,0,57.0
UNIT_0016,2026-09-16 04:00:00,369.42,3812.25,40.7,10426.0,9054.7,47.76,0,206.0
UNIT_0024,2027-02-08 04:00:00,369.67,3813.56,40.7,10420.0,9056.9,47.76,0,41.0
UNIT_0016,2026-09-20 12:00:00,369.39,3811.01,40.68,10422.2,9065.4,47.76,0,154.0
UNIT_0028,2027-04-13 08:00:00,369.55,3811.08,40.77,10416.2,9077.9,47.76,1,21.0
UNIT_0021,2026-12-25 06:00:00,369.61,3812.11,40.72,10434.0,9061.5,47.76,0,63.0
UNIT_0023,2027-01-20 20:00:00,369.55,3813.28,40.67,10439.6,9054.3,47.76,0,114.0
UNIT_0020,2026-12-06 12:00:00,369.75,3812.25,40.68,10434.6,9062.4,47.76,0,93.0
UNIT_0020,2026-11-29 20:00:00,369.14,3815.56,40.69,10436.2,9053.2,47.76,0,173.0
UNIT_0032,2027-06-16 02:00:00,370.28,3809.98,40.7,10404.6,9074.9,47.76,0,38.0
UNIT_0031,2027-05-29 22:00:00,369.96,3813.97,40.68,10424.6,9050.1,47.76,0,53.0
UNIT_0005,2026-03-29 06:00:00,369.11,3817.77,40.86,10432.0,9093.9,47.76,0,68.0
UNIT_0015,2026-09-02 22:00:00,368.59,3823.01,40.71,10445.4,9061.4,47.76,0,156.0
UNIT_0009,2026-05-31 16:00:00,369.26,3820.94,40.76,10437.4,9068.2,47.76,0,105.0
UNIT_0016,2026-09-21 20:00:00,370.11,3810.25,40.68,10419.2,9059.6,47.76,0,138.0
UNIT_0002,2026-02-04 12:00:00,369.91,3819.08,40.76,10416.8,9069.0,47.76,0,64.0
UNIT_0007,2026-04-22 16:00:00,369.25,3822.18,40.74,10448.4,9062.4,47.76,0,222.0
UNIT_0048,2028-02-20 22:00:00,369.82,3823.14,40.75,10449.6,9070.5,47.76,0,124.0
UNIT_0040,2027-10-08 00:00:00,370.02,3819.9,40.73,10407.6,9064.2,47.76,0,85.0
UNIT_0025,2027-02-26 16:00:00,370.02,3810.11,40.76,10426.4,9077.3,47.76,0,49.0
UNIT_0023,2027-01-22 02:00:00,369.65,3813.35,40.63,10434.2,9048.6,47.76,0,99.0
UNIT_0023,2027-01-20 02:00:00,369.22,3810.6,40.66,10424.8,9046.7,47.76,0,123.0
UNIT_0038,2027-09-06 20:00:00,369.49,3815.56,40.66,10428.4,9049.9,47.76,0,143.0
UNIT_0007,2026-05-03 10:00:00,369.96,3814.94,40.76,10432.2,9070.3,47.76,0,93.0
UNIT_0008,2026-05-23 12:00:00,370.28,3804.05,40.63,10397.4,9038.6,47.77,1,2.0
UNIT_0032,2027-06-07 12:00:00,369.11,3816.25,40.65,10417.6,9054.3,47.76,0,141.0
UNIT_0045,2027-12-29 16:00:00,369.31,3821.49,40.77,10444.0,9067.5,47.76,0,62.0
UNIT_0011,2026-07-09 06:00:00,368.88,3825.56,40.7,10431.4,9077.8,47.76,0,104.0
UNIT_0008,2026-05-12 22:00:00,369.59,3817.84,40.62,10417.2,9041.0,47.76,0,129.0
UNIT_0007,2026-04-28 16:00:00,369.56,3824.18,40.77,10449.2,9073.0,47.76,0,150.0
UNIT_0020,2026-12-09 14:00:00,369.55,3811.42,40.71,10423.8,9058.2,47.76,0,56.0
UNIT_0040,2027-09-30 16:00:00,370.04,3812.32,40.68,10430.4,9048.8,47.76,0,173.0
UNIT_0034,2027-07-12 18:00:00,369.05,3816.46,40.72,10431.6,9065.1,47.76,0,113.0
UNIT_0009,2026-05-24 12:00:00,368.62,3822.25,40.71,10449.6,9068.1,47.76,0,191.0
UNIT_0010,2026-06-18 16:00:00,369.57,3822.45,40.68,10437.0,9053.7,47.76,0,111.0
UNIT_0011,2026-07-04 08:00:00,369.27,3822.87,40.72,10444.2,9056.7,47.76,0,163.0
UNIT_0007,2026-05-06 14:00:00,369.65,3812.53,40.75,10420.4,9080.2,47.76,0,55.0
UNIT_0013,2026-08-07 12:00:00,369.83,3815.84,40.69,10415.4,9059.9,47.76,0,86.0
UNIT_0026,2027-03-17 20:00:00,370.49,3806.11,40.92,10410.4,9115.1,47.76,1,18.0
UNIT_0047,2028-01-31 16:00:00,369.32,3823.9,40.74,10443.6,9065.9,47.76,0,136.0
UNIT_0007,2026-04-21 02:00:00,369.32,3819.15,40.75,10446.2,9073.1,47.76,0,241.0
UNIT_0004,2026-03-12 04:00:00,370.12,3805.29,41.23,10402.4,9184.4,47.76,1,4.0
UNIT_0006,2026-04-06 12:00:00,369.21,3813.97,40.62,10422.6,9044.3,47.76,0,157.0
UNIT_0018,2026-10-30 00:00:00,369.21,3822.8,40.71,10464.0,9058.8,47.76,0,151.0
UNIT_0021,2026-12-23 16:00:00,369.51,3812.46,40.7,10441.2,9052.9,47.76,0,82.0
UNIT_0046,2028-01-21 20:00:00,369.84,3810.18,40.67,10420.0,9056.2,47.76,0,40.0
UNIT_0046,2028-01-19 20:00:00,369.17,3813.77,40.71,10418.8,9053.8,47.76,0,64.0
UNIT_0023,2027-01-26 02:00:00,370.21,3814.87,40.64,10418.6,9056.6,47.76,0,51.0
UNIT_0002,2026-02-08 14:00:00,370.12,3808.94,40.78,10411.2,9085.0,47.76,1,15.0
UNIT_0009,2026-05-27 04:00:00,369.04,3820.73,40.75,10439.8,9065.5,47.76,0,159.0
UNIT_0020,2026-11-25 00:00:00,369.75,3812.18,40.68,10422.8,9055.8,47.76,0,231.0
UNIT_0041,2027-10-24 02:00:00,369.23,3815.77,40.77,10444.8,9068.8,47.76,0,108.0
UNIT_0048,2028-02-28 08:00:00,370.35,3815.63,41.01,10430.8,9129.8,47.76,0,35.0
UNIT_0022,2027-01-02 18:00:00,369.29,3815.22,40.63,10418.0,9046.5,47.76,0,163.0
UNIT_0023,2027-01-27 16:00:00,370.3,3813.01,40.64,10413.2,9057.7,47.76,0,32.0
UNIT_0046,2028-01-20 06:00:00,369.38,3815.77,40.66,10428.0,9063.5,47.76,0,59.0
UNIT_0002,2026-02-01 12:00:00,369.54,3815.01,40.68,10421.8,9061.0,47.76,0,100.0
UNIT_0016,2026-09-16 20:00:00,369.81,3815.42,40.7,10427.8,9053.0,47.76,0,198.0
UNIT_0042,2027-11-16 14:00:00,369.42,3813.49,40.71,10413.0,9067.7,47.76,1,22.0
UNIT_0007,2026-04-22 06:00:00,369.0,3824.8,40.72,10447.4,9075.2,47.76,0,227.0
UNIT_0006,2026-04-12 22:00:00,370.02,3812.04,40.61,10414.8,9045.1,47.76,0,80.0
UNIT_0019,2026-11-17 16:00:00,370.03,3810.8,40.63,10422.6,9046.0,47.76,0,85.0
UNIT_0014,2026-08-15 08:00:00,369.11,3817.28,40.7,10426.6,9055.7,47.76,0,172.0
UNIT_0035,2027-07-24 18:00:00,369.37,3823.83,40.69,10437.8,9053.6,47.76,0,150.0
UNIT_0015,2026-09-04 00:00:00,369.25,3823.97,40.69,10449.4,9061.9,47.76,0,143.0
UNIT_0007,2026-04-23 12:00:00,368.79,3817.9,40.74,10440.4,9058.4,47.76,0,212.0
UNIT_0005,2026-04-01 04:00:00,370.1,3814.87,40.91,10420.6,9114.7,47.76,0,33.0
UNIT_0033,2027-06-22 18:00:00,368.81,3821.14,40.73,10453.6,9056.4,47.76,0,158.0
UNIT_0009,2026-05-31 22:00:00,369.24,3822.94,40.76,10449.0,9082.3,47.76,0,102.0
UNIT_0020,2026-12-10 10:00:00,370.35,3806.73,40.72,10418.4,9067.6,47.76,0,46.0
UNIT_0007,2026-04-23 14:00:00,368.79,3820.04,40.73,10446.6,9066.9,47.76,0,211.0
UNIT_0040,2027-10-14 10:00:00,370.53,3801.49,40.93,10416.2,9118.9,47.76,1,8.0
UNIT_0046,2028-01-04 00:00:00,368.48,3822.18,40.7,10453.0,9057.8,47.76,0,254.0
UNIT_0009,2026-06-07 20:00:00,369.86,3812.46,41.1,10417.6,9162.9,47.76,1,19.0
UNIT_0034,2027-07-08 06:00:00,369.48,3817.63,40.7,10440.0,9060.7,47.76,0,167.0
UNIT_0003,2026-02-17 02:00:00,369.17,3820.46,40.73,10442.0,9063.5,47.76,0,92.0
UNIT_0019,2026-11-22 06:00:00,370.03,3807.77,40.6,10405.8,9045.4,47.76,1,30.0
UNIT_0036,2027-08-15 16:00:00,370.42,3811.97,40.69,10412.8,9059.8,47.76,0,45.0
UNIT_0018,2026-11-03 02:00:00,369.52,3823.49,40.74,10447.8,9067.2,47.76,0,102.0
UNIT_0022,2026-12-30 20:00:00,369.27,3814.94,40.64,10432.6,9046.0,47.76,0,198.0
UNIT_0039,2027-09-21 18:00:00,369.76,3816.87,40.63,10437.4,9050.6,47.76,0,92.0
UNIT_0006,2026-04-12 00:00:00,369.74,3810.6,40.6,10416.6,9035.8,47.76,0,91.0
UNIT_0006,2026-04-10 02:00:00,369.38,3812.39,40.63,10428.2,9037.6,47.76,0,114.0
UNIT_0020,2026-11-26 14:00:00,369.44,3814.39,40.67,10433.6,9063.2,47.76,0,212.0
UNIT_0005,2026-03-16 20:00:00,368.71,3826.18,40.7,10440.6,9067.0,47.76,0,217.0
UNIT_0024,2027-02-03 20:00:00,369.29,3819.83,40.71,10434.0,9066.3,47.76,0,93.0
UNIT_0042,2027-11-06 08:00:00,369.31,3815.42,40.73,10444.8,9059.4,47.76,0,145.0
UNIT_0023,2027-01-19 12:00:00,369.48,3818.11,40.64,10435.2,9046.7,47.76,0,130.0
UNIT_0046,2028-01-12 08:00:00,368.99,3824.52,40.7,10453.2,9054.1,47.76,0,154.0
UNIT_0017,2026-10-15 20:00:00,368.83,3817.08,40.75,10441.6,9072.6,47.76,0,126.0
UNIT_0018,2026-10-28 18:00:00,369.26,3824.04,40.7,10448.6,9058.3,47.76,0,166.0
UNIT_0042,2027-11-11 18:00:00,369.52,3819.42,40.71,10429.8,9069.6,47.76,0,80.0
UNIT_0045,2028-01-01 10:00:00,370.26,3808.32,40.79,10418.2,9075.1,47.76,1,29.0
UNIT_0049,2028-03-17 10:00:00,370.04,3804.05,40.65,10398.2,9055.7,47.76,0,33.0
UNIT_0039,2027-09-24 00:00:00,369.81,3820.04,40.6,10428.0,9038.9,47.76,0,65.0
UNIT_0019,2026-11-22 18:00:00,370.31,3803.7,40.6,10394.0,9040.3,47.77,1,24.0
UNIT_0020,2026-12-02 16:00:00,369.74,3810.8,40.69,10437.2,9058.2,47.76,0,139.0
UNIT_0019,2026-11-24 14:00:00,370.29,3798.32,40.6,10393.4,9035.6,47.77,1,2.0
UNIT_0011,2026-07-14 08:00:00,369.67,3818.46,40.84,10421.4,9089.8,47.76,0,43.0
UNIT_0037,2027-09-01 12:00:00,370.28,3808.04,40.59,10401.2,9047.4,47.77,1,13.0
UNIT_0011,2026-07-08 12:00:00,368.65,3821.08,40.7,10434.6,9059.2,47.76,0,113.0
UNIT_0047,2028-02-11 16:00:00,370.63,3804.25,40.87,10397.4,9109.6,47.76,1,4.0
UNIT_0029,2027-04-27 18:00:00,370.29,3802.74,40.66,10394.2,9055.2,47.77,1,11.0
UNIT_0013,2026-08-05 06:00:00,369.74,3817.9,40.67,10420.8,9053.8,47.76,0,113.0
UNIT_0037,2027-08-24 00:00:00,369.09,3810.39,40.65,10427.8,9048.4,47.76,0,115.0
UNIT_0018,2026-10-27 10:00:00,369.34,3823.42,40.71,10443.2,9060.2,47.76,0,182.0
UNIT_0026,2027-03-11 16:00:00,369.02,3814.04,40.68,10421.4,9053.4,47.76,0,92.0
UNIT_0005,2026-03-27 20:00:00,369.41,3816.46,40.83,10444.6,9079.2,47.76,0,85.0
UNIT_0038,2027-09-12 10:00:00,369.11,3813.42,40.7,10416.6,9056.5,47.76,0,76.0
UNIT_0041,2027-10-19 10:00:00,368.79,3819.7,40.71,10441.4,9060.8,47.76,0,164.0
UNIT_0046,2028-01-06 06:00:00,369.04,3822.11,40.72,10435.2,9059.8,47.76,0,227.0
UNIT_0042,2027-11-18 08:00:00,370.45,3807.29,40.68,10395.8,9069.2,47.76,1,1.0
UNIT_0029,2027-04-23 18:00:00,369.81,3815.63,40.72,10415.6,9063.5,47.76,0,59.0
UNIT_0027,2027-03-25 04:00:00,369.38,3814.18,40.71,10438.0,9066.9,47.76,0,86.0
UNIT_0040,2027-10-09 20:00:00,369.33,3807.36,40.71,10418.8,9072.6,47.76,0,63.0
UNIT_0009,2026-05-27 06:00:00,369.06,3822.73,40.74,10447.8,9063.0,47.76,0,158.0
UNIT_0038,2027-09-05 22:00:00,369.62,3816.11,40.65,10434.0,9047.1,47.76,0,154.0
UNIT_0020,2026-12-13 18:00:00,370.88,3797.5,40.73,10401.0,9073.6,47.76,1,6.0
UNIT_0002,2026-01-20 06:00:00,368.87,3820.18,40.69,10446.0,9047.0,47.76,0,247.0
UNIT_0042,2027-11-07 08:00:00,369.18,3819.97,40.71,10440.4,9061.8,47.76,0,133.0
UNIT_0001,2026-01-10 04:00:00,369.52,3816.18,40.66,10430.6,9051.6,47.76,0,81.0
UNIT_0027,2027-03-31 18:00:00,370.25,3808.73,40.97,10405.0,9123.0,47.76,1,7.0
UNIT_0034,2027-07-14 00:00:00,369.24,3817.49,40.72,10427.4,9066.4,47.76,0,98.0
UNIT_0012,2026-07-29 12:00:00,369.72,3806.05,40.63,10410.6,9043.0,47.76,0,31.0
UNIT_0030,2027-05-12 18:00:00,369.63,3810.66,40.67,10417.0,9055.0,47.76,1,25.0
UNIT_0021,2026-12-23 14:00:00,369.37,3814.18,40.69,10424.4,9060.0,47.76,0,83.0
UNIT_0023,2027-01-29 08:00:00,370.09,3806.6,40.64,10400.2,9059.0,47.77,1,12.0
UNIT_0015,2026-09-01 02:00:00,368.64,3824.52,40.71,10451.6,9054.3,47.76,0,178.0
UNIT_0048,2028-02-22 12:00:00,369.3,3818.73,40.78,10442.8,9078.7,47.76,0,105.0
UNIT_0015,2026-09-07 08:00:00,369.28,3820.52,40.7,10441.8,9056.5,47.76,0,103.0
UNIT_0011,2026-07-13 02:00:00,369.44,3814.66,40.81,10429.6,9081.3,47.76,0,58.0
UNIT_0024,2027-02-08 22:00:00,369.3,3813.28,40.67,10425.8,9061.5,47.76,0,32.0
UNIT_0021,2026-12-24 16:00:00,369.48,3818.11,40.72,10432.8,9072.7,47.76,0,70.0
UNIT_0036,2027-08-06 14:00:00,369.47,3819.56,40.68,10431.8,9058.3,47.76,0,154.0
UNIT_0007,2026-05-07 06:00:00,369.78,3809.91,40.76,10424.8,9081.1,47.76,0,47.0
UNIT_0002,2026-01-19 00:00:00,368.66,3820.66,40.68,10446.2,9055.3,47.76,0,262.0
UNIT_0047,2028-02-07 18:00:00,369.53,3813.42,40.78,10426.8,9078.0,47.76,0,51.0
UNIT_0047,2028-01-26 02:00:00,368.8,3821.35,40.75,10442.0,9054.8,47.76,0,203.0
UNIT_0043,2027-12-03 10:00:00,370.4,3812.46,40.62,10418.0,9041.2,47.76,1,27.0
UNIT_0011,2026-07-08 14:00:00,369.06,3821.42,40.74,10440.4,9068.5,47.76,0,112.0
UNIT_0027,2027-03-20 20:00:00,369.46,3817.7,40.7,10428.6,9064.9,47.76,0,138.0
UNIT_0035,2027-07-25 00:00:00,369.13,3821.56,40.69,10440.4,9055.9,47.76,0,147.0
UNIT_0044,2027-12-10 04:00:00,369.28,3825.28,40.74,10435.4,9072.0,47.76,0,138.0
UNIT_0031,2027-05-16 20:00:00,368.87,3822.04,40.69,10457.0,9054.4,47.76,0,210.0
UNIT_0005,2026-03-16 10:00:00,368.8,3824.8,40.74,10451.4,9068.2,47.76,0,222.0
UNIT_0007,2026-05-05 04:00:00,369.71,3816.39,40.76,10426.8,9069.4,47.76,0,72.0
UNIT_0015,2026-09-08 06:00:00,369.48,3816.87,40.7,10433.0,9054.0,47.76,0,92.0
UNIT_0009,2026-06-04 04:00:00,369.45,3820.18,40.86,10436.6,9096.4,47.76,0,63.0
UNIT_0026,2027-03-10 06:00:00,369.33,3816.46,40.67,10432.8,9058.4,47.76,0,109.0
UNIT_0032,2027-06-16 16:00:00,369.82,3809.56,40.73,10404.8,9077.8,47.76,0,31.0
UNIT_0002,2026-01-28 00:00:00,369.69,3821.14,40.7,10434.2,9060.8,47.76,0,154.0
UNIT_0006,2026-04-12 06:00:00,369.58,3811.63,40.62,10426.2,9039.3,47.76,0,88.0
UNIT_0015,2026-08-30 14:00:00,368.75,3824.8,40.71,10450.8,9055.3,47.76,0,196.0
UNIT_0015,2026-09-02 10:00:00,369.11,3826.52,40.71,10439.2,9057.8,47.76,0,162.0
UNIT_0018,2026-11-01 20:00:00,368.97,3819.56,40.72,10445.0,9062.3,47.76,0,117.0
UNIT_0045,2027-12-25 04:00:00,369.17,3818.94,40.76,10453.0,9069.8,47.76,0,116.0
UNIT_0034,2027-07-11 02:00:00,369.41,3817.21,40.69,10433.0,9059.4,47.76,0,133.0
UNIT_0041,2027-10-27 08:00:00,369.1,3813.08,40.79,10429.8,9079.4,47.76,0,69.0
UNIT_0044,2027-12-17 12:00:00,369.28,3814.59,40.73,10424.4,9071.8,47.76,0,50.0
UNIT_0031,2027-05-30 02:00:00,369.63,3814.66,40.67,10432.8,9054.3,47.76,0,51.0
UNIT_0050,2028-03-21 08:00:00,368.8,3817.15,40.72,10435.2,9064.0,47.76,0,184.0
UNIT_0006,2026-04-05 02:00:00,369.76,3819.56,40.62,10435.8,9039.8,47.76,0,174.0
UNIT_0046,2028-01-09 00:00:00,369.4,3826.11,40.75,10444.0,9059.6,47.76,0,194.0
UNIT_0015,2026-09-01 04:00:00,369.09,3827.56,40.72,10461.2,9054.6,47.76,0,177.0
UNIT_0019,2026-11-22 04:00:00,370.1,3810.6,40.63,10411.4,9048.7,47.76,0,31.0
UNIT_0041,2027-10-25 06:00:00,369.37,3820.11,40.77,10443.2,9075.1,47.76,0,94.0
UNIT_0047,2028-01-29 02:00:00,368.92,3823.83,40.73,10443.2,9068.0,47.76,0,167.0
UNIT_0019,2026-11-15 22:00:00,369.28,3810.66,40.6,10436.0,9048.0,47.76,0,106.0
UNIT_0025,2027-02-15 06:00:00,369.82,3816.39,40.66,10425.8,9042.2,47.76,0,186.0
UNIT_0002,2026-01-18 08:00:00,369.28,3817.08,40.67,10454.2,9052.0,47.76,0,270.0
UNIT_0016,2026-09-29 04:00:00,369.92,3810.11,40.65,10414.2,9059.1,47.76,0,50.0
UNIT_0014,2026-08-21 22:00:00,369.55,3812.73,40.73,10414.8,9069.1,47.76,0,93.0
UNIT_0025,2027-03-02 12:00:00,370.71,3804.53,41.04,10404.2,9138.8,47.76,1,3.0
UNIT_0046,2028-01-21 22:00:00,369.73,3811.22,40.68,10419.4,9067.6,47.76,0,39.0
UNIT_0004,2026-03-08 12:00:00,369.63,3816.53,40.81,10434.8,9082.9,47.76,0,48.0
UNIT_0047,2028-01-29 18:00:00,368.85,3820.39,40.76,10435.6,9062.6,47.76,0,159.0
UNIT_0004,2026-03-03 04:00:00,369.62,3815.77,40.69,10424.4,9063.0,47.76,0,112.0
UNIT_0011,2026-07-07 00:00:00,369.42,3819.21,40.72,10447.8,9052.2,47.76,0,131.0
UNIT_0001,2026-01-15 20:00:00,369.71,3802.94,40.58,10407.6,9044.2,47.77,1,13.0
UNIT_0030,2027-05-01 20:00:00,368.93,3823.97,40.72,10455.8,9065.5,47.76,0,156.0
UNIT_0036,2027-08-08 00:00:00,369.34,3815.7,40.67,10432.6,9055.9,47.76,0,137.0
UNIT_0006,2026-04-08 20:00:00,369.84,3811.15,40.62,10425.0,9037.9,47.76,0,129.0
UNIT_0034,2027-07-08 12:00:00,368.93,3816.39,40.71,10428.2,9052.3,47.76,0,164.0
UNIT_0030,2027-05-03 08:00:00,368.92,3824.39,40.73,10443.2,9060.1,47.76,0,138.0
UNIT_0009,2026-06-02 14:00:00,369.22,3823.56,40.81,10438.2,9079.7,47.76,0,82.0
UNIT_0041,2027-10-29 06:00:00,369.96,3810.53,40.88,10429.4,9095.3,47.76,0,46.0
UNIT_0048,2028-02-13 06:00:00,369.02,3820.8,40.74,10449.4,9070.5,47.76,0,216.0
UNIT_0041,2027-10-21 02:00:00,369.16,3824.66,40.72,10447.0,9068.8,47.76,0,144.0
UNIT_0044,2027-12-18 10:00:00,369.98,3817.21,40.77,10423.4,9082.1,47.76,0,39.0
UNIT_0044,2027-12-12 04:00:00,369.65,3821.28,40.75,10437.6,9070.3,47.76,0,114.0
UNIT_0002,2026-01-17 12:00:00,368.88,3825.49,40.68,10442.8,9052.7,47.76,0,280.0
UNIT_0041,2027-10-23 16:00:00,368.92,3821.56,40.77,10448.2,9078.0,47.76,0,113.0
UNIT_0036,2027-08-13 16:00:00,370.33,3817.49,40.72,10424.4,9064.2,47.76,0,69.0
UNIT_0048,2028-02-13 16:00:00,368.63,3817.56,40.72,10454.0,9065.9,47.76,0,211.0
UNIT_0005,2026-04-02 10:00:00,370.44,3802.25,40.98,10409.8,9130.2,47.76,1,18.0
UNIT_0003,2026-02-15 16:00:00,369.39,3818.32,40.69,10437.6,9067.1,47.76,0,109.0
UNIT_0035,2027-07-30 16:00:00,369.2,3821.63,40.75,10431.6,9064.0,47.76,0,79.0
UNIT_0042,2027-11-17 18:00:00,370.13,3802.6,40.67,10395.4,9060.0,47.76,1,8.0
UNIT_0023,2027-01-28 04:00:00,369.92,3808.73,40.64,10412.2,9052.9,47.76,1,26.0
UNIT_0035,2027-07-31 00:00:00,369.94,3813.35,40.73,10421.2,9066.7,47.76,0,75.0
UNIT_0017,2026-10-08 18:00:00,369.31,3821.14,40.72,10448.6,9066.1,47.76,0,211.0
UNIT_0039,2027-09-24 22:00:00,369.12,3815.77,40.63,10427.6,9044.8,47.76,0,54.0
UNIT_0012,2026-07-31 00:00:00,369.71,3805.29,40.65,10400.6,9052.5,47.77,1,13.0
UNIT_0020,2026-12-04 22:00:00,369.56,3811.42,40.71,10430.8,9064.0,47.76,0,112.0
UNIT_0011,2026-07-12 20:00:00,369.7,3816.11,40.78,10421.8,9082.8,47.76,0,61.0
UNIT_0034,2027-07-09 10:00:00,368.42,3818.52,40.7,10437.2,9061.2,47.76,0,153.0
UNIT_0035,2027-07-28 18:00:00,368.61,3817.97,40.7,10427.6,9057.3,47.76,0,102.0
UNIT_0030,2027-05-10 18:00:00,369.27,3815.01,40.68,10424.6,9062.4,47.76,0,49.0
UNIT_0014,2026-08-23 14:00:00,370.23,3813.42,40.73,10423.4,9070.6,47.76,0,73.0
UNIT_0017,2026-10-14 10:00:00,369.39,3825.07,40.77,10438.8,9078.4,47.76,0,143.0
UNIT_0019,2026-11-20 08:00:00,369.71,3809.91,40.6,10415.6,9042.4,47.76,0,53.0
UNIT_0020,2026-12-13 10:00:00,369.98,3807.98,40.73,10388.8,9072.1,47.76,1,10.0
UNIT_0001,2026-01-06 12:00:00,369.18,3821.83,40.67,10452.8,9050.2,47.76,0,125.0
UNIT_0041,2027-10-18 12:00:00,368.7,3826.25,40.74,10448.8,9064.1,47.76,0,175.0
UNIT_0003,2026-02-21 08:00:00,369.15,3816.73,40.83,10438.2,9098.0,47.76,0,41.0
UNIT_0006,2026-04-04 04:00:00,369.42,3811.15,40.63,10433.6,9044.8,47.76,0,185.0
UNIT_0016,2026-09-29 16:00:00,369.82,3804.11,40.67,10409.2,9063.1,47.76,0,44.0
UNIT_0017,2026-10-11 10:00:00,369.0,3824.73,40.73,10444.4,9064.6,47.76,0,179.0
UNIT_0018,2026-11-04 16:00:00,369.19,3821.42,40.75,10437.6,9076.8,47.76,0,83.0
UNIT_0005,2026-03-20 02:00:00,369.25,3822.25,40.76,10453.8,9066.5,47.76,0,178.0
UNIT_0033,2027-07-05 08:00:00,369.93,3802.32,40.66,10402.6,9057.2,47.77,1,7.0
UNIT_0013,2026-08-03 08:00:00,369.86,3813.84,40.7,10426.4,9056.2,47.76,0,136.0
UNIT_0039,2027-09-21 00:00:00,369.73,3811.08,40.62,10438.2,9044.4,47.76,0,101.0
UNIT_0032,2027-06-12 00:00:00,369.39,3810.46,40.66,10420.6,9062.5,47.76,0,87.0
UNIT_0003,2026-02-21 20:00:00,369.33,3812.39,40.9,10426.6,9101.6,47.76,0,35.0
UNIT_0008,2026-05-21 02:00:00,370.23,3810.11,40.64,10414.2,9046.8,47.76,0,31.0
UNIT_0010,2026-06-27 04:00:00,370.72,3806.87,40.85,10401.8,9108.9,47.76,1,9.0
UNIT_0004,2026-03-07 14:00:00,369.13,3815.9,40.74,10432.6,9075.8,47.76,0,59.0
UNIT_0017,2026-10-05 16:00:00,369.28,3820.8,40.7,10442.8,9059.4,47.76,0,248.0
UNIT_0037,2027-08-27 00:00:00,369.61,3816.94,40.6,10420.0,9044.3,47.76,0,79.0
UNIT_0005,2026-04-02 00:00:00,370.34,3809.49,40.97,10407.6,9130.4,47.76,1,23.0
UNIT_0047,2028-01-29 14:00:00,368.77,3820.52,40.72,10446.0,9070.7,47.76,0,161.0
UNIT_0025,2027-02-23 08:00:00,369.96,3812.66,40.7,10425.2,9057.6,47.76,0,89.0
UNIT_0048,2028-02-19 10:00:00,368.77,3823.49,40.76,10440.8,9067.8,47.76,0,142.0
UNIT_0030,2027-05-11 08:00:00,369.39,3814.04,40.71,10426.4,9058.3,47.76,0,42.0
UNIT_0016,2026-10-01 08:00:00,370.35,3798.74,40.67,10401.6,9062.8,47.76,1,24.0
UNIT_0042,2027-11-14 04:00:00,370.11,3816.66,40.7,10410.8,9062.2,47.76,0,51.0
UNIT_0011,2026-07-03 10:00:00,369.57,3822.94,40.7,10442.8,9060.3,47.76,0,174.0
UNIT_0006,2026-04-07 16:00:00,369.26,3817.01,40.62,10418.6,9046.2,47.76,0,143.0
UNIT_0028,2027-04-11 02:00:00,369.24,3816.18,40.74,10436.4,9064.5,47.76,0,48.0
UNIT_0018,2026-10-27 08:00:00,369.13,3817.77,40.73,10445.0,9063.7,47.76,0,183.0
UNIT_0020,2026-11-26 08:00:00,369.95,3817.35,40.71,10419.8,9059.7,47.76,0,215.0
UNIT_0049,2028-03-18 14:00:00,370.14,3804.39,40.65,10407.4,9058.2,47.76,1,19.0
UNIT_0032,2027-06-05 14:00:00,370.2,3817.7,40.62,10418.4,9050.9,47.76,0,164.0
UNIT_0020,2026-12-13 02:00:00,370.26,3810.87,40.72,10394.4,9077.1,47.77,1,14.0
UNIT_0002,2026-02-09 20:00:00,370.7,3803.56,40.88,10396.2,9109.4,47.76,1,0.0
UNIT_0007,2026-04-23 16:00:00,369.28,3821.14,40.73,10440.6,9063.5,47.76,0,210.0
UNIT_0021,2026-12-26 02:00:00,369.72,3813.63,40.75,10429.4,9072.2,47.76,0,53.0
UNIT_0029,2027-04-20 20:00:00,369.51,3818.94,40.69,10428.8,9062.9,47.76,0,94.0
UNIT_0013,2026-08-09 14:00:00,369.5,3816.66,40.72,10428.2,9066.9,47.76,0,61.0
UNIT_0044,2027-12-07 00:00:00,369.32,3818.18,40.73,10451.8,9062.6,47.76,0,176.0
UNIT_0042,2027-11-15 04:00:00,370.11,3810.25,40.68,10409.2,9060.6,47.76,0,39.0
UNIT_0040,2027-10-03 18:00:00,370.13,3811.42,40.67,10419.8,9059.5,47.76,0,136.0
UNIT_0047,2028-02-11 10:00:00,370.16,3799.29,40.88,10402.4,9099.4,47.76,1,7.0
UNIT_0013,2026-08-04 18:00:00,369.3,3818.87,40.68,10426.0,9055.2,47.76,0,119.0
UNIT_0005,2026-03-28 02:00:00,369.84,3818.32,40.81,10436.4,9082.0,47.76,0,82.0
UNIT_0023,2027-01-26 12:00:00,369.75,3817.08,40.66,10419.4,9049.1,47.76,0,46.0
UNIT_0025,2027-02-22 14:00:00,369.46,3819.63,40.66,10433.4,9055.9,47.76,0,98.0
UNIT_0013,2026-08-05 12:00:00,369.47,3812.94,40.69,10443.6,9059.3,47.76,0,110.0
UNIT_0030,2027-04-30 22:00:00,368.39,3826.25,40.71,10452.2,9059.2,47.76,0,167.0
UNIT_0023,2027-01-20 00:00:00,369.46,3818.11,40.68,10423.6,9049.0,47.76,0,124.0
UNIT_0044,2027-12-07 20:00:00,369.02,3822.45,40.71,10443.2,9066.4,47.76,0,166.0
UNIT_0046,2028-01-24 08:00:00,370.44,3804.53,40.63,10395.4,9052.9,47.76,1,10.0
UNIT_0038,2027-09-13 20:00:00,369.92,3811.15,40.74,10416.6,9070.1,47.76,0,59.0
UNIT_0023,2027-01-25 06:00:00,370.04,3806.25,40.66,10418.2,9055.0,47.76,0,61.0
UNIT_0028,2027-04-11 06:00:00,369.49,3814.53,40.75,10433.0,9068.7,47.76,0,46.0
UNIT_0018,2026-11-06 18:00:00,369.59,3817.49,40.82,10440.8,9087.5,47.76,0,58.0
UNIT_0048,2028-02-17 06:00:00,368.73,3816.8,40.76,10449.2,9069.4,47.76,0,168.0
UNIT_0019,2026-11-24 08:00:00,370.3,3797.15,40.58,10392.4,9042.0,47.76,1,5.0
UNIT_0018,2026-10-29 10:00:00,369.13,3824.94,40.72,10441.2,9058.9,47.76,0,158.0
UNIT_0007,2026-04-29 18:00:00,369.43,3824.11,40.75,10435.2,9063.6,47.76,0,137.0
UNIT_0048,2028-02-21 12:00:00,369.07,3817.84,40.76,10443.4,9067.8,47.76,0,117.0
UNIT_0015,2026-09-01 06:00:00,368.84,3821.97,40.7,10454.8,9061.9,47.76,0,176.0
UNIT_0019,2026-11-15 06:00:00,368.88,3814.87,40.61,10418.6,9042.7,47.76,0,114.0
UNIT_0009,2026-06-05 22:00:00,369.52,3819.77,40.93,10425.6,9115.4,47.76,0,42.0
UNIT_0028,2027-04-03 06:00:00,369.09,3821.9,40.74,10451.6,9070.1,47.76,0,142.0
UNIT_0003,2026-02-10 00:00:00,369.51,3824.94,40.69,10440.6,9059.7,47.76,0,177.0
UNIT_0030,2027-05-13 16:00:00,370.21,3805.91,40.65,10398.6,9045.6,47.76,1,14.0
UNIT_0049,2028-03-11 00:00:00,369.55,3811.29,40.63,10427.2,9051.2,47.76,0,110.0
UNIT_0014,2026-08-29 16:00:00,370.34,3801.01,40.98,10411.2,9129.7,47.76,1,0.0
UNIT_0034,2027-07-12 04:00:00,368.93,3823.08,40.69,10435.0,9068.8,47.76,0,120.0
UNIT_0032,2027-06-11 06:00:00,369.91,3812.32,40.67,10423.4,9055.5,47.76,0,96.0
UNIT_0003,2026-02-13 22:00:00,369.01,3821.63,40.69,10445.6,9051.9,47.76,0,130.0
UNIT_0020,2026-12-11 02:00:00,369.74,3804.11,40.72,10414.0,9063.5,47.76,0,38.0
UNIT_0004,2026-03-02 04:00:00,369.65,3819.9,40.65,10442.8,9048.8,47.76,0,124.0
UNIT_0026,2027-03-03 16:00:00,369.53,3816.32,40.64,10428.2,9048.4,47.76,0,188.0
UNIT_0023,2027-01-29 12:00:00,370.12,3804.32,40.64,10398.2,9061.7,47.76,1,10.0
UNIT_0002,2026-01-19 08:00:00,368.93,3824.87,40.7,10445.2,9055.8,47.76,0,258.0
UNIT_0047,2028-02-05 16:00:00,369.3,3820.18,40.77,10434.8,9072.8,47.76,0,76.0
UNIT_0010,2026-06-11 06:00:00,369.13,3826.32,40.69,10440.8,9048.1,47.76,0,200.0
UNIT_0002,2026-01-29 16:00:00,368.81,3818.18,40.67,10436.4,9058.7,47.76,0,134.0
UNIT_0043,2027-11-26 08:00:00,368.71,3819.97,40.68,10439.0,9058.3,47.76,0,112.0
UNIT_0049,2028-03-17 04:00:00,370.05,3813.63,40.66,10410.4,9056.8,47.76,0,36.0
UNIT_0022,2027-01-09 14:00:00,370.04,3807.29,40.66,10420.8,9048.5,47.76,0,81.0
UNIT_0049,2028-03-19 20:00:00,370.33,3801.56,40.7,10394.4,9061.6,47.77,1,4.0
UNIT_0044,2027-12-09 04:00:00,369.15,3821.14,40.74,10439.0,9063.8,47.76,0,150.0
UNIT_0047,2028-02-08 00:00:00,369.72,3819.28,40.78,10419.8,9080.3,47.76,0,48.0
UNIT_0035,2027-07-30 06:00:00,369.04,3816.39,40.69,10429.6,9059.8,47.76,0,84.0
UNIT_0047,2028-02-02 20:00:00,369.34,3826.04,40.75,10439.4,9065.1,47.76,0,110.0
UNIT_0030,2027-05-12 16:00:00,370.07,3809.08,40.68,10414.0,9049.3,47.76,1,26.0
UNIT_0036,2027-08-10 04:00:00,369.76,3817.9,40.68,10431.0,9067.8,47.76,0,111.0
UNIT_0031,2027-05-20 06:00:00,368.91,3826.38,40.69,10446.2,9059.0,47.76,0,169.0
UNIT_0012,2026-07-19 06:00:00,369.26,3819.49,40.65,10428.2,9046.6,47.76,0,154.0
UNIT_0037,2027-08-22 10:00:00,369.41,3813.35,40.63,10447.2,9044.8,47.76,0,134.0
UNIT_0021,2026-12-27 16:00:00,369.64,3814.8,40.86,10422.2,9094.8,47.76,0,34.0
UNIT_0033,2027-06-22 16:00:00,369.12,3820.11,40.73,10452.4,9064.4,47.76,0,159.0
UNIT_0010,2026-06-15 06:00:00,368.86,3821.14,40.67,10443.2,9051.1,47.76,0,152.0
UNIT_0043,2027-11-19 04:00:00,369.64,3826.11,40.71,10448.2,9055.7,47.76,0,198.0
UNIT_0007,2026-05-10 12:00:00,370.68,3801.98,40.74,10404.2,9081.5,47.76,1,8.0
UNIT_0024,2027-02-09 04:00:00,369.71,3810.46,40.69,10414.4,9058.9,47.76,1,29.0
UNIT_0047,2028-01-28 22:00:00,369.66,3824.18,40.74,10437.6,9066.3,47.76,0,169.0
UNIT_0051,2028-04-06 20:00:00,369.3,3822.59,40.72,10460.2,9062.0,47.76,0,199.0
UNIT_0039,2027-09-20 16:00:00,369.4,3812.46,40.64,10421.4,9050.2,47.76,0,105.0
UNIT_0035,2027-07-26 02:00:00,369.89,3819.49,40.68,10440.6,9057.8,47.76,0,134.0
UNIT_0023,2027-01-22 18:00:00,369.41,3811.63,40.65,10422.0,9052.2,47.76,0,91.0
UNIT_0014,2026-08-29 02:00:00,370.94,3803.43,40.97,10404.0,9123.8,47.76,1,7.0
UNIT_0008,2026-05-20 18:00:00,369.58,3809.08,40.6,10424.2,9048.0,47.76,0,35.0
UNIT_0025,2027-02-12 02:00:00,369.59,3822.18,40.64,10438.2,9047.6,47.76,0,224.0
UNIT_0010,2026-06-13 16:00:00,369.05,3824.39,40.66,10438.8,9054.3,47.76,0,171.0
UNIT_0005,2026-03-17 02:00:00,368.83,3827.76,40.74,10447.8,9061.4,47.76,0,214.0
UNIT_0036,2027-08-18 04:00:00,370.39,3808.6,40.66,10403.6,9065.5,47.76,1,15.0
UNIT_0015,2026-09-13 16:00:00,370.53,3808.18,40.68,10420.2,9050.9,47.76,1,27.0
UNIT_0011,2026-07-11 08:00:00,369.13,3819.77,40.78,10429.2,9070.6,47.76,0,79.0
UNIT_0032,2027-06-04 18:00:00,369.79,3821.01,40.65,10428.8,9050.3,47.76,0,174.0
UNIT_0030,2027-05-04 12:00:00,369.0,3824.39,40.72,10457.0,9068.0,47.76,0,124.0
UNIT_0002,2026-01-25 16:00:00,368.79,3825.28,40.7,10442.2,9058.4,47.76,0,182.0
UNIT_0045,2028-01-02 12:00:00,369.9,3805.42,40.8,10405.0,9086.1,47.76,1,16.0
UNIT_0001,2026-01-05 18:00:00,368.75,3820.66,40.66,10444.2,9050.3,47.76,0,134.0
UNIT_0037,2027-08-27 12:00:00,370.1,3812.32,40.61,10421.6,9039.7,47.76,0,73.0
UNIT_0022,2027-01-01 10:00:00,369.29,3816.73,40.61,10419.4,9043.1,47.76,0,179.0
UNIT_0015,2026-09-06 16:00:00,369.15,3820.87,40.69,10440.6,9057.2,47.76,0,111.0
UNIT_0001,2026-01-03 06:00:00,369.2,3824.39,40.64,10451.4,9049.8,47.76,0,164.0
UNIT_0022,2027-01-03 06:00:00,369.56,3817.7,40.63,10422.8,9045.2,47.76,0,157.0
UNIT_0050,2028-04-03 02:00:00,369.86,3812.94,40.84,10421.0,9095.6,47.76,0,31.0
UNIT_0013,2026-08-12 00:00:00,369.92,3806.87,40.82,10424.4,9090.1,47.76,0,32.0
UNIT_0044,2027-12-14 02:00:00,369.05,3819.97,40.73,10439.0,9075.1,47.76,0,91.0
UNIT_0026,2027-03-15 12:00:00,369.85,3812.39,40.8,10425.8,9083.6,47.76,0,46.0
UNIT_0030,2027-05-02 18:00:00,368.62,3823.56,40.71,10445.0,9058.7,47.76,0,145.0
UNIT_0036,2027-08-09 02:00:00,369.73,3816.18,40.7,10423.8,9062.2,47.76,0,124.0
UNIT_0016,2026-09-28 16:00:00,369.82,3813.77,40.68,10423.0,9059.3,47.76,0,56.0
UNIT_0029,2027-04-18 06:00:00,369.18,3816.87,40.7,10434.8,9070.9,47.76,0,125.0
UNIT_0019,2026-11-20 16:00:00,369.81,3812.32,40.6,10420.2,9043.2,47.76,0,49.0
UNIT_0040,2027-10-01 14:00:00,369.64,3812.87,40.68,10432.8,9065.0,47.76,0,162.0
UNIT_0002,2026-01-25 14:00:00,369.26,3825.97,40.71,10443.6,9055.2,47.76,0,183.0
UNIT_0016,2026-09-21 10:00:00,369.3,3811.15,40.7,10414.2,9063.3,47.76,0,143.0
UNIT_0013,2026-08-04 00:00:00,369.46,3813.35,40.68,10423.8,9051.1,47.76,0,128.0
UNIT_0019,2026-11-19 12:00:00,369.93,3809.01,40.62,10411.2,9049.8,47.76,0,63.0
UNIT_0047,2028-02-07 12:00:00,369.34,3819.7,40.77,10428.2,9076.0,47.76,0,54.0
UNIT_0022,2027-01-03 00:00:00,369.6,3818.04,40.61,10424.2,9042.4,47.76,0,160.0
UNIT_0035,2027-08-03 08:00:00,369.9,3814.04,40.77,10401.6,9070.2,47.76,0,35.0
UNIT_0003,2026-02-24 00:00:00,370.2,3815.15,41.15,10412.4,9159.3,47.76,1,9.0
UNIT_0007,2026-04-25 04:00:00,369.46,3819.83,40.75,10444.0,9070.7,47.76,0,192.0
UNIT_0050,2028-04-01 06:00:00,369.96,3811.84,40.81,10425.6,9084.7,47.76,0,53.0
UNIT_0036,2027-08-06 16:00:00,369.62,3817.21,40.68,10436.6,9062.9,47.76,0,153.0
UNIT_0028,2027-04-07 00:00:00,368.89,3823.49,40.76,10450.8,9065.2,47.76,0,97.0
UNIT_0049,2028-03-12 16:00:00,369.97,3811.49,40.64,10417.8,9051.9,47.76,0,90.0
UNIT_0029,2027-04-21 16:00:00,369.35,3812.11,40.69,10436.6,9063.2,47.76,0,84.0
UNIT_0021,2026-12-17 18:00:00,369.38,3815.56,40.66,10431.2,9045.6,47.76,0,153.0
UNIT_0004,2026-02-26 18:00:00,369.36,3817.9,40.64,10442.2,9056.8,47.76,0,165.0
UNIT_0002,2026-02-06 04:00:00,369.89,3810.8,40.76,10421.0,9078.1,47.76,0,44.0
UNIT_0048,2028-02-15 18:00:00,369.28,3825.21,40.69,10442.4,9063.4,47.76,0,186.0
UNIT_0024,2027-02-07 00:00:00,369.43,3815.08,40.68,10444.6,9062.7,47.76,0,55.0
UNIT_0050,2028-03-24 10:00:00,368.97,3816.25,40.7,10436.2,9062.7,47.76,0,147.0
UNIT_0016,2026-09-21 06:00:00,369.65,3811.84,40.67,10420.2,9060.2,47.76,0,145.0
UNIT_0007,2026-05-05 02:00:00,369.33,3813.97,40.73,10424.4,9077.0,47.76,0,73.0
UNIT_0015,2026-09-06 22:00:00,369.65,3823.21,40.71,10444.4,9051.0,47.76,0,108.0
UNIT_0004,2026-03-09 16:00:00,369.9,3811.77,40.86,10414.4,9109.2,47.76,0,34.0
UNIT_0009,2026-06-06 20:00:00,369.46,3814.18,41.05,10436.0,9135.1,47.76,0,31.0
UNIT_0048,2028-02-12 06:00:00,368.92,3826.38,40.73,10453.0,9060.4,47.76,0,228.0
UNIT_0025,2027-02-16 08:00:00,369.67,3815.49,40.64,10439.6,9042.2,47.76,0,173.0
UNIT_0051,2028-04-07 22:00:00,369.28,3823.14,40.76,10444.2,9065.8,47.76,0,186.0
UNIT_0010,2026-06-11 16:00:00,369.02,3818.52,40.66,10450.8,9057.2,47.76,0,195.0
UNIT_0016,2026-10-02 16:00:00,370.3,3804.53,40.67,10399.2,9064.9,47.76,1,8.0
UNIT_0017,2026-10-22 12:00:00,369.95,3817.49,40.93,10417.8,9118.5,47.76,0,46.0
UNIT_0022,2027-01-13 02:00:00,369.64,3810.18,40.62,10416.4,9047.0,47.76,0,39.0
UNIT_0018,2026-11-07 18:00:00,369.72,3820.73,40.88,10419.4,9105.0,47.76,0,46.0
UNIT_0036,2027-08-08 14:00:00,369.2,3811.97,40.7,10420.6,9064.4,47.76,0,130.0
UNIT_0008,2026-05-15 08:00:00,369.31,3813.15,40.65,10416.8,9046.6,47.76,0,100.0
UNIT_0006,2026-04-09 10:00:00,369.55,3815.63,40.61,10425.4,9040.0,47.76,0,122.0
UNIT_0007,2026-04-25 14:00:00,368.63,3825.76,40.73,10450.8,9066.1,47.76,0,187.0
UNIT_0047,2028-02-08 16:00:00,369.58,3811.42,40.8,10425.2,9079.9,47.76,0,40.0
UNIT_0020,2026-11-25 20:00:00,369.61,3819.15,40.67,10429.0,9050.2,47.76,0,221.0
UNIT_0037,2027-08-24 20:00:00,369.37,3815.35,40.64,10433.6,9039.2,47.76,0,105.0
UNIT_0026,2027-03-11 06:00:00,369.86,3815.56,40.69,10420.6,9060.9,47.76,0,97.0
UNIT_0001,2026-01-06 06:00:00,369.08,3818.87,40.64,10436.4,9043.7,47.76,0,128.0
UNIT_0003,2026-02-22 04:00:00,369.54,3815.35,40.89,10422.0,9112.9,47.76,0,31.0
UNIT_0022,2027-01-04 10:00:00,369.2,3815.84,40.65,10421.4,9043.7,47.76,0,143.0
UNIT_0008,2026-05-20 02:00:00,369.78,3811.08,40.62,10417.6,9051.9,47.76,0,43.0
UNIT_0010,2026-06-26 00:00:00,369.79,3811.35,40.82,10407.0,9090.0,47.76,1,23.0
UNIT_0030,2027-04-29 16:00:00,369.14,3829.97,40.72,10440.4,9060.4,47.76,0,182.0
UNIT_0050,2028-03-24 14:00:00,369.38,3819.56,40.75,10436.0,9071.8,47.76,0,145.0
UNIT_0020,2026-12-03 00:00:00,369.14,3815.77,40.69,10424.8,9060.6,47.76,0,135.0
UNIT_0033,2027-06-30 10:00:00,369.42,3817.35,40.66,10427.0,9061.6,47.76,0,66.0
UNIT_0041,2027-10-25 08:00:00,369.81,3818.8,40.77,10437.4,9076.8,47.76,0,93.0
UNIT_0001,2026-01-08 00:00:00,369.13,3822.45,40.68,10446.0,9056.1,47.76,0,107.0
UNIT_0047,2028-02-05 00:00:00,369.32,3818.66,40.74,10437.8,9073.0,47.76,0,84.0
UNIT_0007,2026-05-02 20:00:00,369.73,3817.49,40.74,10439.4,9062.7,47.76,0,100.0
UNIT_0011,2026-07-10 06:00:00,369.47,3815.63,40.77,10439.4,9067.7,47.76,0,92.0
UNIT_0014,2026-08-29 14:00:00,370.55,3805.63,40.95,10397.8,9132.4,47.76,1,1.0
UNIT_0030,2027-05-02 04:00:00,368.86,3812.32,40.73,10430.2,9055.2,47.76,0,152.0
UNIT_0004,2026-02-27 00:00:00,368.93,3817.7,40.68,10447.4,9056.7,47.76,0,162.0
UNIT_0022,2027-01-08 10:00:00,369.63,3808.8,40.64,10426.2,9046.0,47.76,0,95.0
UNIT_0002,2026-02-04 20:00:00,369.65,3817.84,40.74,10425.6,9070.7,47.76,0,60.0
UNIT_0026,2027-03-12 16:00:00,369.36,3814.73,40.7,10424.8,9054.1,47.76,0,80.0
UNIT_0021,2026-12-21 10:00:00,369.88,3817.15,40.64,10429.4,9041.5,47.76,0,109.0
UNIT_0014,2026-08-14 18:00:00,369.73,3811.56,40.69,10432.0,9058.6,47.76,0,179.0
UNIT_0011,2026-07-16 10:00:00,370.23,3809.91,40.97,10420.6,9126.0,47.76,1,18.0
UNIT_0042,2027-11-03 14:00:00,369.19,3818.25,40.69,10450.8,9062.8,47.76,0,178.0
UNIT_0007,2026-04-24 20:00:00,369.21,3824.11,40.76,10436.4,9062.1,47.76,0,196.0
UNIT_0032,2027-06-08 02:00:00,369.89,3814.39,40.67,10436.6,9048.3,47.76,0,134.0
UNIT_0019,2026-11-23 08:00:00,370.08,3804.39,40.6,10408.2,9041.8,47.77,1,17.0
UNIT_0002,2026-01-25 10:00:00,369.29,3822.73,40.68,10441.0,9052.4,47.76,0,185.0
UNIT_0013,2026-08-08 22:00:00,369.8,3817.49,40.73,10424.6,9068.7,47.76,0,69.0
UNIT_0048,2028-02-28 04:00:00,369.47,3817.21,40.99,10414.8,9135.7,47.76,0,37.0
UNIT_0007,2026-05-06 12:00:00,369.73,3809.15,40.76,10429.4,9079.0,47.76,0,56.0
UNIT_0046,2028-01-24 02:00:00,370.3,3805.84,40.63,10394.4,9054.4,47.76,1,13.0
UNIT_0038,2027-09-09 02:00:00,369.5,3814.11,40.67,10427.0,9053.8,47.76,0,116.0
UNIT_0008,2026-05-17 04:00:00,369.64,3812.94,40.61,10421.4,9044.5,47.76,0,78.0
UNIT_0012,2026-07-24 18:00:00,370.1,3817.35,40.63,10417.0,9049.1,47.76,0,88.0
UNIT_0050,2028-04-04 06:00:00,370.2,3806.87,40.89,10397.4,9106.1,47.76,1,17.0
UNIT_0028,2027-04-09 04:00:00,369.23,3819.28,40.75,10440.8,9064.5,47.76,0,71.0
UNIT_0050,2028-03-23 14:00:00,369.32,3819.9,40.73,10441.0,9073.3,47.76,0,157.0
UNIT_0011,2026-07-11 16:00:00,369.4,3816.94,40.76,10432.6,9070.2,47.76,0,75.0
UNIT_0022,2027-01-14 02:00:00,370.18,3810.11,40.65,10412.6,9050.3,47.76,1,27.0
UNIT_0015,2026-09-02 20:00:00,369.11,3824.66,40.71,10447.8,9059.1,47.76,0,157.0
UNIT_0008,2026-05-11 06:00:00,370.03,3808.04,40.62,10424.6,9048.7,47.76,0,149.0
UNIT_0029,2027-04-20 02:00:00,369.76,3819.7,40.7,10434.2,9054.7,47.76,0,103.0
UNIT_0045,2027-12-23 12:00:00,369.49,3817.7,40.77,10446.6,9072.8,47.76,0,136.0
UNIT_0039,2027-09-19 10:00:00,370.25,3812.46,40.64,10431.0,9043.7,47.76,0,120.0
UNIT_0010,2026-06-14 22:00:00,368.8,3822.8,40.68,10448.6,9049.6,47.76,0,156.0
UNIT_0009,2026-06-06 22:00:00,369.19,3811.35,41.01,10427.2,9142.0,47.76,1,30.0
UNIT_0019,2026-11-13 22:00:00,368.92,3815.9,40.65,10434.2,9046.9,47.76,0,130.0
UNIT_0002,2026-02-06 12:00:00,369.73,3809.08,40.75,10412.2,9075.0,47.76,0,40.0
UNIT_0023,2027-01-22 06:00:00,369.0,3815.56,40.66,10424.0,9046.3,47.76,0,97.0
UNIT_0022,2027-01-13 08:00:00,370.06,3806.73,40.63,10400.0,9048.7,47.76,0,36.0
UNIT_0021,2026-12-28 00:00:00,369.99,3805.77,40.85,10417.2,9099.6,47.76,1,30.0
UNIT_0017,2026-10-25 18:00:00,370.58,3807.29,41.13,10410.8,9162.2,47.76,1,7.0
UNIT_0045,2027-12-30 10:00:00,369.65,3816.53,40.77,10429.2,9073.4,47.76,0,53.0
UNIT_0046,2028-01-13 14:00:00,368.46,3818.11,40.69,10432.8,9056.8,47.76,0,139.0
UNIT_0024,2027-02-06 10:00:00,369.25,3819.08,40.72,10436.6,9055.6,47.76,0,62.0
UNIT_0033,2027-06-21 06:00:00,368.55,3823.56,40.7,10455.8,9055.0,47.76,0,176.0
UNIT_0015,2026-09-06 20:00:00,368.82,3814.59,40.73,10443.6,9050.5,47.76,0,109.0
UNIT_0041,2027-10-16 04:00:00,369.34,3824.25,40.76,10445.6,9063.0,47.76,0,203.0
UNIT_0004,2026-02-28 16:00:00,369.0,3818.32,40.66,10433.8,9057.4,47.76,0,142.0
UNIT_0011,2026-07-10 00:00:00,369.33,3821.35,40.72,10420.4,9066.6,47.76,0,95.0
UNIT_0045,2027-12-29 20:00:00,369.69,3815.42,40.78,10438.4,9079.4,47.76,0,60.0
UNIT_0020,2026-12-12 14:00:00,370.45,3805.22,40.72,10398.2,9071.3,47.76,1,20.0
UNIT_0027,2027-03-28 00:00:00,369.65,3814.8,40.76,10427.4,9079.0,47.76,0,52.0
UNIT_0002,2026-02-01 02:00:00,369.24,3817.15,40.72,10447.8,9069.4,47.76,0,105.0
UNIT_0032,2027-06-18 18:00:00,370.48,3801.36,40.78,10409.2,9090.5,47.76,1,6.0
UNIT_0047,2028-02-08 14:00:00,369.61,3815.15,40.81,10418.2,9081.0,47.76,0,41.0
UNIT_0013,2026-08-04 10:00:00,368.84,3817.56,40.67,10433.6,9062.6,47.76,0,123.0
UNIT_0007,2026-04-22 00:00:00,368.75,3826.66,40.76,10450.4,9073.6,47.76,0,230.0
UNIT_0049,2028-03-08 16:00:00,369.3,3815.84,40.64,10432.2,9048.3,47.76,0,138.0
UNIT_0026,2027-03-17 04:00:00,370.2,3803.98,40.87,10411.4,9103.9,47.76,1,26.0
UNIT_0047,2028-01-31 22:00:00,368.6,3824.66,40.72,10449.8,9063.1,47.76,0,133.0
UNIT_0043,2027-11-24 22:00:00,369.18,3820.32,40.7,10440.4,9053.4,47.76,0,129.0
UNIT_0050,2028-03-28 10:00:00,369.24,3812.87,40.76,10427.8,9067.2,47.76,0,99.0
UNIT_0009,2026-05-29 16:00:00,368.7,3822.04,40.78,10444.4,9071.5,47.76,0,129.0
UNIT_0016,2026-09-23 04:00:00,370.06,3814.53,40.68,10430.6,9048.8,47.76,0,122.0
UNIT_0003,2026-02-11 04:00:00,369.5,3820.87,40.69,10445.0,9051.1,47.76,0,163.0
UNIT_0038,2027-09-06 14:00:00,369.34,3817.7,40.64,10435.4,9050.7,47.76,0,146.0
UNIT_0014,2026-08-27 08:00:00,370.06,3804.18,40.83,10401.4,9094.7,47.76,1,28.0
UNIT_0041,2027-10-23 18:00:00,369.1,3822.52,40.75,10443.4,9069.2,47.76,0,112.0
UNIT_0020,2026-12-03 18:00:00,369.17,3814.46,40.72,10433.6,9061.0,47.76,0,126.0
UNIT_0037,2027-08-22 04:00:00,369.52,3816.11,40.64,10439.2,9047.8,47.76,0,137.0
UNIT_0015,2026-08-30 10:00:00,368.85,3826.52,40.68,10442.8,9055.8,47.76,0,198.0
UNIT_0002,2026-01-31 12:00:00,369.31,3819.77,40.7,10444.0,9067.9,47.76,0,112.0
UNIT_0005,2026-03-12 18:00:00,368.92,3823.08,40.74,10457.0,9068.2,47.76,0,266.0
UNIT_0038,2027-09-13 00:00:00,369.67,3816.46,40.75,10426.8,9062.9,47.76,0,69.0
UNIT_0048,2028-02-27 20:00:00,370.07,3818.94,40.98,10432.2,9121.1,47.76,0,41.0
UNIT_0021,2026-12-25 10:00:00,369.42,3819.35,40.76,10421.2,9065.4,47.76,0,61.0
UNIT_0013,2026-08-10 02:00:00,370.06,3815.15,40.74,10412.4,9068.5,47.76,0,55.0
UNIT_0017,2026-10-19 22:00:00,368.9,3819.28,40.81,10429.4,9086.7,47.76,0,77.0
UNIT_0007,2026-05-09 10:00:00,370.06,3807.63,40.76,10409.8,9076.2,47.76,1,21.0
UNIT_0020,2026-12-14 02:00:00,370.7,3801.36,40.7,10385.6,9075.7,47.77,1,2.0
UNIT_0046,2028-01-09 20:00:00,369.0,3825.14,40.68,10439.4,9056.2,47.76,0,184.0
UNIT_0002,2026-01-27 20:00:00,368.81,3825.76,40.71,10447.4,9055.7,47.76,0,156.0
UNIT_0010,2026-06-19 06:00:00,369.28,3821.14,40.75,10436.6,9059.4,47.76,0,104.0
UNIT_0004,2026-03-09 18:00:00,369.39,3807.36,40.86,10427.2,9100.8,47.76,0,33.0
UNIT_0046,2028-01-15 22:00:00,369.26,3815.35,40.69,10449.6,9056.3,47.76,0,111.0
UNIT_0048,2028-02-21 06:00:00,368.96,3823.56,40.76,10451.8,9077.7,47.76,0,120.0
UNIT_0005,2026-03-31 22:00:00,370.55,3813.63,40.91,10420.8,9110.3,47.76,0,36.0
UNIT_0011,2026-07-05 12:00:00,369.45,3823.42,40.73,10444.2,9056.0,47.76,0,149.0
UNIT_0047,2028-02-01 08:00:00,369.34,3823.14,40.73,10449.8,9061.6,47.76,0,128.0
UNIT_0049,2028-03-05 06:00:00,368.75,3816.73,40.62,10428.6,9042.5,47.76,0,179.0
UNIT_0013,2026-08-14 10:00:00,370.62,3800.39,41.05,10396.0,9141.0,47.76,1,3.0
UNIT_0035,2027-07-23 16:00:00,369.26,3819.21,40.7,10439.0,9048.7,47.76,0,163.0
UNIT_0039,2027-09-22 16:00:00,369.61,3813.01,40.64,10422.0,9047.9,47.76,0,81.0
UNIT_0006,2026-04-08 00:00:00,369.7,3816.8,40.61,10431.4,9032.0,47.76,0,139.0
UNIT_0016,2026-09-29 18:00:00,370.44,3806.8,40.68,10399.2,9060.7,47.76,0,43.0
UNIT_0023,2027-01-26 14:00:00,369.98,3810.39,40.66,10407.8,9060.1,47.76,0,45.0
UNIT_0007,2026-05-01 20:00:00,369.53,3819.08,40.74,10429.2,9073.7,47.76,0,112.0
UNIT_0019,2026-11-18 20:00:00,369.6,3814.46,40.61,10427.6,9044.9,47.76,0,71.0
UNIT_0031,2027-05-24 14:00:00,369.09,3818.94,40.7,10447.6,9058.6,47.76,0,117.0
UNIT_0047,2028-02-07 22:00:00,369.48,3814.39,40.76,10425.8,9081.8,47.76,0,49.0
UNIT_0036,2027-08-17 08:00:00,370.16,3806.87,40.65,10411.4,9054.4,47.76,1,25.0
UNIT_0032,2027-06-18 04:00:00,370.19,3806.94,40.75,10396.6,9083.8,47.76,1,13.0
UNIT_0049,2028-03-10 00:00:00,369.87,3818.59,40.6,10426.4,9037.2,47.76,0,122.0
UNIT_0031,2027-06-02 20:00:00,369.62,3802.12,40.63,10401.0,9044.6,47.76,1,6.0
UNIT_0049,2028-03-14 18:00:00,369.57,3809.98,40.64,10421.6,9051.4,47.76,0,65.0
UNIT_0027,2027-03-21 16:00:00,369.4,3821.97,40.73,10444.2,9067.4,47.76,0,128.0
UNIT_0020,2026-12-05 00:00:00,369.53,3811.22,40.69,10419.6,9061.9,47.76,0,111.0
UNIT_0049,2028-03-03 14:00:00,369.38,3813.56,40.61,10440.4,9050.7,47.76,0,199.0
UNIT_0015,2026-09-07 22:00:00,369.24,3818.18,40.71,10437.2,9056.7,47.76,0,96.0
UNIT_0046,2028-01-23 00:00:00,370.57,3809.08,40.66,10410.2,9060.3,47.76,1,26.0
UNIT_0006,2026-04-13 14:00:00,369.7,3815.63,40.59,10414.4,9043.4,47.76,0,72.0
UNIT_0007,2026-05-07 04:00:00,369.82,3813.77,40.73,10424.8,9070.9,47.76,0,48.0
UNIT_0011,2026-07-12 18:00:00,369.62,3817.08,40.81,10433.8,9084.3,47.76,0,62.0
UNIT_0007,2026-05-01 22:00:00,369.25,3812.32,40.76,10443.4,9074.1,47.76,0,111.0
UNIT_0026,2027-03-15 22:00:00,369.59,3810.25,40.81,10420.4,9084.9,47.76,0,41.0
UNIT_0031,2027-05-26 22:00:00,368.98,3815.56,40.71,10439.6,9057.5,47.76,0,89.0
UNIT_0044,2027-12-12 22:00:00,369.34,3818.32,40.76,10432.6,9068.1,47.76,0,105.0
UNIT_0033,2027-06-23 16:00:00,368.85,3820.04,40.72,10435.6,9057.5,47.76,0,147.0
UNIT_0004,2026-03-11 20:00:00,370.19,3804.67,41.15,10404.8,9169.0,47.76,1,8.0
UNIT_0051,2028-04-06 06:00:00,369.44,3821.77,40.75,10453.2,9065.3,47.76,0,206.0
UNIT_0043,2027-11-20 10:00:00,369.09,3819.77,40.7,10454.6,9059.0,47.76,0,183.0
UNIT_0033,2027-06-19 12:00:00,368.94,3821.01,40.71,10434.0,9066.7,47.76,0,197.0
UNIT_0044,2027-12-10 16:00:00,368.76,3818.04,40.74,10438.6,9062.4,47.76,0,132.0
UNIT_0017,2026-10-25 06:00:00,370.5,3804.6,41.08,10411.4,9152.7,47.76,1,13.0
UNIT_0047,2028-02-12 00:00:00,370.35,3803.84,40.88,10394.4,9107.3,47.76,1,0.0
UNIT_0015,2026-09-15 06:00:00,370.53,3800.6,40.6,10394.2,9051.7,47.76,1,8.0
UNIT_0045,2027-12-22 06:00:00,369.44,3821.77,40.76,10451.0,9076.5,47.76,0,151.0
UNIT_0009,2026-05-23 20:00:00,368.76,3825.56,40.74,10460.6,9063.4,47.76,0,199.0
UNIT_0002,2026-01-29 06:00:00,369.5,3821.9,40.7,10451.4,9055.6,47.76,0,139.0
UNIT_0049,2028-03-07 22:00:00,369.99,3815.01,40.64,10421.6,9046.8,47.76,0,147.0
UNIT_0030,2027-05-11 04:00:00,369.47,3815.28,40.66,10420.6,9060.0,47.76,0,44.0
UNIT_0050,2028-04-02 10:00:00,370.0,3809.56,40.81,10414.6,9092.0,47.76,0,39.0
UNIT_0042,2027-11-07 04:00:00,369.63,3818.87,40.72,10439.6,9057.1,47.76,0,135.0
UNIT_0044,2027-12-09 08:00:00,369.37,3815.56,40.72,10451.8,9074.0,47.76,0,148.0
UNIT_0003,2026-02-19 00:00:00,369.77,3820.73,40.75,10429.2,9075.0,47.76,0,69.0
UNIT_0017,2026-10-08 10:00:00,369.24,3824.45,40.74,10457.0,9061.6,47.76,0,215.0
UNIT_0013,2026-08-11 12:00:00,369.88,3812.11,40.78,10415.6,9082.0,47.76,0,38.0
UNIT_0018,2026-10-27 02:00:00,368.81,3822.11,40.69,10446.2,9060.6,47.76,0,186.0
UNIT_0001,2026-01-03 20:00:00,369.29,3821.77,40.7,10435.0,9045.8,47.76,0,157.0
UNIT_0001,2026-01-03 08:00:00,368.76,3821.42,40.67,10448.2,9050.5,47.76,0,163.0
UNIT_0044,2027-12-14 18:00:00,368.79,3811.08,40.76,10445.6,9067.6,47.76,0,83.0
UNIT_0042,2027-11-08 10:00:00,369.04,3817.9,40.71,10443.6,9062.7,47.76,0,120.0
UNIT_0011,2026-06-30 20:00:00,369.04,3822.11,40.67,10452.8,9049.2,47.76,0,205.0
UNIT_0043,2027-11-30 02:00:00,369.83,3815.97,40.66,10422.2,9049.1,47.76,0,67.0
UNIT_0028,2027-04-14 08:00:00,370.1,3807.63,40.77,10407.2,9085.1,47.76,1,9.0
UNIT_0005,2026-03-16 02:00:00,368.63,3824.11,40.78,10447.4,9071.8,47.76,0,226.0
UNIT_0033,2027-06-25 18:00:00,369.47,3826.32,40.71,10456.2,9072.0,47.76,0,122.0
UNIT_0017,2026-10-04 20:00:00,368.75,3820.46,40.73,10438.2,9065.7,47.76,0,258.0
UNIT_0048,2028-02-23 00:00:00,369.16,3813.77,40.8,10444.4,9075.5,47.76,0,99.0
UNIT_0017,2026-10-20 20:00:00,369.43,3815.49,40.87,10438.0,9094.8,47.76,0,66.0
UNIT_0022,2027-01-04 08:00:00,369.62,3809.84,40.6,10418.4,9048.1,47.76,0,144.0
UNIT_0043,2027-11-27 22:00:00,369.35,3817.77,40.66,10439.0,9051.9,47.76,0,93.0
UNIT_0027,2027-03-23 18:00:00,369.41,3813.77,40.71,10440.0,9060.8,47.76,0,103.0
UNIT_0018,2026-11-08 02:00:00,369.52,3818.46,40.9,10438.4,9106.3,47.76,0,42.0
UNIT_0048,2028-02-28 14:00:00,369.98,3820.04,41.06,10418.8,9142.4,47.76,0,32.0
UNIT_0036,2027-08-14 02:00:00,369.18,3813.97,40.71,10418.8,9059.4,47.76,0,64.0
UNIT_0008,2026-05-18 20:00:00,370.07,3816.39,40.61,10415.2,9049.6,47.76,0,58.0
UNIT_0025,2027-02-24 08:00:00,369.78,3810.53,40.74,10425.6,9073.3,47.76,0,77.0
UNIT_0002,2026-01-19 14:00:00,368.43,3823.56,40.69,10450.8,9045.9,47.76,0,255.0
UNIT_0044,2027-12-20 18:00:00,370.3,3806.8,40.76,10410.2,9084.1,47.76,1,11.0
UNIT_0031,2027-06-01 04:00:00,370.12,3807.91,40.65,10409.2,9053.6,47.76,1,26.0
UNIT_0008,2026-05-13 12:00:00,368.99,3817.49,40.64,10418.8,9045.7,47.76,0,122.0
UNIT_0030,2027-05-14 12:00:00,370.65,3804.18,40.64,10398.2,9046.6,47.76,1,4.0
UNIT_0016,2026-09-29 08:00:00,369.98,3810.73,40.64,10401.6,9061.5,47.76,0,48.0
UNIT_0034,2027-07-11 16:00:00,369.79,3819.49,40.7,10441.2,9058.9,47.76,0,126.0
UNIT_0024,2027-02-02 12:00:00,369.49,3822.52,40.72,10443.6,9062.3,47.76,0,109.0
UNIT_0011,2026-07-01 18:00:00,368.55,3820.8,40.69,10445.2,9061.7,47.76,0,194.0
UNIT_0034,2027-07-21 22:00:00,370.38,3806.18,41.08,10389.8,9164.2,47.76,1,3.0
UNIT_0025,2027-02-14 10:00:00,368.85,3816.32,40.6,10430.0,9046.2,47.76,0,196.0
UNIT_0034,2027-07-20 12:00:00,369.62,3806.8,40.98,10417.4,9120.4,47.76,1,20.0
UNIT_0024,2027-02-04 02:00:00,369.68,3820.59,40.72,10429.6,9061.1,47.76,0,90.0
UNIT_0006,2026-04-11 18:00:00,369.5,3813.77,40.59,10425.6,9041.5,47.76,0,94.0
UNIT_0002,2026-02-05 02:00:00,369.53,3815.77,40.74,10418.8,9077.2,47.76,0,57.0
UNIT_0045,2027-12-30 08:00:00,369.62,3822.8,40.77,10442.2,9076.8,47.76,0,54.0
UNIT_0008,2026-05-23 04:00:00,370.8,3801.01,40.61,10398.4,9050.5,47.77,1,6.0
UNIT_0006,2026-04-07 12:00:00,369.83,3810.39,40.6,10416.0,9039.5,47.76,0,145.0
UNIT_0011,2026-07-12 04:00:00,369.86,3814.94,40.76,10435.2,9077.2,47.76,0,69.0
UNIT_0002,2026-01-23 18:00:00,368.71,3820.87,40.68,10446.0,9055.3,47.76,0,205.0
UNIT_0001,2026-01-15 06:00:00,370.18,3803.77,40.6,10410.8,9039.1,47.76,1,20.0
UNIT_0020,2026-11-26 16:00:00,370.15,3817.49,40.71,10426.0,9056.8,47.76,0,211.0
UNIT_0034,2027-07-13 00:00:00,369.76,3810.53,40.7,10432.4,9067.2,47.76,0,110.0
UNIT_0016,2026-09-23 16:00:00,369.67,3817.08,40.69,10414.6,9053.6,47.76,0,116.0
UNIT_0042,2027-11-09 16:00:00,369.12,3813.91,40.72,10433.2,9065.2,47.76,0,105.0
UNIT_0024,2027-02-05 16:00:00,369.87,3821.49,40.72,10427.6,9061.6,47.76,0,71.0
UNIT_0042,2027-11-05 14:00:00,369.43,3822.8,40.73,10439.2,9059.6,47.76,0,154.0
UNIT_0008,2026-05-11 08:00:00,369.77,3811.01,40.6,10436.4,9040.7,47.76,0,148.0
UNIT_0009,2026-05-29 12:00:00,368.79,3818.25,40.74,10445.8,9071.0,47.76,0,131.0
UNIT_0004,2026-03-12 06:00:00,370.3,3805.22,41.21,10405.2,9187.6,47.76,1,3.0
UNIT_0048,2028-02-18 18:00:00,368.68,3827.07,40.72,10446.2,9073.7,47.76,0,150.0
UNIT_0022,2027-01-07 18:00:00,369.66,3812.11,40.61,10415.6,9046.1,47.76,0,103.0
UNIT_0005,2026-03-17 08:00:00,369.46,3821.83,40.76,10448.8,9066.6,47.76,0,211.0
UNIT_0030,2027-05-08 14:00:00,369.2,3821.28,40.71,10442.0,9061.1,47.76,0,75.0
UNIT_0051,2028-04-09 04:00:00,368.62,3823.49,40.73,10447.0,9066.3,47.76,0,171.0
UNIT_0048,2028-02-14 18:00:00,369.12,3822.59,40.71,10449.6,9059.0,47.76,0,198.0
UNIT_0007,2026-05-09 22:00:00,369.96,3802.39,40.75,10405.2,9075.1,47.76,1,15.0
UNIT_0010,2026-06-23 08:00:00,369.7,3816.46,40.75,10423.2,9076.4,47.76,0,55.0
UNIT_0050,2028-04-03 10:00:00,370.27,3813.77,40.84,10402.2,9092.0,47.76,1,27.0
UNIT_0020,2026-11-29 02:00:00,370.31,3817.49,40.7,10435.2,9053.9,47.76,0,182.0
UNIT_0032,2027-06-17 10:00:00,370.56,3800.05,40.75,10402.6,9068.0,47.76,1,22.0
UNIT_0039,2027-09-24 14:00:00,369.85,3810.53,40.6,10431.8,9037.9,47.76,0,58.0
UNIT_0047,2028-02-10 10:00:00,370.04,3813.56,40.83,10414.6,9101.8,47.76,1,19.0
UNIT_0033,2027-07-02 06:00:00,369.25,3815.7,40.69,10427.0,9069.8,47.76,0,44.0
UNIT_0042,2027-11-15 20:00:00,369.69,3810.18,40.7,10408.0,9069.0,47.76,0,31.0
UNIT_0019,2026-11-15 08:00:00,369.25,3815.01,40.66,10438.6,9047.3,47.76,0,113.0
UNIT_0013,2026-08-09 12:00:00,369.83,3817.84,40.74,10417.0,9062.6,47.76,0,62.0
UNIT_0022,2027-01-07 04:00:00,369.64,3806.73,40.63,10411.2,9046.1,47.76,0,110.0
UNIT_0037,2027-08-20 14:00:00,370.09,3818.18,40.66,10433.6,9055.7,47.76,0,156.0
UNIT_0042,2027-11-17 02:00:00,370.73,3807.42,40.69,10409.0,9062.7,47.76,1,16.0
UNIT_0044,2027-12-18 08:00:00,370.09,3810.94,40.75,10419.8,9082.4,47.76,0,40.0
UNIT_0049,2028-03-10 02:00:00,369.7,3813.08,40.63,10426.8,9048.3,47.76,0,121.0
UNIT_0031,2027-05-21 22:00:00,368.81,3822.8,40.72,10451.0,9059.3,47.76,0,149.0
UNIT_0011,2026-06-29 14:00:00,369.2,3821.01,40.69,10442.6,9051.2,47.76,0,220.0
UNIT_0034,2027-07-14 08:00:00,369.25,3810.18,40.74,10425.8,9068.3,47.76,0,94.0
UNIT_0018,2026-11-06 14:00:00,369.39,3818.39,40.82,10433.2,9092.3,47.76,0,60.0
UNIT_0020,2026-12-05 02:00:00,369.41,3814.18,40.72,10427.2,9057.9,47.76,0,110.0
UNIT_0030,2027-05-12 00:00:00,369.78,3817.01,40.69,10414.2,9060.2,47.76,0,34.0
UNIT_0016,2026-09-16 12:00:00,370.45,3809.35,40.7,10425.0,9048.8,47.76,0,202.0
UNIT_0003,2026-02-16 12:00:00,368.59,3814.25,40.74,10439.4,9062.2,47.76,0,99.0
UNIT_0023,2027-01-20 04:00:00,369.36,3813.15,40.64,10432.0,9049.1,47.76,0,122.0
UNIT_0035,2027-08-05 12:00:00,370.94,3805.15,40.83,10398.4,9093.4,47.76,1,9.0
UNIT_0007,2026-04-30 16:00:00,369.54,3822.04,40.76,10438.2,9069.6,47.76,0,126.0
UNIT_0003,2026-02-12 06:00:00,368.86,3826.18,40.68,10443.0,9056.3,47.76,0,150.0
UNIT_0009,2026-06-05 18:00:00,369.67,3822.18,40.9,10440.2,9117.6,47.76,0,44.0
UNIT_0004,2026-03-04 22:00:00,369.91,3817.49,40.72,10433.0,9063.4,47.76,0,91.0
UNIT_0027,2027-03-28 14:00:00,369.92,3809.7,40.79,10424.0,9086.4,47.76,0,45.0
UNIT_0020,2026-12-04 12:00:00,369.91,3817.08,40.69,10433.6,9058.6,47.76,0,117.0
UNIT_0042,2027-11-06 02:00:00,369.27,3819.56,40.71,10435.2,9060.9,47.76,0,148.0
UNIT_0019,2026-11-16 16:00:00,369.34,3813.91,40.62,10420.8,9051.7,47.76,0,97.0
UNIT_0010,2026-06-26 12:00:00,370.16,3807.29,40.86,10412.6,9097.7,47.76,1,17.0
UNIT_0031,2027-05-28 16:00:00,369.95,3816.53,40.67,10437.2,9046.7,47.76,0,68.0
UNIT_0040,2027-10-13 16:00:00,370.29,3807.91,40.9,10408.0,9101.6,47.76,1,17.0
UNIT_0003,2026-02-11 18:00:00,368.92,3819.97,40.67,10444.4,9058.2,47.76,0,156.0
UNIT_0032,2027-06-06 14:00:00,369.74,3810.46,40.62,10429.8,9042.7,47.76,0,152.0
UNIT_0050,2028-03-22 22:00:00,368.99,3814.32,40.73,10435.6,9062.7,47.76,0,165.0
UNIT_0007,2026-05-09 06:00:00,369.99,3810.04,40.76,10418.4,9079.1,47.76,1,23.0
UNIT_0031,2027-05-27 18:00:00,369.68,3819.42,40.68,10434.0,9055.4,47.76,0,79.0
UNIT_0006,2026-04-11 22:00:00,369.72,3812.6,40.6,10420.8,9039.0,47.76,0,92.0
UNIT_0047,2028-01-31 04:00:00,369.35,3816.87,40.74,10434.0,9061.3,47.76,0,142.0
UNIT_0004,2026-02-26 00:00:00,369.32,3824.52,40.66,10439.6,9050.6,47.76,0,174.0
UNIT_0017,2026-10-09 10:00:00,368.95,3818.73,40.76,10447.2,9059.9,47.76,0,203.0
UNIT_0045,2028-01-02 22:00:00,370.03,3808.32,40.8,10398.8,9084.8,47.76,1,11.0
UNIT_0007,2026-05-03 00:00:00,369.05,3819.83,40.72,10439.0,9068.2,47.76,0,98.0
UNIT_0006,2026-04-10 08:00:00,370.17,3819.08,40.61,10423.6,9045.2,47.76,0,111.0
UNIT_0035,2027-08-06 00:00:00,370.61,3806.94,40.82,10403.4,9102.8,47.76,1,3.0
UNIT_0009,2026-06-06 00:00:00,369.32,3826.94,40.96,10430.4,9116.9,47.76,0,41.0
UNIT_0018,2026-10-27 04:00:00,369.08,3820.25,40.68,10438.4,9062.3,47.76,0,185.0
UNIT_0034,2027-07-15 12:00:00,369.02,3817.77,40.74,10434.8,9076.9,47.76,0,80.0
UNIT_0003,2026-02-12 02:00:00,369.21,3824.32,40.69,10433.8,9058.6,47.76,0,152.0
UNIT_0042,2027-11-08 12:00:00,369.69,3821.08,40.71,10441.0,9058.7,47.76,0,119.0
UNIT_0003,2026-02-12 04:00:00,368.33,3816.32,40.66,10445.4,9054.9,47.76,0,151.0
UNIT_0048,2028-02-27 10:00:00,369.38,3815.97,40.95,10421.4,9116.4,47.76,0,46.0
UNIT_0036,2027-08-18 06:00:00,370.23,3799.15,40.69,10406.2,9057.0,47.76,1,14.0
UNIT_0024,2027-02-05 14:00:00,369.17,3821.14,40.71,10440.0,9065.9,47.76,0,72.0
UNIT_0037,2027-09-01 14:00:00,370.41,3805.49,40.59,10401.6,9052.4,47.76,1,12.0
UNIT_0009,2026-05-28 18:00:00,369.12,3826.59,40.76,10450.8,9060.3,47.76,0,140.0
UNIT_0035,2027-07-26 04:00:00,369.48,3818.73,40.69,10438.8,9069.8,47.76,0,133.0
UNIT_0025,2027-02-13 20:00:00,368.55,3819.28,40.63,10431.0,9050.9,47.76,0,203.0
UNIT_0004,2026-03-08 10:00:00,369.28,3813.42,40.83,10427.8,9084.4,47.76,0,49.0
UNIT_0045,2028-01-03 02:00:00,370.87,3809.56,40.79,10400.4,9090.2,47.76,1,9.0
UNIT_0036,2027-08-13 04:00:00,370.31,3815.08,40.71,10436.4,9059.2,47.76,0,75.0
UNIT_0014,2026-08-24 18:00:00,369.46,3813.97,40.77,10414.6,9067.9,47.76,0,59.0
UNIT_0048,2028-02-16 14:00:00,369.35,3825.49,40.73,10443.2,9063.2,47.76,0,176.0
UNIT_0045,2027-12-30 02:00:00,369.43,3819.01,40.81,10427.4,9072.0,47.76,0,57.0
UNIT_0002,2026-01-27 00:00:00,368.89,3823.21,40.7,10446.2,9053.7,47.76,0,166.0
UNIT_0004,2026-03-04 04:00:00,368.82,3816.59,40.7,10443.0,9058.5,47.76,0,100.0
UNIT_0017,2026-10-25 10:00:00,370.49,3809.98,41.12,10416.6,9162.8,47.76,1,11.0
UNIT_0004,2026-03-07 20:00:00,369.8,3818.46,40.77,10430.6,9072.6,47.76,0,56.0
UNIT_0012,2026-07-26 08:00:00,368.71,3811.97,40.65,10431.2,9047.3,47.76,0,69.0
UNIT_0048,2028-02-17 02:00:00,368.86,3824.39,40.74,10442.6,9068.8,47.76,0,170.0
UNIT_0013,2026-08-03 04:00:00,368.95,3816.59,40.66,10450.0,9062.3,47.76,0,138.0
UNIT_0026,2027-03-17 12:00:00,370.54,3809.98,40.89,10412.0,9112.2,47.76,1,22.0
UNIT_0026,2027-03-11 14:00:00,370.12,3812.6,40.68,10426.6,9054.1,47.76,0,93.0
UNIT_0011,2026-06-30 06:00:00,369.07,3828.52,40.69,10446.4,9045.3,47.76,0,212.0
UNIT_0033,2027-07-03 02:00:00,369.61,3812.73,40.69,10419.6,9062.5,47.76,0,34.0
UNIT_0044,2027-12-06 02:00:00,369.12,3823.9,40.75,10449.6,9069.9,47.76,0,187.0
UNIT_0002,2026-02-01 16:00:00,369.66,3819.9,40.71,10434.0,9069.8,47.76,0,98.0
UNIT_0044,2027-12-11 00:00:00,369.0,3823.76,40.73,10437.6,9063.0,47.76,0,128.0
UNIT_0006,2026-04-18 16:00:00,370.35,3802.46,40.57,10403.4,9031.6,47.77,1,11.0
UNIT_0009,2026-06-09 08:00:00,370.25,3807.91,41.4,10407.0,9224.9,47.77,1,1.0
UNIT_0003,2026-02-19 22:00:00,369.12,3817.97,40.81,10435.4,9082.5,47.76,0,58.0
UNIT_0019,2026-11-21 08:00:00,369.52,3809.56,40.63,10423.8,9043.0,47.76,0,41.0
UNIT_0020,2026-12-12 02:00:00,369.63,3806.53,40.73,10414.2,9067.9,47.76,1,26.0
UNIT_0008,2026-05-18 16:00:00,369.89,3817.15,40.6,10417.2,9041.6,47.76,0,60.0
UNIT_0026,2027-03-12 08:00:00,369.94,3810.53,40.71,10419.4,9052.3,47.76,0,84.0
UNIT_0009,2026-06-07 18:00:00,370.08,3818.52,41.12,10417.4,9145.0,47.76,1,20.0
UNIT_0010,2026-06-12 00:00:00,369.05,3825.07,40.71,10452.0,9060.4,47.76,0,191.0
UNIT_0017,2026-10-10 22:00:00,369.81,3820.94,40.73,10448.8,9064.2,47.76,0,185.0
UNIT_0028,2027-04-02 14:00:00,368.4,3825.97,40.72,10447.8,9049.3,47.76,0,150.0
UNIT_0050,2028-03-25 02:00:00,369.57,3819.42,40.71,10442.2,9067.1,47.76,0,139.0
UNIT_0002,2026-02-01 06:00:00,369.28,3826.52,40.71,10437.2,9067.3,47.76,0,103.0
UNIT_0010,2026-06-13 20:00:00,368.61,3825.42,40.7,10437.6,9051.8,47.76,0,169.0
UNIT_0020,2026-11-26 18:00:00,369.46,3813.77,40.7,10424.4,9059.5,47.76,0,210.0
UNIT_0036,2027-08-18 14:00:00,370.1,3801.91,40.64,10412.4,9055.9,47.77,1,10.0
UNIT_0038,2027-09-16 04:00:00,369.91,3811.7,40.84,10406.4,9097.0,47.76,0,31.0
UNIT_0022,2027-01-11 10:00:00,369.58,3807.22,40.65,10411.0,9046.8,47.76,0,59.0
UNIT_0049,2028-03-09 08:00:00,369.6,3813.56,40.63,10425.6,9033.3,47.76,0,130.0
UNIT_0026,2027-03-17 16:00:00,370.35,3813.97,40.93,10407.8,9107.9,47.76,1,20.0
UNIT_0007,2026-05-03 14:00:00,369.08,3814.25,40.77,10427.0,9068.5,47.76,0,91.0
UNIT_0017,2026-10-06 20:00:00,369.59,3822.59,40.72,10456.6,9069.2,47.76,0,234.0
UNIT_0032,2027-06-06 02:00:00,370.18,3816.66,40.65,10429.0,9056.5,47.76,0,158.0
UNIT_0014,2026-08-26 18:00:00,369.8,3811.7,40.8,10410.6,9087.5,47.76,0,35.0
UNIT_0046,2028-01-20 00:00:00,369.75,3817.08,40.68,10433.2,9056.4,47.76,0,62.0
UNIT_0050,2028-03-25 14:00:00,369.09,3817.56,40.73,10443.8,9068.1,47.76,0,133.0
UNIT_0033,2027-06-23 06:00:00,368.96,3820.52,40.71,10452.4,9064.3,47.76,0,152.0
UNIT_0020,2026-12-05 12:00:00,369.1,3815.84,40.69,10432.0,9055.9,47.76,0,105.0
UNIT_0030,2027-05-04 14:00:00,368.43,3820.94,40.72,10441.6,9054.7,47.76,0,123.0
UNIT_0021,2026-12-25 20:00:00,369.86,3814.73,40.76,10424.0,9073.3,47.76,0,56.0
UNIT_0024,2027-02-11 10:00:00,370.66,3802.05,40.6,10400.0,9046.1,47.77,1,2.0
UNIT_0037,2027-08-28 02:00:00,369.7,3817.28,40.63,10429.2,9041.9,47.76,0,66.0
UNIT_0026,2027-03-16 10:00:00,369.2,3812.11,40.85,10415.0,9091.4,47.76,0,35.0
UNIT_0020,2026-11-29 12:00:00,369.54,3819.63,40.68,10431.8,9049.5,47.76,0,177.0
UNIT_0005,2026-03-29 10:00:00,370.07,3812.73,40.82,10437.6,9092.0,47.76,0,66.0
UNIT_0031,2027-05-30 14:00:00,369.95,3814.04,40.64,10426.8,9056.4,47.76,0,45.0
UNIT_0035,2027-08-01 04:00:00,369.99,3814.8,40.73,10423.2,9061.4,47.76,0,61.0
UNIT_0041,2027-10-18 08:00:00,369.08,3819.35,40.72,10441.6,9061.8,47.76,0,177.0
UNIT_0010,2026-06-19 14:00:00,369.08,3814.66,40.73,10434.0,9064.8,47.76,0,100.0
UNIT_0020,2026-12-03 14:00:00,369.07,3814.94,40.69,10429.0,9066.4,47.76,0,128.0
UNIT_0035,2027-07-27 22:00:00,369.15,3814.46,40.7,10434.8,9055.5,47.76,0,112.0
UNIT_0048,2028-02-19 12:00:00,369.24,3821.9,40.74,10451.6,9066.6,47.76,0,141.0
UNIT_0010,2026-06-14 08:00:00,369.15,3818.66,40.68,10442.4,9058.2,47.76,0,163.0
UNIT_0025,2027-02-27 16:00:00,370.25,3811.42,40.84,10409.6,9090.7,47.76,0,37.0
UNIT_0010,2026-06-24 22:00:00,369.74,3815.28,40.79,10426.6,9078.3,47.76,0,36.0
UNIT_0007,2026-05-05 22:00:00,369.74,3813.01,40.75,10417.8,9070.0,47.76,0,63.0
UNIT_0049,2028-03-12 00:00:00,370.02,3814.53,40.64,10427.0,9047.4,47.76,0,98.0
UNIT_0003,2026-02-24 08:00:00,370.31,3807.91,41.17,10400.4,9179.9,47.76,1,5.0
UNIT_0001,2026-01-15 04:00:00,370.11,3810.8,40.62,10397.0,9042.1,47.76,1,21.0
UNIT_0020,2026-12-07 10:00:00,369.26,3813.08,40.67,10417.8,9059.9,47.76,0,82.0
UNIT_0002,2026-01-21 04:00:00,368.88,3826.73,40.69,10446.8,9055.9,47.76,0,236.0
UNIT_0029,2027-04-21 20:00:00,369.26,3817.15,40.7,10437.6,9061.3,47.76,0,82.0
UNIT_0035,2027-08-05 00:00:00,370.16,3805.84,40.78,10409.4,9084.2,47.76,1,15.0
UNIT_0014,2026-08-18 16:00:00,369.97,3818.25,40.69,10429.8,9053.0,47.76,0,132.0
UNIT_0035,2027-07-28 16:00:00,369.53,3817.7,40.72,10433.0,9054.2,47.76,0,103.0
UNIT_0027,2027-03-30 20:00:00,370.64,3809.15,40.9,10411.0,9112.0,47.76,1,18.0
UNIT_0010,2026-06-23 00:00:00,369.75,3816.8,40.74,10433.8,9071.3,47.76,0,59.0
UNIT_0020,2026-12-08 22:00:00,369.03,3809.35,40.71,10415.6,9062.8,47.76,0,64.0
UNIT_0049,2028-03-07 14:00:00,369.58,3819.42,40.63,10431.0,9039.4,47.76,0,151.0
UNIT_0039,2027-09-23 22:00:00,369.7,3815.08,40.63,10427.8,9039.4,47.76,0,66.0
UNIT_0048,2028-02-28 20:00:00,368.91,3814.8,41.07,10424.8,9138.1,47.76,1,29.0
UNIT_0025,2027-02-12 20:00:00,369.67,3820.11,40.62,10434.2,9042.4,47.76,0,215.0
UNIT_0034,2027-07-12 16:00:00,369.34,3819.35,40.7,10445.8,9066.5,47.76,0,114.0
UNIT_0042,2027-11-03 04:00:00,369.48,3823.21,40.72,10426.6,9055.0,47.76,0,183.0
UNIT_0027,2027-03-26 02:00:00,370.01,3817.9,40.74,10441.4,9063.1,47.76,0,75.0
UNIT_0048,2028-02-21 02:00:00,369.81,3821.7,40.79,10441.0,9072.5,47.76,0,122.0
UNIT_0041,2027-10-31 10:00:00,370.13,3806.32,40.98,10419.0,9117.0,47.76,1,20.0
UNIT_0044,2027-12-19 00:00:00,369.73,3812.46,40.76,10424.0,9077.9,47.76,0,32.0
UNIT_0022,2027-01-09 08:00:00,369.92,3803.15,40.6,10409.2,9047.8,47.76,0,84.0
UNIT_0043,2027-11-25 20:00:00,369.05,3814.94,40.7,10441.8,9054.9,47.76,0,118.0
UNIT_0020,2026-12-06 20:00:00,369.83,3815.97,40.72,10428.8,9068.3,47.76,0,89.0
UNIT_0003,2026-02-23 08:00:00,369.96,3812.6,41.02,10430.2,9134.9,47.76,1,17.0
UNIT_0006,2026-04-16 20:00:00,369.52,3803.15,40.56,10404.4,9043.2,47.76,0,33.0
UNIT_0014,2026-08-20 12:00:00,368.92,3813.91,40.71,10425.8,9065.0,47.76,0,110.0
UNIT_0049,2028-03-02 10:00:00,369.22,3814.53,40.61,10433.6,9044.2,47.76,0,213.0
UNIT_0019,2026-11-18 18:00:00,369.86,3813.7,40.66,10420.6,9041.7,47.76,0,72.0
UNIT_0017,2026-10-18 00:00:00,369.03,3823.01,40.76,10434.0,9075.3,47.76,0,100.0
UNIT_0007,2026-05-08 20:00:00,369.88,3813.08,40.75,10410.8,9065.6,47.76,1,28.0
UNIT_0002,2026-01-28 02:00:00,369.61,3818.87,40.71,10439.0,9061.2,47.76,0,153.0
UNIT_0011,2026-07-14 20:00:00,370.12,3817.7,40.86,10429.8,9099.1,47.76,0,37.0
UNIT_0020,2026-11-28 16:00:00,369.44,3816.53,40.68,10430.2,9048.0,47.76,0,187.0
UNIT_0035,2027-07-28 02:00:00,369.52,3816.53,40.73,10426.0,9069.8,47.76,0,110.0
UNIT_0020,2026-12-04 20:00:00,369.81,3813.56,40.73,10430.6,9062.1,47.76,0,113.0
UNIT_0011,2026-07-06 10:00:00,369.06,3826.87,40.68,10440.0,9058.5,47.76,0,138.0
UNIT_0036,2027-08-16 04:00:00,369.83,3808.67,40.67,10427.0,9058.0,47.76,0,39.0
UNIT_0049,2028-03-16 16:00:00,370.33,3811.91,40.69,10411.4,9057.8,47.76,0,42.0
UNIT_0024,2027-01-31 10:00:00,369.39,3819.77,40.71,10439.0,9060.8,47.76,0,134.0
UNIT_0005,2026-03-14 00:00:00,368.9,3821.42,40.72,10452.8,9066.5,47.76,0,251.0
UNIT_0031,2027-06-01 22:00:00,370.13,3806.18,40.64,10413.2,9043.2,47.76,1,17.0
UNIT_0028,2027-04-05 00:00:00,369.08,3824.45,40.74,10445.4,9068.6,47.76,0,121.0
UNIT_0038,2027-09-12 02:00:00,369.79,3810.32,40.7,10428.8,9064.1,47.76,0,80.0
UNIT_0002,2026-01-31 22:00:00,369.35,3821.14,40.7,10435.2,9058.3,47.76,0,107.0
UNIT_0032,2027-06-09 16:00:00,369.01,3814.39,40.66,10428.0,9050.2,47.76,0,115.0
UNIT_0028,2027-04-08 14:00:00,368.81,3820.11,40.75,10437.6,9072.3,47.76,0,78.0
UNIT_0029,2027-04-22 22:00:00,369.43,3818.94,40.69,10431.0,9061.8,47.76,0,69.0
UNIT_0030,2027-05-07 14:00:00,368.75,3819.08,40.72,10437.2,9057.8,47.76,0,87.0
UNIT_0048,2028-02-13 22:00:00,369.36,3821.14,40.74,10447.4,9061.0,47.76,0,208.0
UNIT_0041,2027-10-18 22:00:00,368.84,3824.39,40.71,10435.4,9062.5,47.76,0,170.0
UNIT_0011,2026-07-17 00:00:00,370.42,3811.01,41.02,10410.8,9147.2,47.76,1,11.0
UNIT_0016,2026-09-25 18:00:00,369.52,3810.39,40.65,10416.6,9055.7,47.76,0,91.0
UNIT_0005,2026-03-17 22:00:00,368.81,3824.11,40.76,10443.6,9071.7,47.76,0,204.0
UNIT_0046,2028-01-24 22:00:00,371.12,3797.84,40.64,10399.0,9052.5,47.77,1,3.0
UNIT_0050,2028-03-26 20:00:00,369.38,3821.7,40.73,10434.2,9070.9,47.76,0,118.0
UNIT_0037,2027-08-31 10:00:00,370.07,3808.67,40.61,10407.0,9036.0,47.76,1,26.0
UNIT_0051,2028-04-09 20:00:00,368.99,3822.25,40.74,10447.8,9065.9,47.76,0,163.0
UNIT_0033,2027-06-29 16:00:00,369.25,3820.04,40.73,10439.0,9064.5,47.76,0,75.0
UNIT_0047,2028-02-06 00:00:00,369.57,3821.9,40.78,10435.4,9077.6,47.76,0,72.0
UNIT_0007,2026-04-29 14:00:00,368.87,3816.32,40.75,10440.0,9071.6,47.76,0,139.0
UNIT_0050,2028-03-28 06:00:00,369.11,3812.87,40.71,10429.2,9063.9,47.76,0,101.0
UNIT_0003,2026-02-09 22:00:00,368.89,3819.42,40.69,10444.8,9057.0,47.76,0,178.0
UNIT_0004,2026-02-25 04:00:00,368.96,3812.18,40.63,10427.0,9047.0,47.76,0,184.0
UNIT_0022,2027-01-09 00:00:00,370.03,3815.97,40.64,10424.0,9040.3,47.76,0,88.0
UNIT_0046,2028-01-19 12:00:00,369.52,3814.11,40.7,10428.6,9055.6,47.76,0,68.0
UNIT_0042,2027-11-05 02:00:00,369.04,3819.49,40.7,10431.2,9058.7,47.76,0,160.0
UNIT_0015,2026-09-07 00:00:00,368.93,3820.39,40.72,10453.0,9054.9,47.76,0,107.0
UNIT_0006,2026-04-04 06:00:00,368.82,3813.49,40.59,10436.8,9037.0,47.76,0,184.0
UNIT_0014,2026-08-20 08:00:00,369.58,3817.42,40.7,10430.8,9063.4,47.76,0,112.0
UNIT_0050,2028-03-30 14:00:00,369.76,3813.97,40.73,10425.4,9072.1,47.76,0,73.0
UNIT_0025,2027-02-21 22:00:00,369.13,3813.63,40.63,10421.4,9056.6,47.76,0,106.0
UNIT_0034,2027-07-09 02:00:00,369.66,3819.49,40.73,10435.8,9062.3,47.76,0,157.0
UNIT_0037,2027-08-28 12:00:00,369.6,3816.59,40.62,10421.2,9051.8,47.76,0,61.0
UNIT_0022,2027-01-04 22:00:00,369.4,3813.22,40.61,10413.0,9048.7,47.76,0,137.0
UNIT_0038,2027-09-12 06:00:00,369.59,3814.53,40.71,10426.4,9066.3,47.76,0,78.0
UNIT_0020,2026-11-28 18:00:00,369.55,3816.87,40.71,10426.2,9054.8,47.76,0,186.0
UNIT_0032,2027-06-14 06:00:00,369.75,3812.6,40.69,10414.2,9056.6,47.76,0,60.0
UNIT_0015,2026-08-30 02:00:00,369.18,3824.66,40.71,10460.4,9057.0,47.76,0,202.0
UNIT_0013,2026-08-11 10:00:00,369.61,3805.29,40.82,10428.8,9082.0,47.76,0,39.0
UNIT_0020,2026-11-28 10:00:00,369.4,3820.59,40.72,10428.2,9058.3,47.76,0,190.0
UNIT_0026,2027-03-15 06:00:00,370.5,3809.84,40.75,10423.8,9078.4,47.76,0,49.0
UNIT_0002,2026-01-24 06:00:00,369.08,3824.59,40.7,10452.4,9056.7,47.76,0,199.0
UNIT_0034,2027-07-15 20:00:00,369.65,3818.18,40.75,10423.0,9070.6,47.76,0,76.0
UNIT_0031,2027-05-24 16:00:00,369.07,3818.73,40.68,10443.0,9060.3,47.76,0,116.0
UNIT_0036,2027-08-09 00:00:00,369.47,3816.04,40.7,10429.0,9058.0,47.76,0,125.0
UNIT_0008,2026-05-22 04:00:00,370.4,3801.22,40.65,10401.0,9048.8,47.76,1,18.0
UNIT_0046,2028-01-13 16:00:00,369.67,3817.7,40.72,10443.8,9060.4,47.76,0,138.0
UNIT_0017,2026-10-17 22:00:00,369.3,3817.77,40.8,10437.0,9076.9,47.76,0,101.0
UNIT_0022,2027-01-04 00:00:00,369.67,3812.25,40.6,10416.2,9041.4,47.76,0,148.0
UNIT_0039,2027-09-25 16:00:00,370.2,3812.11,40.63,10418.8,9045.0,47.76,0,45.0
UNIT_0032,2027-06-08 12:00:00,368.95,3812.32,40.66,10431.0,9049.9,47.76,0,129.0
UNIT_0028,2027-04-12 22:00:00,370.35,3814.04,40.75,10428.4,9077.9,47.76,1,26.0
UNIT_0044,2027-12-20 06:00:00,369.87,3806.87,40.75,10415.0,9070.9,47.76,1,17.0
UNIT_0040,2027-10-11 08:00:00,369.74,3804.32,40.79,10423.0,9078.2,47.76,0,45.0
UNIT_0021,2026-12-25 00:00:00,369.61,3820.18,40.77,10430.4,9075.1,47.76,0,66.0
UNIT_0023,2027-01-18 18:00:00,369.73,3821.49,40.65,10430.6,9053.0,47.76,0,139.0
UNIT_0024,2027-02-08 16:00:00,369.49,3816.25,40.69,10419.6,9061.2,47.76,0,35.0
UNIT_0011,2026-07-04 02:00:00,369.12,3823.21,40.72,10437.2,9061.7,47.76,0,166.0
UNIT_0039,2027-09-26 18:00:00,369.97,3808.32,40.61,10415.0,9032.2,47.76,0,32.0
UNIT_0028,2027-04-04 10:00:00,368.69,3829.21,40.73,10441.4,9068.2,47.76,0,128.0
UNIT_0001,2026-01-16 08:00:00,370.65,3803.43,40.57,10396.4,9043.7,47.77,1,7.0
UNIT_0024,2027-02-05 00:00:00,368.9,3819.49,40.71,10440.0,9061.0,47.76,0,79.0
UNIT_0024,2027-02-08 18:00:00,370.5,3810.87,40.7,10424.4,9062.9,47.76,0,34.0
UNIT_0011,2026-07-15 20:00:00,370.09,3810.94,40.92,10419.2,9114.4,47.76,1,25.0
UNIT_0003,2026-02-16 02:00:00,369.1,3817.84,40.72,10444.8,9059.1,47.76,0,104.0
UNIT_0007,2026-04-27 10:00:00,369.28,3821.08,40.75,10447.4,9067.3,47.76,0,165.0
UNIT_0007,2026-04-26 08:00:00,368.42,3825.01,40.74,10448.2,9073.0,47.76,0,178.0
UNIT_0047,2028-02-05 04:00:00,368.64,3820.18,40.77,10435.0,9077.3,47.76,0,82.0
UNIT_0050,2028-03-29 02:00:00,369.26,3812.94,40.75,10427.0,9076.7,47.76,0,91.0
UNIT_0002,2026-01-25 18:00:00,368.72,3819.42,40.67,10442.2,9061.9,47.76,0,181.0
UNIT_0002,2026-02-06 22:00:00,369.68,3809.42,40.78,10399.6,9077.6,47.76,0,35.0
UNIT_0038,2027-09-04 12:00:00,369.11,3819.9,40.64,10417.0,9047.9,47.76,0,171.0
UNIT_0010,2026-06-23 02:00:00,370.07,3815.63,40.75,10421.2,9074.9,47.76,0,58.0
UNIT_0040,2027-10-14 06:00:00,370.78,3800.87,40.94,10398.4,9112.9,47.76,1,10.0
UNIT_0011,2026-07-05 18:00:00,369.15,3819.42,40.7,10456.6,9054.9,47.76,0,146.0
UNIT_0014,2026-08-25 20:00:00,369.47,3808.32,40.76,10410.0,9086.4,47.76,0,46.0
UNIT_0012,2026-07-31 10:00:00,370.3,3801.29,40.67,10387.2,9050.0,47.76,1,8.0
UNIT_0042,2027-11-10 18:00:00,369.29,3815.01,40.72,10432.0,9057.9,47.76,0,92.0
UNIT_0049,2028-03-05 16:00:00,369.62,3819.15,40.61,10437.2,9046.2,47.76,0,174.0
UNIT_0033,2027-06-21 22:00:00,368.85,3822.94,40.74,10455.4,9062.4,47.76,0,168.0
UNIT_0017,2026-10-08 14:00:00,369.16,3821.83,40.72,10437.8,9066.4,47.76,0,213.0
UNIT_0022,2027-01-09 20:00:00,369.45,3812.87,40.65,10415.0,9047.3,47.76,0,78.0
UNIT_0013,2026-08-03 20:00:00,369.33,3810.32,40.7,10431.4,9057.6,47.76,0,130.0
UNIT_0006,2026-04-05 06:00:00,369.87,3813.84,40.62,10429.6,9045.2,47.76,0,172.0
UNIT_0024,2027-02-06 12:00:00,369.09,3814.25,40.69,10427.6,9061.7,47.76,0,61.0
UNIT_0002,2026-01-27 16:00:00,368.51,3823.83,40.7,10443.8,9052.8,47.76,0,158.0
UNIT_0007,2026-04-25 06:00:00,368.65,3819.83,40.72,10432.8,9072.0,47.76,0,191.0
UNIT_0020,2026-12-03 20:00:00,369.38,3809.49,40.71,10427.6,9056.7,47.76,0,125.0
UNIT_0047,2028-01-31 10:00:00,369.51,3822.73,40.74,10461.2,9065.6,47.76,0,139.0
UNIT_0026,2027-03-05 18:00:00,369.26,3816.94,40.63,10435.6,9050.0,47.76,0,163.0
UNIT_0005,2026-03-17 14:00:00,369.21,3824.11,40.74,10456.4,9074.2,47.76,0,208.0
UNIT_0048,2028-02-25 12:00:00,369.52,3818.8,40.86,10424.0,9097.6,47.76,0,69.0
UNIT_0020,2026-11-26 04:00:00,369.37,3811.29,40.7,10430.4,9059.8,47.76,0,217.0
UNIT_0031,2027-05-28 02:00:00,369.18,3816.73,40.71,10433.2,9050.5,47.76,0,75.0
UNIT_0046,2028-01-11 12:00:00,369.02,3816.32,40.7,10443.6,9057.2,47.76,0,164.0
UNIT_0034,2027-07-12 22:00:00,369.51,3815.08,40.7,10426.0,9068.5,47.76,0,111.0
UNIT_0025,2027-02-19 18:00:00,369.4,3815.42,40.66,10436.6,9048.7,47.76,0,132.0
UNIT_0031,2027-05-23 16:00:00,369.02,3824.87,40.72,10441.4,9056.1,47.76,0,128.0
UNIT_0043,2027-12-02 16:00:00,369.94,3809.84,40.64,10419.6,9042.2,47.76,0,36.0
UNIT_0005,2026-03-19 04:00:00,369.03,3821.97,40.76,10453.6,9067.1,47.76,0,189.0
UNIT_0031,2027-05-27 22:00:00,369.0,3814.04,40.67,10437.4,9063.0,47.76,0,77.0
UNIT_0001,2026-01-02 06:00:00,368.98,3819.28,40.68,10429.8,9049.3,47.76,0,176.0
UNIT_0001,2026-01-12 22:00:00,369.94,3818.11,40.63,10422.2,9049.3,47.76,0,48.0
UNIT_0011,2026-07-16 22:00:00,370.09,3799.91,41.02,10416.2,9131.8,47.76,1,12.0
UNIT_0001,2026-01-11 18:00:00,369.55,3810.46,40.63,10429.8,9043.0,47.76,0,62.0
UNIT_0006,2026-04-07 18:00:00,369.79,3815.35,40.61,10429.8,9042.5,47.76,0,142.0
UNIT_0039,2027-09-22 06:00:00,369.32,3813.77,40.61,10425.6,9040.6,47.76,0,86.0
UNIT_0031,2027-05-26 18:00:00,369.07,3821.97,40.72,10444.0,9060.9,47.76,0,91.0
UNIT_0023,2027-01-24 18:00:00,369.51,3811.49,40.66,10413.4,9051.1,47.76,0,67.0
UNIT_0029,2027-04-17 16:00:00,369.3,3818.8,40.72,10429.8,9059.3,47.76,0,132.0
UNIT_0033,2027-06-23 08:00:00,368.72,3819.83,40.72,10451.6,9063.8,47.76,0,151.0
UNIT_0009,2026-06-06 08:00:00,369.9,3818.11,40.95,10446.0,9122.9,47.76,0,37.0
UNIT_0012,2026-07-27 08:00:00,369.64,3813.28,40.61,10421.2,9055.2,47.76,0,57.0
UNIT_0027,2027-03-20 22:00:00,369.32,3815.77,40.71,10437.2,9062.0,47.76,0,137.0
UNIT_0048,2028-02-20 02:00:00,368.98,3823.14,40.77,10442.4,9085.7,47.76,0,134.0
UNIT_0006,2026-04-09 12:00:00,369.72,3813.56,40.6,10430.0,9040.9,47.76,0,121.0
UNIT_0031,2027-05-27 06:00:00,369.35,3818.59,40.69,10430.6,9055.0,47.76,0,85.0
UNIT_0032,2027-06-16 10:00:00,369.93,3809.63,40.71,10408.0,9066.8,47.76,0,34.0
UNIT_0006,2026-04-08 12:00:00,369.47,3816.94,40.58,10428.8,9038.3,47.76,0,133.0
UNIT_0011,2026-07-01 20:00:00,369.24,3821.14,40.68,10446.8,9055.2,47.76,0,193.0
UNIT_0017,2026-10-08 22:00:00,369.17,3821.56,40.72,10450.0,9062.5,47.76,0,209.0
UNIT_0041,2027-11-02 00:00:00,370.67,3810.73,41.08,10398.8,9147.4,47.76,1,1.0
UNIT_0009,2026-06-04 22:00:00,369.03,3820.18,40.86,10441.6,9100.3,47.76,0,54.0
UNIT_0024,2027-02-10 00:00:00,370.11,3809.63,40.68,10408.2,9060.3,47.76,1,19.0
UNIT_0047,2028-02-11 06:00:00,370.5,3807.29,40.87,10408.6,9100.8,47.76,1,9.0
UNIT_0043,2027-11-27 10:00:00,368.93,3819.77,40.65,10438.6,9061.5,47.76,0,99.0
UNIT_0038,2027-09-05 06:00:00,370.01,3815.42,40.65,10421.0,9052.2,47.76,0,162.0
UNIT_0024,2027-02-10 08:00:00,369.97,3809.35,40.65,10403.8,9049.0,47.76,1,15.0
UNIT_0050,2028-04-03 20:00:00,370.41,3811.91,40.88,10411.2,9088.8,47.76,1,22.0
UNIT_0032,2027-06-17 08:00:00,370.64,3807.42,40.74,10404.2,9071.8,47.76,1,23.0
UNIT_0016,2026-09-18 02:00:00,369.44,3807.98,40.71,10420.6,9060.5,47.76,0,183.0
UNIT_0002,2026-02-02 06:00:00,369.49,3821.83,40.7,10440.4,9054.2,47.76,0,91.0
UNIT_0040,2027-10-11 18:00:00,370.39,3807.22,40.81,10408.4,9084.9,47.76,0,40.0
UNIT_0005,2026-03-28 00:00:00,368.69,3820.73,40.82,10432.6,9082.0,47.76,0,83.0
UNIT_0041,2027-10-17 08:00:00,369.43,3821.42,40.74,10447.4,9066.1,47.76,0,189.0
UNIT_0027,2027-03-28 12:00:00,370.02,3814.39,40.8,10427.8,9082.8,47.76,0,46.0
UNIT_0005,2026-03-19 14:00:00,369.27,3822.52,40.74,10455.0,9079.4,47.76,0,184.0
UNIT_0020,2026-12-01 22:00:00,369.82,3814.04,40.7,10432.2,9060.7,47.76,0,148.0
UNIT_0004,2026-02-27 14:00:00,369.14,3817.01,40.65,10433.0,9051.8,47.76,0,155.0
UNIT_0026,2027-03-18 12:00:00,370.44,3805.84,41.04,10410.8,9130.0,47.76,1,10.0
UNIT_0034,2027-07-09 20:00:00,369.24,3819.28,40.71,10432.4,9066.2,47.76,0,148.0
UNIT_0004,2026-03-11 02:00:00,370.13,3810.39,41.04,10414.4,9129.9,47.76,1,17.0
UNIT_0017,2026-10-19 12:00:00,369.92,3809.42,40.8,10436.0,9086.6,47.76,0,82.0
UNIT_0010,2026-06-23 10:00:00,369.7,3812.8,40.79,10431.2,9070.0,47.76,0,54.0
UNIT_0048,2028-02-26 16:00:00,369.84,3817.21,40.91,10433.8,9106.4,47.76,0,55.0
UNIT_0001,2026-01-04 16:00:00,369.38,3818.52,40.64,10434.6,9060.3,47.76,0,147.0
UNIT_0020,2026-11-25 06:00:00,370.01,3808.8,40.65,10432.4,9054.1,47.76,0,228.0
UNIT_0026,2027-03-15 02:00:00,369.74,3813.56,40.77,10418.8,9080.4,47.76,0,51.0
UNIT_0043,2027-12-05 02:00:00,370.32,3801.84,40.59,10400.4,9040.9,47.77,1,7.0
UNIT_0021,2026-12-26 22:00:00,369.68,3814.59,40.8,10420.0,9082.8,47.76,0,43.0
UNIT_0015,2026-09-05 02:00:00,369.21,3821.97,40.71,10439.2,9059.0,47.76,0,130.0
UNIT_0020,2026-11-27 18:00:00,369.24,3824.25,40.68,10430.8,9064.4,47.76,0,198.0
UNIT_0006,2026-04-09 22:00:00,369.77,3813.7,40.63,10422.2,9042.8,47.76,0,116.0
UNIT_0002,2026-01-24 16:00:00,369.06,3819.15,40.69,10450.4,9049.1,47.76,0,194.0
UNIT_0046,2028-01-10 10:00:00,369.41,3825.21,40.72,10446.0,9058.0,47.76,0,177.0
UNIT_0020,2026-12-13 14:00:00,370.34,3802.53,40.7,10402.0,9074.2,47.76,1,8.0
UNIT_0015,2026-09-15 16:00:00,370.23,3803.08,40.6,10398.4,9047.0,47.76,1,3.0
UNIT_0022,2027-01-15 16:00:00,370.72,3806.39,40.64,10396.8,9056.6,47.77,1,8.0
UNIT_0023,2027-01-18 00:00:00,369.57,3821.49,40.64,10425.2,9047.0,47.76,0,148.0
UNIT_0021,2026-12-27 06:00:00,369.85,3810.25,40.81,10410.6,9087.0,47.76,0,39.0
UNIT_0028,2027-04-04 16:00:00,368.86,3824.32,40.74,10440.0,9064.7,47.76,0,125.0
UNIT_0036,2027-08-13 12:00:00,369.95,3815.35,40.68,10424.0,9055.7,47.76,0,71.0
UNIT_0017,2026-10-08 08:00:00,369.16,3819.7,40.73,10431.4,9069.1,47.76,0,216.0
UNIT_0041,2027-10-31 18:00:00,369.88,3807.36,41.0,10404.0,9126.4,47.76,1,16.0
UNIT_0016,2026-09-24 06:00:00,369.5,3808.18,40.69,10412.2,9056.1,47.76,0,109.0
UNIT_0046,2028-01-05 04:00:00,369.28,3823.97,40.72,10449.2,9062.1,47.76,0,240.0
UNIT_0005,2026-03-22 18:00:00,368.5,3820.32,40.78,10440.4,9076.7,47.76,0,146.0
UNIT_0018,2026-11-08 04:00:00,369.68,3824.45,40.93,10440.6,9103.2,47.76,0,41.0
UNIT_0005,2026-03-19 02:00:00,369.01,3821.56,40.8,10455.6,9066.2,47.76,0,190.0
UNIT_0049,2028-03-02 08:00:00,369.16,3815.08,40.64,10434.4,9041.4,47.76,0,214.0
UNIT_0033,2027-06-22 14:00:00,369.25,3821.21,40.73,10452.8,9062.4,47.76,0,160.0
UNIT_0046,2028-01-04 02:00:00,369.18,3817.08,40.71,10450.6,9056.6,47.76,0,253.0
UNIT_0014,2026-08-26 14:00:00,370.68,3805.01,40.81,10424.6,9075.2,47.76,0,37.0
UNIT_0026,2027-03-08 16:00:00,369.37,3817.35,40.62,10424.4,9051.1,47.76,0,128.0
UNIT_0034,2027-07-15 06:00:00,369.05,3817.28,40.75,10437.2,9071.5,47.76,0,83.0
UNIT_0048,2028-02-16 20:00:00,368.86,3818.87,40.73,10447.8,9067.4,47.76,0,173.0
UNIT_0040,2027-10-13 20:00:00,370.8,3807.98,40.89,10402.4,9112.7,47.76,1,15.0
UNIT_0022,2027-01-08 14:00:00,370.35,3810.6,40.6,10423.8,9046.0,47.76,0,93.0
UNIT_0026,2027-03-07 16:00:00,369.15,3810.18,40.69,10431.8,9048.9,47.76,0,140.0
UNIT_0021,2026-12-29 08:00:00,370.1,3807.84,40.98,10404.6,9127.3,47.76,1,14.0
UNIT_0041,2027-10-21 14:00:00,368.79,3819.01,40.71,10456.0,9064.7,47.76,0,138.0
UNIT_0018,2026-10-30 04:00:00,369.13,3823.83,40.69,10443.2,9066.0,47.76,0,149.0
UNIT_0009,2026-05-30 02:00:00,368.88,3821.35,40.77,10454.8,9073.9,47.76,0,124.0
UNIT_0043,2027-11-23 02:00:00,368.87,3819.01,40.68,10437.8,9048.4,47.76,0,151.0
UNIT_0010,2026-06-21 14:00:00,369.37,3822.11,40.71,10436.4,9063.2,47.76,0,76.0
UNIT_0020,2026-12-01 10:00:00,369.25,3815.22,40.72,10438.6,9061.2,47.76,0,154.0
UNIT_0009,2026-06-08 12:00:00,370.58,3815.28,41.21,10419.6,9188.5,47.76,1,11.0
UNIT_0028,2027-04-10 10:00:00,369.71,3817.56,40.71,10436.0,9069.4,47.76,0,56.0
UNIT_0035,2027-08-01 02:00:00,370.3,3819.21,40.72,10418.2,9068.4,47.76,0,62.0
UNIT_0001,2026-01-07 06:00:00,369.06,3817.35,40.68,10431.6,9056.6,47.76,0,116.0
UNIT_0011,2026-07-15 10:00:00,370.94,3811.91,40.9,10418.6,9104.4,47.76,1,30.0
UNIT_0028,2027-04-03 00:00:00,369.23,3826.45,40.75,10446.6,9070.7,47.76,0,145.0
UNIT_0002,2026-02-05 20:00:00,369.58,3813.15,40.72,10413.2,9072.1,47.76,0,48.0
UNIT_0023,2027-01-18 04:00:00,369.59,3813.63,40.65,10426.0,9059.9,47.76,0,146.0
UNIT_0042,2027-11-06 22:00:00,369.05,3817.01,40.72,10440.8,9056.7,47.76,0,138.0
UNIT_0044,2027-12-06 18:00:00,368.99,3829.28,40.74,10440.2,9062.0,47.76,0,179.0
UNIT_0042,2027-11-11 16:00:00,369.84,3820.11,40.73,10437.8,9063.6,47.76,0,81.0
UNIT_0041,2027-10-20 18:00:00,369.23,3818.39,40.75,10447.0,9071.1,47.76,0,148.0
UNIT_0007,2026-05-10 10:00:00,370.79,3800.39,40.72,10390.8,9071.1,47.76,1,9.0
UNIT_0002,2026-01-21 00:00:00,369.7,3819.97,40.68,10456.6,9049.1,47.76,0,238.0
UNIT_0004,2026-03-07 06:00:00,369.41,3818.39,40.75,10426.8,9072.5,47.76,0,63.0
UNIT_0015,2026-09-13 12:00:00,370.14,3813.77,40.62,10422.2,9046.5,47.76,1,29.0
UNIT_0005,2026-03-23 10:00:00,369.06,3820.52,40.77,10452.0,9078.2,47.76,0,138.0
UNIT_0015,2026-09-03 02:00:00,368.61,3825.07,40.7,10445.4,9055.4,47.76,0,154.0
UNIT_0027,2027-03-25 02:00:00,369.62,3815.01,40.75,10442.4,9066.4,47.76,0,87.0
UNIT_0023,2027-01-30 04:00:00,370.92,3802.12,40.62,10389.8,9060.3,47.77,1,2.0
UNIT_0008,2026-05-16 00:00:00,369.39,3817.9,40.65,10415.8,9044.6,47.76,0,92.0
UNIT_0011,2026-06-28 20:00:00,369.54,3819.49,40.68,10447.6,9053.6,47.76,0,229.0
UNIT_0009,2026-05-31 02:00:00,369.06,3821.14,40.74,10447.4,9071.3,47.76,0,112.0
UNIT_0010,2026-06-24 14:00:00,369.37,3803.43,40.77,10429.2,9080.3,47.76,0,40.0
UNIT_0031,2027-05-22 04:00:00,369.29,3823.01,40.7,10443.6,9058.6,47.76,0,146.0
UNIT_0026,2027-03-14 02:00:00,370.0,3814.8,40.73,10413.8,9066.7,47.76,0,63.0
UNIT_0007,2026-04-24 02:00:00,368.65,3818.18,40.75,10444.2,9073.0,47.76,0,205.0
UNIT_0042,2027-11-03 22:00:00,369.37,3817.28,40.7,10444.2,9064.9,47.76,0,174.0
UNIT_0031,2027-05-20 04:00:00,368.78,3817.9,40.7,10437.6,9060.7,47.76,0,170.0
UNIT_0043,2027-11-29 08:00:00,369.33,3817.63,40.68,10440.8,9051.8,47.76,0,76.0
UNIT_0031,2027-05-17 10:00:00,369.28,3823.97,40.7,10452.8,9057.5,47.76,0,203.0
UNIT_0051,2028-04-07 14:00:00,369.23,3825.14,40.72,10452.0,9065.8,47.76,0,190.0
UNIT_0045,2028-01-01 18:00:00,369.53,3811.29,40.8,10417.2,9082.4,47.76,1,25.0
UNIT_0038,2027-09-18 06:00:00,370.18,3804.18,41.02,10395.4,9141.0,47.76,1,6.0
UNIT_0008,2026-05-15 02:00:00,370.04,3810.46,40.61,10421.8,9044.8,47.76,0,103.0
UNIT_0016,2026-09-16 00:00:00,369.75,3812.53,40.68,10416.4,9056.4,47.76,0,208.0
UNIT_0050,2028-03-25 06:00:00,369.24,3819.28,40.72,10438.0,9066.5,47.76,0,137.0
UNIT_0012,2026-07-21 06:00:00,369.01,3813.77,40.64,10427.4,9043.7,47.76,0,130.0
UNIT_0010,2026-06-18 02:00:00,369.15,3821.42,40.69,10434.2,9059.6,47.76,0,118.0
UNIT_0031,2027-05-17 12:00:00,368.92,3824.18,40.7,10444.4,9059.8,47.76,0,202.0
UNIT_0020,2026-12-10 18:00:00,370.21,3810.87,40.72,10401.2,9063.8,47.76,0,42.0
UNIT_0050,2028-03-27 20:00:00,369.61,3816.73,40.73,10424.2,9078.1,47.76,0,106.0
UNIT_0016,2026-09-28 12:00:00,369.81,3808.8,40.67,10412.4,9059.2,47.76,0,58.0
UNIT_0001,2026-01-11 08:00:00,369.81,3808.94,40.63,10431.4,9046.2,47.76,0,67.0
UNIT_0033,2027-06-20 10:00:00,368.86,3822.73,40.72,10446.2,9060.3,47.76,0,186.0
UNIT_0026,2027-03-19 08:00:00,370.36,3804.46,41.11,10384.0,9159.5,47.76,1,0.0
UNIT_0038,2027-09-14 22:00:00,369.96,3814.18,40.77,10420.8,9076.0,47.76,0,46.0
UNIT_0047,2028-02-03 02:00:00,368.84,3823.21,40.73,10445.0,9071.7,47.76,0,107.0
UNIT_0017,2026-10-06 10:00:00,369.11,3820.94,40.69,10452.8,9066.3,47.76,0,239.0
UNIT_0003,2026-02-19 20:00:00,369.45,3817.15,40.81,10429.4,9075.4,47.76,0,59.0
UNIT_0010,2026-06-26 22:00:00,370.5,3804.94,40.88,10403.6,9103.9,47.76,1,12.0
UNIT_0049,2028-03-02 12:00:00,369.92,3815.28,40.63,10423.0,9044.9,47.76,0,212.0
UNIT_0040,2027-10-03 10:00:00,369.49,3814.73,40.67,10433.6,9066.9,47.76,0,140.0
UNIT_0036,2027-08-11 10:00:00,369.63,3815.01,40.68,10435.2,9055.4,47.76,0,96.0
UNIT_0049,2028-03-16 02:00:00,369.76,3809.35,40.65,10409.2,9050.4,47.76,0,49.0
UNIT_0011,2026-07-03 02:00:00,368.85,3828.66,40.72,10445.2,9052.5,47.76,0,178.0
UNIT_0020,2026-12-04 14:00:00,369.4,3816.94,40.68,10417.8,9055.0,47.76,0,116.0
UNIT_0031,2027-05-20 12:00:00,369.36,3820.39,40.7,10431.2,9062.0,47.76,0,166.0
UNIT_0017,2026-10-08 04:00:00,369.13,3817.56,40.75,10452.0,9065.4,47.76,0,218.0
UNIT_0035,2027-07-25 22:00:00,369.53,3818.8,40.7,10431.2,9061.2,47.76,0,136.0
UNIT_0004,2026-03-02 10:00:00,369.29,3819.9,40.66,10438.4,9054.4,47.76,0,121.0
UNIT_0025,2027-02-16 04:00:00,369.44,3816.25,40.63,10434.2,9050.1,47.76,0,175.0
UNIT_0005,2026-03-23 12:00:00,369.28,3824.04,40.78,10440.8,9067.6,47.76,0,137.0
UNIT_0004,2026-03-09 08:00:00,370.1,3812.39,40.86,10428.6,9097.1,47.76,0,38.0
UNIT_0049,2028-03-11 06:00:00,369.18,3812.53,40.65,10433.2,9052.2,47.76,0,107.0
UNIT_0007,2026-05-03 22:00:00,369.77,3817.56,40.77,10435.6,9081.9,47.76,0,87.0
UNIT_0030,2027-05-10 14:00:00,369.36,3815.77,40.69,10428.4,9056.9,47.76,0,51.0
UNIT_0046,2028-01-24 00:00:00,369.82,3805.84,40.62,10400.2,9049.5,47.76,1,14.0
UNIT_0038,2027-09-04 06:00:00,368.98,3815.7,40.65,10421.0,9044.0,47.76,0,174.0
UNIT_0020,2026-11-27 04:00:00,369.63,3816.32,40.72,10432.0,9056.5,47.76,0,205.0
UNIT_0033,2027-06-20 04:00:00,368.21,3822.66,40.74,10449.4,9070.2,47.76,0,189.0
UNIT_0025,2027-02-13 18:00:00,369.28,3819.35,40.63,10424.6,9047.9,47.76,0,204.0
UNIT_0006,2026-04-13 22:00:00,369.73,3813.01,40.59,10417.2,9038.4,47.76,0,68.0
UNIT_0006,2026-04-13 02:00:00,369.46,3815.49,40.59,10413.2,9040.6,47.76,0,78.0
UNIT_0042,2027-11-02 18:00:00,369.06,3825.49,40.72,10446.6,9065.0,47.76,0,188.0
UNIT_0048,2028-02-13 04:00:00,369.13,3821.21,40.72,10443.2,9069.2,47.76,0,217.0
UNIT_0045,2027-12-24 14:00:00,369.06,3816.59,40.77,10444.4,9074.8,47.76,0,123.0
UNIT_0026,2027-03-12 18:00:00,369.37,3812.94,40.72,10427.8,9062.7,47.76,0,79.0
UNIT_0035,2027-08-03 04:00:00,369.45,3811.22,40.73,10412.4,9072.8,47.76,0,37.0
UNIT_0016,2026-09-26 02:00:00,370.3,3809.77,40.66,10410.0,9050.3,47.76,0,87.0
UNIT_0002,2026-01-24 22:00:00,369.27,3822.45,40.69,10433.2,9059.0,47.76,0,191.0
UNIT_0025,2027-02-23 14:00:00,369.63,3813.7,40.69,10427.2,9053.4,47.76,0,86.0
UNIT_0015,2026-09-05 04:00:00,369.36,3820.73,40.69,10446.2,9059.8,47.76,0,129.0
UNIT_0016,2026-09-21 16:00:00,369.23,3817.97,40.69,10420.6,9060.9,47.76,0,140.0
UNIT_0031,2027-05-16 06:00:00,368.98,3819.7,40.67,10451.2,9054.6,47.76,0,217.0
UNIT_0046,2028-01-11 14:00:00,368.62,3819.7,40.7,10443.6,9054.9,47.76,0,163.0
UNIT_0008,2026-05-19 02:00:00,370.08,3808.04,40.63,10418.6,9038.8,47.76,0,55.0
UNIT_0010,2026-06-14 14:00:00,369.37,3820.73,40.7,10445.8,9057.3,47.76,0,160.0
UNIT_0012,2026-07-19 18:00:00,369.66,3819.77,40.62,10436.8,9038.2,47.76,0,148.0
UNIT_0002,2026-02-07 16:00:00,370.54,3808.04,40.79,10399.6,9087.0,47.76,1,26.0
UNIT_0041,2027-11-01 04:00:00,370.19,3805.77,40.99,10400.8,9140.0,47.76,1,11.0
UNIT_0023,2027-01-27 08:00:00,370.54,3812.11,40.62,10413.4,9051.0,47.76,0,36.0
UNIT_0018,2026-11-03 18:00:00,369.08,3817.84,40.75,10434.2,9072.7,47.76,0,94.0
UNIT_0002,2026-02-05 04:00:00,369.84,3810.11,40.72,10434.6,9071.5,47.76,0,56.0
UNIT_0050,2028-03-21 10:00:00,369.04,3817.77,40.71,10447.2,9061.4,47.76,0,183.0
UNIT_0003,2026-02-24 18:00:00,370.36,3805.29,41.28,10390.6,9197.5,47.76,1,0.0
UNIT_0016,2026-10-03 02:00:00,370.45,3801.91,40.65,10390.0,9067.8,47.77,1,3.0
UNIT_0032,2027-06-17 20:00:00,370.23,3801.43,40.75,10398.0,9078.8,47.76,1,17.0
UNIT_0014,2026-08-26 02:00:00,369.99,3809.01,40.76,10409.0,9071.6,47.76,0,43.0
UNIT_0043,2027-11-22 22:00:00,368.91,3825.83,40.71,10444.6,9051.2,47.76,0,153.0
UNIT_0038,2027-09-17 18:00:00,370.41,3809.08,40.99,10414.0,9129.9,47.76,1,12.0
UNIT_0005,2026-03-25 10:00:00,369.17,3823.56,40.78,10436.6,9079.8,47.76,0,114.0
UNIT_0021,2026-12-16 20:00:00,369.49,3815.97,40.65,10434.0,9053.5,47.76,0,164.0
UNIT_0012,2026-07-21 12:00:00,369.2,3813.97,40.65,10433.4,9042.5,47.76,0,127.0
UNIT_0038,2027-09-16 12:00:00,369.94,3811.22,40.89,10398.2,9100.1,47.76,1,27.0
UNIT_0029,2027-04-21 12:00:00,369.49,3814.87,40.7,10426.4,9060.1,47.76,0,86.0
UNIT_0019,2026-11-17 14:00:00,369.92,3810.87,40.62,10419.0,9037.0,47.76,0,86.0
UNIT_0005,2026-03-22 02:00:00,369.62,3827.21,40.76,10446.4,9072.5,47.76,0,154.0
UNIT_0008,2026-05-12 16:00:00,369.05,3812.46,40.58,10423.8,9042.9,47.76,0,132.0
UNIT_0025,2027-02-22 06:00:00,369.44,3811.49,40.69,10426.4,9062.0,47.76,0,102.0
UNIT_0011,2026-07-03 20:00:00,369.42,3826.52,40.69,10437.6,9055.9,47.76,0,169.0
UNIT_0032,2027-06-11 00:00:00,370.23,3814.25,40.66,10428.4,9049.6,47.76,0,99.0
UNIT_0049,2028-03-07 20:00:00,368.9,3816.39,40.63,10420.8,9041.8,47.76,0,148.0
UNIT_0021,2026-12-19 14:00:00,369.51,3820.39,40.64,10435.6,9043.4,47.76,0,131.0
UNIT_0004,2026-03-05 02:00:00,369.52,3817.77,40.7,10435.4,9061.4,47.76,0,89.0
UNIT_0011,2026-07-10 08:00:00,369.83,3816.8,40.72,10431.2,9069.0,47.76,0,91.0
UNIT_0034,2027-07-10 06:00:00,369.59,3818.11,40.69,10437.2,9058.3,47.76,0,143.0
UNIT_0024,2027-02-01 06:00:00,369.25,3819.9,40.71,10435.4,9063.6,47.76,0,124.0
UNIT_0042,2027-11-16 06:00:00,369.3,3807.77,40.71,10405.2,9065.4,47.76,1,26.0
UNIT_0004,2026-03-09 06:00:00,369.31,3813.77,40.89,10428.6,9096.2,47.76,0,39.0
UNIT_0033,2027-07-02 22:00:00,369.66,3814.46,40.67,10418.4,9066.5,47.76,0,36.0
UNIT_0040,2027-10-06 06:00:00,369.43,3811.56,40.67,10422.4,9064.9,47.76,0,106.0
UNIT_0010,2026-06-13 00:00:00,369.52,3819.7,40.7,10448.2,9059.0,47.76,0,179.0
UNIT_0012,2026-07-23 18:00:00,369.78,3816.46,40.65,10430.4,9046.1,47.76,0,100.0
UNIT_0030,2027-05-05 14:00:00,368.96,3820.66,40.74,10447.6,9058.0,47.76,0,111.0
UNIT_0042,2027-11-12 06:00:00,369.74,3816.18,40.69,10424.4,9063.1,47.76,0,74.0
UNIT_0031,2027-05-27 12:00:00,369.32,3821.08,40.68,10437.8,9060.5,47.76,0,82.0
UNIT_0012,2026-07-20 04:00:00,369.26,3818.8,40.65,10426.4,9047.3,47.76,0,143.0
UNIT_0005,2026-03-31 10:00:00,369.57,3810.11,40.91,10424.6,9111.6,47.76,0,42.0
UNIT_0033,2027-07-01 10:00:00,369.29,3818.04,40.7,10432.4,9059.4,47.76,0,54.0
UNIT_0021,2026-12-20 08:00:00,369.59,3817.56,40.62,10422.6,9047.2,47.76,0,122.0
UNIT_0044,2027-12-11 02:00:00,369.05,3820.32,40.74,10436.6,9060.2,47.76,0,127.0
UNIT_0010,2026-06-24 06:00:00,369.78,3815.97,40.81,10418.0,9075.5,47.76,0,44.0
UNIT_0022,2027-01-13 06:00:00,370.19,3808.25,40.61,10415.0,9047.7,47.76,0,37.0
UNIT_0037,2027-08-24 04:00:00,369.71,3810.94,40.63,10429.0,9032.8,47.76,0,113.0
UNIT_0034,2027-07-21 06:00:00,369.91,3804.8,41.0,10410.6,9141.8,47.76,1,11.0
UNIT_0037,2027-08-27 02:00:00,369.06,3812.6,40.62,10418.2,9049.7,47.76,0,78.0
UNIT_0038,2027-09-11 12:00:00,370.07,3819.01,40.69,10431.0,9058.9,47.76,0,87.0
UNIT_0035,2027-07-25 18:00:00,369.25,3820.52,40.67,10436.6,9053.9,47.76,0,138.0
UNIT_0035,2027-07-24 16:00:00,369.45,3820.73,40.69,10434.8,9048.2,47.76,0,151.0
UNIT_0005,2026-03-25 14:00:00,368.98,3819.83,40.8,10435.2,9076.4,47.76,0,112.0
UNIT_0047,2028-01-29 06:00:00,369.37,3822.11,40.75,10455.6,9074.4,47.76,0,165.0
UNIT_0033,2027-07-01 20:00:00,369.18,3817.77,40.68,10430.8,9057.0,47.76,0,49.0
UNIT_0028,2027-04-13 20:00:00,370.34,3809.22,40.78,10405.8,9069.8,47.76,1,15.0
UNIT_0023,2027-01-23 14:00:00,369.99,3812.8,40.64,10439.2,9049.5,47.76,0,81.0
UNIT_0027,2027-03-19 18:00:00,369.32,3820.94,40.69,10439.2,9057.8,47.76,0,151.0
UNIT_0007,2026-05-04 18:00:00,369.65,3816.59,40.76,10429.6,9063.6,47.76,0,77.0
UNIT_0039,2027-09-26 22:00:00,370.08,3812.18,40.61,10414.6,9040.0,47.76,1,30.0
UNIT_0007,2026-04-28 14:00:00,369.24,3820.59,40.74,10452.8,9075.6,47.76,0,151.0
UNIT_0048,2028-02-15 06:00:00,369.02,3816.25,40.75,10444.0,9067.0,47.76,0,192.0
UNIT_0004,2026-03-01 02:00:00,369.67,3819.01,40.69,10439.8,9053.2,47.76,0,137.0
UNIT_0050,2028-03-28 04:00:00,369.86,3818.87,40.77,10419.0,9064.0,47.76,0,102.0
UNIT_0042,2027-11-02 04:00:00,369.45,3825.28,40.72,10439.4,9061.0,47.76,0,195.0
UNIT_0037,2027-08-24 22:00:00,369.55,3817.35,40.61,10433.2,9042.4,47.76,0,104.0
UNIT_0015,2026-09-14 08:00:00,370.49,3810.73,40.62,10411.4,9051.5,47.76,1,19.0
UNIT_0043,2027-11-24 20:00:00,368.63,3815.84,40.68,10444.0,9049.3,47.76,0,130.0
UNIT_0020,2026-12-08 18:00:00,369.98,3809.63,40.69,10420.4,9065.5,47.76,0,66.0
UNIT_0026,2027-03-03 04:00:00,369.65,3816.25,40.63,10426.0,9035.7,47.76,0,194.0
UNIT_0014,2026-08-15 20:00:00,369.25,3814.18,40.7,10431.8,9058.8,47.76,0,166.0
UNIT_0048,2028-02-19 22:00:00,369.35,3817.01,40.75,10446.6,9071.5,47.76,0,136.0
UNIT_0006,2026-04-16 16:00:00,369.9,3802.53,40.6,10409.2,9034.8,47.76,0,35.0
UNIT_0012,2026-07-25 04:00:00,369.83,3807.36,40.62,10426.4,9046.3,47.76,0,83.0
UNIT_0027,2027-04-01 08:00:00,370.61,3802.53,41.05,10388.6,9141.1,47.76,1,0.0
UNIT_0002,2026-01-23 08:00:00,368.82,3820.11,40.69,10447.2,9052.1,47.76,0,210.0
UNIT_0017,2026-10-26 08:00:00,370.82,3802.53,41.19,10404.4,9172.8,47.76,1,0.0
UNIT_0027,2027-03-22 18:00:00,369.06,3817.84,40.71,10432.8,9057.1,47.76,0,115.0
UNIT_0037,2027-08-31 12:00:00,370.06,3808.53,40.58,10406.6,9034.8,47.76,1,25.0
UNIT_0026,2027-03-06 18:00:00,369.87,3814.94,40.62,10424.6,9050.4,47.76,0,151.0
UNIT_0033,2027-07-05 02:00:00,370.3,3802.87,40.66,10394.8,9059.6,47.76,1,10.0
UNIT_0014,2026-08-24 02:00:00,369.69,3813.01,40.75,10417.4,9071.5,47.76,0,67.0
UNIT_0030,2027-04-29 22:00:00,369.34,3825.49,40.71,10449.6,9061.4,47.76,0,179.0
UNIT_0003,2026-02-19 02:00:00,369.1,3817.9,40.76,10441.8,9070.4,47.76,0,68.0
UNIT_0030,2027-05-12 06:00:00,369.49,3808.25,40.68,10420.2,9057.4,47.76,0,31.0
UNIT_0026,2027-03-14 20:00:00,370.42,3811.97,40.77,10421.4,9073.5,47.76,0,54.0
UNIT_0034,2027-07-10 02:00:00,369.95,3816.73,40.68,10430.0,9062.2,47.76,0,145.0
UNIT_0040,2027-10-01 00:00:00,370.04,3813.42,40.68,10426.8,9059.5,47.76,0,169.0
UNIT_0045,2027-12-29 02:00:00,369.26,3817.9,40.78,10438.2,9071.2,47.76,0,69.0
UNIT_0035,2027-07-29 16:00:00,369.23,3816.66,40.73,10434.0,9062.0,47.76,0,91.0
UNIT_0039,2027-09-25 20:00:00,369.68,3809.35,40.62,10412.4,9046.4,47.76,0,43.0
UNIT_0010,2026-06-19 00:00:00,369.23,3818.8,40.71,10436.4,9057.9,47.76,0,107.0
UNIT_0035,2027-07-23 04:00:00,369.12,3821.14,40.7,10440.4,9054.4,47.76,0,169.0
UNIT_0004,2026-02-26 10:00:00,369.38,3819.49,40.64,10432.4,9047.8,47.76,0,169.0
UNIT_0029,2027-04-26 06:00:00,369.99,3810.94,40.67,10423.2,9050.6,47.76,1,29.0
UNIT_0006,2026-04-13 16:00:00,370.21,3816.32,40.62,10416.2,9045.7,47.76,0,71.0
UNIT_0026,2027-03-18 08:00:00,370.35,3810.39,41.0,10394.0,9135.4,47.76,1,12.0
UNIT_0036,2027-08-15 22:00:00,370.04,3810.6,40.68,10414.2,9065.2,47.76,0,42.0
UNIT_0025,2027-02-24 12:00:00,370.06,3811.29,40.72,10416.6,9064.1,47.76,0,75.0
UNIT_0027,2027-03-31 08:00:00,370.23,3805.84,40.92,10401.0,9121.9,47.76,1,12.0
UNIT_0012,2026-07-22 16:00:00,370.27,3814.32,40.66,10419.8,9045.8,47.76,0,113.0
UNIT_0032,2027-06-11 14:00:00,370.26,3814.25,40.66,10421.0,9057.3,47.76,0,92.0
UNIT_0031,2027-05-25 22:00:00,369.11,3822.66,40.69,10443.2,9062.9,47.76,0,101.0
UNIT_0047,2028-02-03 04:00:00,369.54,3819.7,40.75,10446.8,9068.1,47.76,0,106.0
UNIT_0051,2028-04-09 10:00:00,369.15,3820.66,40.7,10444.0,9063.8,47.76,0,168.0
UNIT_0005,2026-03-16 16:00:00,369.05,3826.45,40.74,10451.2,9067.2,47.76,0,219.0
UNIT_0008,2026-05-15 06:00:00,369.32,3817.56,40.66,10433.8,9038.4,47.76,0,101.0
UNIT_0033,2027-06-24 12:00:00,369.38,3823.08,40.73,10455.2,9062.6,47.76,0,137.0
UNIT_0040,2027-10-01 10:00:00,369.65,3811.97,40.69,10428.2,9057.2,47.76,0,164.0
UNIT_0038,2027-09-14 16:00:00,370.21,3811.29,40.75,10419.4,9081.3,47.76,0,49.0
UNIT_0019,2026-11-14 04:00:00,369.54,3808.67,40.65,10428.6,9048.7,47.76,0,127.0
UNIT_0043,2027-11-21 10:00:00,368.92,3820.66,40.7,10443.6,9060.7,47.76,0,171.0
UNIT_0048,2028-02-27 14:00:00,369.47,3820.59,40.96,10431.4,9118.2,47.76,0,44.0
UNIT_0023,2027-01-27 18:00:00,369.85,3806.8,40.65,10409.8,9058.8,47.76,0,31.0
UNIT_0020,2026-11-27 02:00:00,369.37,3814.87,40.7,10423.4,9061.4,47.76,0,206.0
UNIT_0027,2027-03-28 10:00:00,369.88,3812.04,40.77,10414.4,9079.2,47.76,0,47.0
UNIT_0005,2026-03-16 04:00:00,368.62,3829.9,40.74,10453.6,9067.4,47.76,0,225.0
UNIT_0025,2027-02-21 14:00:00,369.26,3813.97,40.68,10433.6,9051.8,47.76,0,110.0
UNIT_0038,2027-09-18 12:00:00,369.98,3811.08,41.11,10384.0,9150.4,47.76,1,3.0
UNIT_0041,2027-10-19 18:00:00,369.22,3822.25,40.73,10445.2,9067.6,47.76,0,160.0
UNIT_0025,2027-03-01 14:00:00,370.72,3811.08,40.93,10400.4,9121.5,47.76,1,14.0
UNIT_0035,2027-08-01 16:00:00,369.82,3812.73,40.75,10428.0,9073.5,47.76,0,55.0
UNIT_0049,2028-03-12 10:00:00,369.06,3812.53,40.63,10426.4,9043.7,47.76,0,93.0
UNIT_0014,2026-08-22 06:00:00,369.45,3812.73,40.71,10429.8,9065.7,47.76,0,89.0
UNIT_0003,2026-02-18 16:00:00,369.36,3821.83,40.79,10442.2,9074.8,47.76,0,73.0
UNIT_0016,2026-09-30 08:00:00,370.05,3806.18,40.73,10406.0,9062.8,47.76,0,36.0
UNIT_0019,2026-11-24 16:00:00,370.28,3800.53,40.56,10390.0,9042.2,47.77,1,1.0
UNIT_0006,2026-04-16 00:00:00,369.94,3807.56,40.6,10411.2,9037.5,47.76,0,43.0
UNIT_0031,2027-06-02 02:00:00,370.22,3802.94,40.63,10406.8,9051.3,47.76,1,15.0
UNIT_0002,2026-01-26 20:00:00,369.52,3821.9,40.71,10444.2,9054.5,47.76,0,168.0
UNIT_0040,2027-10-12 02:00:00,370.5,3805.49,40.81,10410.2,9086.9,47.76,0,36.0
UNIT_0033,2027-06-23 04:00:00,368.87,3823.49,40.71,10458.0,9059.3,47.76,0,153.0
UNIT_0031,2027-06-02 04:00:00,370.83,3807.22,40.64,10395.4,9047.6,47.76,1,14.0
UNIT_0030,2027-05-06 04:00:00,369.2,3818.8,40.7,10453.6,9065.0,47.76,0,104.0
UNIT_0023,2027-01-25 00:00:00,370.38,3815.28,40.66,10420.4,9045.9,47.76,0,64.0
UNIT_0021,2026-12-25 04:00:00,370.0,3813.49,40.75,10435.4,9072.6,47.76,0,64.0
UNIT_0019,2026-11-12 06:00:00,369.49,3815.77,40.65,10414.0,9051.1,47.76,0,150.0
UNIT_0005,2026-03-26 00:00:00,368.92,3823.9,40.8,10445.0,9078.0,47.76,0,107.0
UNIT_0043,2027-11-28 04:00:00,370.02,3815.84,40.68,10438.0,9064.1,47.76,0,90.0
UNIT_0011,2026-07-02 02:00:00,369.12,3817.97,40.72,10438.4,9060.9,47.76,0,190.0
UNIT_0018,2026-10-29 22:00:00,368.19,3817.77,40.7,10448.6,9055.7,47.76,0,152.0
UNIT_0036,2027-08-10 14:00:00,369.51,3813.56,40.71,10433.8,9062.5,47.76,0,106.0
UNIT_0025,2027-02-15 04:00:00,369.31,3816.66,40.63,10435.8,9050.9,47.76,0,187.0
UNIT_0049,2028-03-17 02:00:00,369.86,3807.22,40.67,10417.0,9059.7,47.76,0,37.0
UNIT_0041,2027-10-25 12:00:00,369.53,3822.87,40.79,10438.2,9077.1,47.76,0,91.0
UNIT_0031,2027-05-26 10:00:00,369.14,3817.08,40.66,10437.8,9055.7,47.76,0,95.0
UNIT_0024,2027-02-01 08:00:00,369.15,3827.07,40.74,10443.0,9064.8,47.76,0,123.0
UNIT_0025,2027-02-27 20:00:00,370.03,3807.22,40.84,10408.0,9091.9,47.76,0,35.0
UNIT_0001,2026-01-08 12:00:00,368.83,3816.53,40.67,10431.0,9050.7,47.76,0,101.0
UNIT_0030,2027-05-13 20:00:00,370.57,3807.98,40.64,10406.6,9053.5,47.76,1,12.0
UNIT_0033,2027-06-19 20:00:00,368.81,3818.46,40.71,10442.6,9063.6,47.76,0,193.0
UNIT_0045,2027-12-22 00:00:00,369.36,3825.28,40.8,10448.6,9074.0,47.76,0,154.0
UNIT_0045,2027-12-26 04:00:00,369.47,3826.45,40.77,10451.4,9079.2,47.76,0,104.0
UNIT_0010,2026-06-26 10:00:00,370.2,3808.6,40.8,10407.0,9096.4,47.76,1,18.0
UNIT_0015,2026-09-02 18:00:00,368.59,3829.76,40.7,10439.6,9062.6,47.76,0,158.0
UNIT_0035,2027-07-25 04:00:00,369.71,3820.8,40.69,10432.0,9057.0,47.76,0,145.0
UNIT_0005,2026-03-23 22:00:00,369.09,3825.83,40.81,10442.8,9081.3,47.76,0,132.0
UNIT_0037,2027-08-29 00:00:00,370.03,3812.18,40.61,10422.8,9036.3,47.76,0,55.0
UNIT_0051,2028-04-12 02:00:00,368.64,3818.11,40.76,10454.6,9075.6,47.76,0,136.0
UNIT_0015,2026-09-01 18:00:00,368.8,3828.18,40.73,10445.2,9058.0,47.76,0,170.0
UNIT_0031,2027-05-21 02:00:00,368.92,3820.32,40.7,10433.2,9044.8,47.76,0,159.0
UNIT_0016,2026-09-25 20:00:00,369.39,3813.01,40.68,10426.2,9054.8,47.76,0,90.0
UNIT_0033,2027-06-22 06:00:00,369.02,3823.42,40.75,10442.0,9055.1,47.76,0,164.0
UNIT_0034,2027-07-19 22:00:00,369.87,3808.39,40.89,10417.0,9116.7,47.76,1,27.0
UNIT_0036,2027-08-10 12:00:00,369.33,3813.49,40.67,10431.0,9063.8,47.76,0,107.0
UNIT_0029,2027-04-17 22:00:00,368.89,3818.87,40.72,10428.0,9064.4,47.76,0,129.0
UNIT_0003,2026-02-22 06:00:00,370.11,3810.8,40.92,10423.6,9113.8,47.76,1,30.0
UNIT_0041,2027-10-30 08:00:00,369.88,3812.04,40.91,10426.4,9098.7,47.76,0,33.0
UNIT_0026,2027-03-04 02:00:00,369.04,3812.04,40.63,10430.0,9045.5,47.76,0,183.0
UNIT_0024,2027-02-02 02:00:00,369.41,3817.77,40.72,10441.6,9063.2,47.76,0,114.0
UNIT_0042,2027-11-10 14:00:00,369.51,3815.7,40.74,10430.6,9064.7,47.76,0,94.0
UNIT_0049,2028-03-10 12:00:00,370.15,3816.66,40.63,10420.6,9046.7,47.76,0,116.0
UNIT_0006,2026-04-16 18:00:00,370.25,3808.67,40.57,10409.4,9034.5,47.76,0,34.0
UNIT_0001,2026-01-11 16:00:00,369.26,3808.8,40.64,10440.4,9046.1,47.76,0,63.0
UNIT_0031,2027-05-25 08:00:00,369.2,3817.7,40.68,10443.4,9053.6,47.76,0,108.0
UNIT_0008,2026-05-23 14:00:00,370.72,3795.5,40.61,10386.2,9047.3,47.77,1,1.0
UNIT_0041,2027-10-18 04:00:00,369.09,3825.14,40.72,10450.4,9056.2,47.76,0,179.0
UNIT_0021,2026-12-19 22:00:00,370.11,3818.46,40.65,10430.0,9041.4,47.76,0,127.0
UNIT_0026,2027-03-09 16:00:00,369.36,3811.29,40.66,10427.8,9046.3,47.76,0,116.0
UNIT_0012,2026-07-19 20:00:00,369.49,3815.22,40.61,10431.2,9045.9,47.76,0,147.0
UNIT_0027,2027-03-29 20:00:00,369.98,3810.8,40.84,10414.4,9092.7,47.76,1,30.0
UNIT_0031,2027-05-20 18:00:00,369.09,3817.9,40.71,10457.0,9057.2,47.76,0,163.0
UNIT_0048,2028-02-16 12:00:00,369.39,3822.52,40.73,10441.2,9062.4,47.76,0,177.0
UNIT_0006,2026-04-09 20:00:00,369.74,3815.63,40.59,10422.8,9038.9,47.76,0,117.0
UNIT_0031,2027-05-17 02:00:00,368.82,3825.14,40.71,10447.8,9060.6,47.76,0,207.0
UNIT_0050,2028-03-27 02:00:00,369.66,3813.15,40.71,10425.6,9062.4,47.76,0,115.0
UNIT_0031,2027-05-17 04:00:00,368.67,3822.39,40.69,10438.4,9051.5,47.76,0,206.0
UNIT_0010,2026-06-14 18:00:00,369.02,3822.32,40.69,10446.4,9057.6,47.76,0,158.0
UNIT_0050,2028-04-03 22:00:00,370.25,3809.35,40.86,10419.4,9108.7,47.76,1,21.0
UNIT_0021,2026-12-20 22:00:00,368.74,3817.35,40.66,10426.0,9052.2,47.76,0,115.0
UNIT_0040,2027-10-02 08:00:00,369.68,3813.01,40.71,10427.8,9050.7,47.76,0,153.0
UNIT_0005,2026-03-18 06:00:00,368.75,3824.04,40.76,10457.8,9069.6,47.76,0,200.0
UNIT_0007,2026-04-19 18:00:00,369.42,3819.49,40.74,10446.0,9078.2,47.76,0,257.0
UNIT_0027,2027-03-31 14:00:00,370.45,3801.77,40.97,10413.2,9118.2,47.76,1,9.0
UNIT_0015,2026-09-12 02:00:00,369.78,3817.7,40.68,10421.4,9056.7,47.76,0,46.0
UNIT_0049,2028-03-04 10:00:00,369.02,3815.7,40.6,10435.6,9042.8,47.76,0,189.0
UNIT_0006,2026-04-17 02:00:00,370.51,3809.35,40.59,10410.0,9031.2,47.76,1,30.0
UNIT_0042,2027-11-03 06:00:00,368.45,3824.66,40.73,10431.0,9058.0,47.76,0,182.0
UNIT_0014,2026-08-22 00:00:00,369.55,3819.01,40.74,10431.8,9063.5,47.76,0,92.0
UNIT_0007,2026-04-27 12:00:00,369.04,3824.18,40.76,10446.4,9066.2,47.76,0,164.0
UNIT_0017,2026-10-07 20:00:00,369.37,3820.8,40.74,10446.0,9052.7,47.76,0,222.0
UNIT_0001,2026-01-16 06:00:00,370.92,3799.01,40.58,10395.4,9047.9,47.76,1,8.0
UNIT_0035,2027-07-27 06:00:00,369.15,3812.6,40.69,10445.6,9056.2,47.76,0,120.0
UNIT_0029,2027-04-20 14:00:00,368.93,3819.77,40.7,10437.8,9063.6,47.76,0,97.0
UNIT_0046,2028-01-07 06:00:00,368.91,3818.46,40.66,10440.0,9055.5,47.76,0,215.0
UNIT_0049,2028-03-13 04:00:00,369.59,3812.32,40.62,10421.6,9053.6,47.76,0,84.0
UNIT_0031,2027-05-30 04:00:00,369.62,3819.49,40.66,10417.2,9052.6,47.76,0,50.0
UNIT_0035,2027-08-06 06:00:00,370.76,3800.12,40.83,10396.8,9098.3,47.76,1,0.0
UNIT_0023,2027-01-16 14:00:00,369.58,3820.25,40.66,10427.2,9046.9,47.76,0,165.0
UNIT_0046,2028-01-17 06:00:00,369.06,3819.01,40.69,10443.0,9053.1,47.76,0,95.0
UNIT_0013,2026-08-10 08:00:00,370.13,3815.35,40.75,10431.4,9075.4,47.76,0,52.0
UNIT_0043,2027-11-24 10:00:00,369.16,3821.77,40.68,10442.6,9055.3,47.76,0,135.0
UNIT_0035,2027-07-26 10:00:00,368.99,3817.42,40.7,10433.2,9052.3,47.76,0,130.0
UNIT_0010,2026-06-13 10:00:00,368.82,3824.11,40.69,10452.2,9056.8,47.76,0,174.0
UNIT_0032,2027-06-16 22:00:00,370.44,3809.84,40.69,10402.8,9070.8,47.76,1,28.0
UNIT_0046,2028-01-08 18:00:00,369.11,3823.97,40.71,10453.8,9059.7,47.76,0,197.0
UNIT_0051,2028-04-11 02:00:00,368.92,3820.52,40.73,10448.6,9060.5,47.76,0,148.0
UNIT_0006,2026-04-15 06:00:00,370.17,3809.63,40.58,10415.4,9035.3,47.76,0,52.0
UNIT_0016,2026-09-22 16:00:00,369.79,3810.18,40.69,10432.0,9057.5,47.76,0,128.0
UNIT_0040,2027-10-09 16:00:00,369.84,3815.22,40.74,10419.6,9065.8,47.76,0,65.0
UNIT_0025,2027-02-22 18:00:00,369.24,3815.42,40.7,10428.6,9053.3,47.76,0,96.0
UNIT_0049,2028-03-19 18:00:00,370.42,3802.39,40.66,10394.0,9056.8,47.77,1,5.0
UNIT_0033,2027-06-29 22:00:00,368.93,3817.77,40.7,10445.0,9067.1,47.76,0,72.0
UNIT_0016,2026-10-02 02:00:00,370.59,3801.91,40.65,10391.6,9063.3,47.77,1,15.0
UNIT_0033,2027-06-22 08:00:00,368.72,3824.87,40.72,10457.8,9056.6,47.76,0,163.0
UNIT_0045,2027-12-29 04:00:00,368.99,3818.39,40.73,10438.8,9078.9,47.76,0,68.0
UNIT_0039,2027-09-27 06:00:00,369.75,3811.49,40.59,10422.4,9042.8,47.76,1,26.0
UNIT_0032,2027-06-07 22:00:00,369.61,3810.8,40.66,10429.8,9042.2,47.76,0,136.0
UNIT_0035,2027-07-28 22:00:00,369.56,3814.8,40.71,10437.8,9060.5,47.76,0,100.0
UNIT_0005,2026-03-29 14:00:00,369.43,3819.15,40.84,10435.8,9087.7,47.76,0,64.0
UNIT_0020,2026-12-06 02:00:00,369.5,3812.04,40.69,10426.2,9065.6,47.76,0,98.0
UNIT_0031,2027-05-17 20:00:00,369.11,3826.38,40.67,10447.0,9049.8,47.76,0,198.0
UNIT_0028,2027-04-08 16:00:00,368.64,3819.9,40.73,10447.0,9067.7,47.76,0,77.0
UNIT_0002,2026-01-23 16:00:00,368.57,3828.32,40.68,10452.4,9053.0,47.76,0,206.0
UNIT_0010,2026-06-20 04:00:00,369.25,3819.49,40.72,10441.6,9064.5,47.76,0,93.0
UNIT_0024,2027-02-01 22:00:00,369.37,3823.63,40.72,10438.2,9063.8,47.76,0,116.0
UNIT_0046,2028-01-20 18:00:00,370.09,3817.08,40.68,10415.8,9056.7,47.76,0,53.0
UNIT_0026,2027-03-10 16:00:00,369.42,3818.66,40.71,10431.0,9054.3,47.76,0,104.0
UNIT_0049,2028-03-03 10:00:00,369.31,3822.32,40.61,10436.2,9050.1,47.76,0,201.0
UNIT_0005,2026-04-01 12:00:00,370.26,3811.42,40.94,10429.4,9125.0,47.76,1,29.0
UNIT_0043,2027-11-29 18:00:00,369.31,3810.25,40.69,10434.2,9049.8,47.76,0,71.0
UNIT_0040,2027-10-07 08:00:00,370.06,3808.04,40.69,10422.2,9062.8,47.76,0,93.0
UNIT_0039,2027-09-19 06:00:00,369.45,3811.7,40.62,10427.4,9039.1,47.76,0,122.0
UNIT_0034,2027-07-11 12:00:00,369.34,3823.97,40.71,10430.2,9064.0,47.76,0,128.0
UNIT_0021,2026-12-27 04:00:00,369.62,3808.67,40.82,10416.4,9096.0,47.76,0,40.0
UNIT_0035,2027-08-02 20:00:00,369.83,3810.32,40.74,10419.6,9068.3,47.76,0,41.0
UNIT_0040,2027-10-08 14:00:00,369.9,3813.01,40.72,10419.0,9066.9,47.76,0,78.0
UNIT_0034,2027-07-19 08:00:00,369.71,3812.11,40.86,10431.6,9099.0,47.76,0,34.0
UNIT_0028,2027-04-05 20:00:00,369.49,3819.15,40.75,10449.8,9061.0,47.76,0,111.0
UNIT_0026,2027-03-03 10:00:00,369.79,3812.25,40.63,10424.8,9046.0,47.76,0,191.0
UNIT_0031,2027-05-30 22:00:00,370.0,3811.56,40.64,10420.6,9057.4,47.76,0,41.0
UNIT_0023,2027-01-28 10:00:00,370.18,3807.29,40.62,10408.8,9055.5,47.76,1,23.0
UNIT_0042,2027-11-08 18:00:00,369.05,3819.9,40.72,10436.4,9065.4,47.76,0,116.0
UNIT_0030,2027-05-13 10:00:00,369.69,3813.01,40.62,10394.8,9055.2,47.76,1,17.0
UNIT_0034,2027-07-20 08:00:00,370.43,3810.46,40.94,10423.0,9117.8,47.76,1,22.0
UNIT_0017,2026-10-17 20:00:00,369.89,3811.84,40.81,10442.0,9082.3,47.76,0,102.0
UNIT_0043,2027-12-03 04:00:00,369.7,3812.6,40.63,10414.8,9048.0,47.76,1,30.0
UNIT_0019,2026-11-24 00:00:00,370.42,3804.25,40.62,10386.0,9044.6,47.77,1,9.0
UNIT_0009,2026-05-26 16:00:00,368.7,3819.35,40.74,10450.6,9068.2,47.76,0,165.0
UNIT_0004,2026-03-03 00:00:00,369.27,3820.59,40.69,10439.0,9057.3,47.76,0,114.0
UNIT_0013,2026-08-01 18:00:00,369.26,3811.08,40.66,10429.2,9053.8,47.76,0,155.0
UNIT_0027,2027-03-31 20:00:00,370.6,3802.53,40.98,10398.8,9133.8,47.76,1,6.0
UNIT_0030,2027-05-05 10:00:00,369.03,3824.32,40.72,10436.8,9058.6,47.76,0,113.0
UNIT_0013,2026-08-10 20:00:00,369.97,3810.66,40.79,10424.2,9084.0,47.76,0,46.0
UNIT_0048,2028-02-23 04:00:00,369.37,3817.08,40.8,10437.8,9089.2,47.76,0,97.0
UNIT_0033,2027-06-22 22:00:00,368.87,3823.35,40.75,10437.0,9065.1,47.76,0,156.0
UNIT_0016,2026-09-17 10:00:00,369.59,3814.87,40.7,10423.4,9056.5,47.76,0,191.0
UNIT_0016,2026-10-03 06:00:00,371.32,3795.63,40.69,10392.8,9060.4,47.77,1,1.0
UNIT_0007,2026-04-23 00:00:00,369.24,3824.11,40.73,10449.8,9063.5,47.76,0,218.0
UNIT_0008,2026-05-21 20:00:00,370.19,3806.39,40.58,10408.4,9049.6,47.76,1,22.0
UNIT_0037,2027-08-22 08:00:00,368.99,3819.77,40.64,10424.8,9042.5,47.76,0,135.0
UNIT_0033,2027-06-26 14:00:00,369.6,3824.73,40.74,10441.6,9064.0,47.76,0,112.0
UNIT_0017,2026-10-03 16:00:00,368.92,3822.11,40.73,10453.0,9059.3,47.76,0,272.0
UNIT_0007,2026-05-06 08:00:00,369.29,3813.28,40.79,10427.4,9073.5,47.76,0,58.0
UNIT_0009,2026-05-31 12:00:00,368.9,3823.83,40.78,10446.2,9075.0,47.76,0,107.0
UNIT_0044,2027-12-07 18:00:00,368.75,3820.46,40.73,10445.6,9063.8,47.76,0,167.0
UNIT_0027,2027-03-24 10:00:00,369.41,3811.56,40.74,10423.0,9071.1,47.76,0,95.0
UNIT_0019,2026-11-12 22:00:00,369.05,3812.94,40.65,10429.4,9040.9,47.76,0,142.0
UNIT_0049,2028-03-04 08:00:00,369.88,3819.63,40.62,10428.4,9049.7,47.76,0,190.0
UNIT_0038,2027-09-03 18:00:00,369.26,3816.8,40.67,10424.8,9055.8,47.76,0,180.0
UNIT_0030,2027-05-08 10:00:00,369.49,3818.25,40.71,10427.6,9065.7,47.76,0,77.0
UNIT_0035,2027-07-23 18:00:00,369.08,3819.08,40.68,10427.6,9048.5,47.76,0,162.0
UNIT_0037,2027-08-29 06:00:00,370.03,3806.39,40.6,10408.2,9044.3,47.76,0,52.0
UNIT_0009,2026-06-04 00:00:00,369.42,3821.9,40.85,10439.2,9093.1,47.76,0,65.0
UNIT_0022,2027-01-12 00:00:00,369.48,3811.29,40.63,10415.6,9047.4,47.76,0,52.0
UNIT_0012,2026-07-22 14:00:00,369.32,3811.91,40.67,10429.8,9048.0,47.76,0,114.0
UNIT_0023,2027-01-24 08:00:00,369.63,3813.63,40.66,10421.4,9052.8,47.76,0,72.0
UNIT_0046,2028-01-11 10:00:00,369.05,3821.83,40.69,10432.2,9059.8,47.76,0,165.0
UNIT_0028,2027-04-11 08:00:00,369.4,3817.63,40.74,10434.4,9070.3,47.76,0,45.0
UNIT_0001,2026-01-12 20:00:00,369.62,3817.08,40.63,10419.6,9050.6,47.76,0,49.0
UNIT_0045,2028-01-01 00:00:00,369.41,3809.98,40.78,10440.0,9084.0,47.76,0,34.0
UNIT_0047,2028-02-07 14:00:00,369.6,3815.08,40.8,10432.8,9078.8,47.76,0,53.0
UNIT_0026,2027-03-15 16:00:00,369.64,3808.87,40.79,10420.6,9085.2,47.76,0,44.0
UNIT_0017,2026-10-12 02:00:00,368.78,3823.76,40.74,10448.8,9068.3,47.76,0,171.0
UNIT_0006,2026-04-04 02:00:00,368.92,3812.94,40.63,10420.6,9046.0,47.76,0,186.0
UNIT_0009,2026-05-27 08:00:00,368.88,3819.7,40.74,10451.6,9065.4,47.76,0,157.0
UNIT_0003,2026-02-11 10:00:00,368.9,3819.63,40.72,10443.6,9051.2,47.76,0,160.0
UNIT_0041,2027-11-01 06:00:00,370.48,3806.94,41.03,10419.4,9137.8,47.76,1,10.0
UNIT_0005,2026-03-14 12:00:00,368.98,3820.39,40.78,10444.2,9066.4,47.76,0,245.0
UNIT_0017,2026-10-07 18:00:00,369.78,3821.83,40.74,10446.4,9070.9,47.76,0,223.0
UNIT_0005,2026-03-18 00:00:00,369.01,3821.14,40.76,10445.0,9069.5,47.76,0,203.0
UNIT_0004,2026-03-02 02:00:00,369.53,3821.42,40.7,10432.2,9049.6,47.76,0,125.0
UNIT_0014,2026-08-22 18:00:00,369.71,3812.87,40.71,10420.8,9057.9,47.76,0,83.0
UNIT_0051,2028-04-08 14:00:00,368.92,3819.83,40.73,10443.2,9066.0,47.76,0,178.0
UNIT_0005,2026-03-15 20:00:00,369.61,3822.32,40.76,10445.0,9066.8,47.76,0,229.0
UNIT_0049,2028-03-10 08:00:00,369.7,3812.18,40.66,10414.4,9041.4,47.76,0,118.0
UNIT_0033,2027-07-03 22:00:00,370.39,3814.32,40.67,10415.0,9061.7,47.76,1,24.0
UNIT_0042,2027-11-07 00:00:00,369.27,3819.01,40.7,10441.2,9062.2,47.76,0,137.0
UNIT_0007,2026-05-07 16:00:00,370.11,3807.56,40.72,10423.6,9070.9,47.76,0,42.0
UNIT_0045,2027-12-26 02:00:00,369.19,3822.8,40.77,10432.6,9072.9,47.76,0,105.0
UNIT_0014,2026-08-17 20:00:00,369.46,3815.63,40.72,10431.2,9048.8,47.76,0,142.0
UNIT_0034,2027-07-13 08:00:00,369.72,3812.87,40.72,10420.2,9065.2,47.76,0,106.0
UNIT_0029,2027-04-27 06:00:00,369.87,3811.15,40.67,10415.0,9054.1,47.76,1,17.0
UNIT_0002,2026-01-27 04:00:00,368.96,3821.83,40.67,10442.8,9056.3,47.76,0,164.0
UNIT_0009,2026-05-30 22:00:00,369.19,3818.18,40.75,10458.2,9067.8,47.76,0,114.0
UNIT_0002,2026-01-28 06:00:00,368.91,3823.14,40.71,10437.2,9056.6,47.76,0,151.0
UNIT_0029,2027-04-16 04:00:00,369.1,3820.11,40.72,10438.0,9060.6,47.76,0,150.0
UNIT_0021,2026-12-17 08:00:00,370.06,3812.46,40.66,10427.8,9041.0,47.76,0,158.0
UNIT_0016,2026-09-18 18:00:00,369.62,3812.11,40.65,10416.6,9050.5,47.76,0,175.0
UNIT_0035,2027-07-26 16:00:00,369.21,3816.66,40.71,10434.0,9050.5,47.76,0,127.0
UNIT_0050,2028-04-05 10:00:00,370.18,3800.74,41.0,10386.6,9134.7,47.76,1,3.0
UNIT_0020,2026-11-27 16:00:00,369.53,3817.08,40.7,10418.4,9060.8,47.76,0,199.0
UNIT_0029,2027-04-24 14:00:00,370.13,3814.66,40.67,10415.8,9064.0,47.76,0,49.0
UNIT_0032,2027-06-03 20:00:00,369.4,3811.91,40.63,10428.2,9045.4,47.76,0,185.0
UNIT_0010,2026-06-14 10:00:00,368.89,3822.52,40.7,10432.6,9055.5,47.76,0,162.0
UNIT_0002,2026-01-29 00:00:00,368.86,3820.39,40.73,10438.6,9059.1,47.76,0,142.0
UNIT_0014,2026-08-19 08:00:00,369.6,3814.46,40.7,10435.0,9058.6,47.76,0,124.0
UNIT_0040,2027-10-01 08:00:00,369.23,3813.42,40.68,10424.6,9060.6,47.76,0,165.0
UNIT_0002,2026-01-23 22:00:00,369.26,3825.63,40.69,10455.0,9050.4,47.76,0,203.0
UNIT_0015,2026-09-06 18:00:00,368.85,3820.66,40.68,10442.0,9056.4,47.76,0,110.0
UNIT_0029,2027-04-16 12:00:00,369.15,3816.94,40.69,10446.4,9066.6,47.76,0,146.0
UNIT_0030,2027-05-03 10:00:00,369.02,3821.28,40.73,10447.0,9062.9,47.76,0,137.0
UNIT_0017,2026-10-17 18:00:00,369.69,3821.77,40.8,10433.4,9072.0,47.76,0,103.0
UNIT_0039,2027-09-22 20:00:00,369.51,3811.77,40.64,10431.0,9046.0,47.76,0,79.0
UNIT_0017,2026-10-24 12:00:00,369.86,3809.7,41.03,10413.6,9141.4,47.76,1,22.0
UNIT_0014,2026-08-23 02:00:00,369.4,3811.15,40.73,10428.4,9065.9,47.76,0,79.0
UNIT_0047,2028-01-30 10:00:00,369.32,3820.25,40.72,10441.8,9064.0,47.76,0,151.0
UNIT_0024,2027-02-10 02:00:00,369.73,3809.49,40.64,10408.0,9055.0,47.76,1,18.0
UNIT_0033,2027-07-03 20:00:00,369.48,3807.01,40.68,10416.8,9054.7,47.76,1,25.0
UNIT_0017,2026-10-12 16:00:00,369.51,3818.52,40.72,10445.0,9064.1,47.76,0,164.0
UNIT_0002,2026-01-26 14:00:00,369.23,3822.8,40.73,10449.6,9053.9,47.76,0,171.0
UNIT_0019,2026-11-22 16:00:00,369.92,3804.11,40.59,10407.2,9045.5,47.76,1,25.0
UNIT_0002,2026-01-30 00:00:00,368.89,3817.7,40.72,10445.0,9065.2,47.76,0,130.0
UNIT_0004,2026-03-10 20:00:00,370.1,3812.18,41.0,10424.8,9136.8,47.76,1,20.0
UNIT_0049,2028-03-02 18:00:00,369.33,3817.56,40.64,10442.2,9038.0,47.76,0,209.0
UNIT_0022,2027-01-09 12:00:00,369.71,3813.22,40.63,10431.2,9051.3,47.76,0,82.0
UNIT_0033,2027-07-03 00:00:00,369.22,3808.87,40.7,10415.0,9062.2,47.76,0,35.0
UNIT_0018,2026-11-03 20:00:00,368.59,3820.8,40.76,10443.4,9074.8,47.76,0,93.0
UNIT_0030,2027-05-05 16:00:00,368.64,3823.76,40.72,10436.2,9061.9,47.76,0,110.0
UNIT_0043,2027-11-30 22:00:00,369.64,3824.66,40.65,10428.4,9045.5,47.76,0,57.0
UNIT_0010,2026-06-21 02:00:00,369.62,3820.94,40.7,10446.2,9061.5,47.76,0,82.0
UNIT_0001,2026-01-06 22:00:00,369.26,3818.04,40.67,10439.4,9054.4,47.76,0,120.0
UNIT_0028,2027-04-04 22:00:00,368.93,3821.63,40.72,10448.4,9065.2,47.76,0,122.0
UNIT_0044,2027-12-11 12:00:00,369.12,3823.42,40.71,10441.2,9064.3,47.76,0,122.0
UNIT_0039,2027-09-18 20:00:00,369.57,3811.56,40.67,10435.6,9043.5,47.76,0,127.0
UNIT_0042,2027-11-11 06:00:00,369.14,3816.59,40.71,10432.6,9061.0,47.76,0,86.0
UNIT_0008,2026-05-19 20:00:00,369.62,3810.11,40.6,10411.0,9038.9,47.76,0,46.0
UNIT_0041,2027-10-18 02:00:00,368.89,3820.25,40.75,10449.8,9070.4,47.76,0,180.0
UNIT_0047,2028-02-03 06:00:00,369.18,3821.77,40.76,10453.0,9070.2,47.76,0,105.0
UNIT_0029,2027-04-20 00:00:00,369.58,3821.77,40.69,10432.6,9056.6,47.76,0,104.0
UNIT_0007,2026-05-01 10:00:00,369.07,3822.66,40.75,10442.4,9067.9,47.76,0,117.0
UNIT_0026,2027-03-12 14:00:00,369.76,3816.39,40.71,10431.6,9053.5,47.76,0,81.0
UNIT_0035,2027-08-05 20:00:00,370.66,3802.67,40.83,10398.2,9096.0,47.76,1,5.0
UNIT_0008,2026-05-22 06:00:00,370.65,3804.74,40.6,10403.2,9051.3,47.76,1,17.0
UNIT_0015,2026-08-30 00:00:00,368.82,3824.87,40.7,10453.4,9053.7,47.76,0,203.0
UNIT_0008,2026-05-12 04:00:00,369.87,3816.04,40.61,10423.6,9042.5,47.76,0,138.0
UNIT_0016,2026-09-24 22:00:00,369.48,3810.39,40.68,10435.0,9059.6,47.76,0,101.0
UNIT_0022,2027-01-03 02:00:00,369.68,3815.35,40.61,10419.0,9042.2,47.76,0,159.0
UNIT_0008,2026-05-16 20:00:00,369.44,3819.83,40.6,10419.0,9041.4,47.76,0,82.0
UNIT_0043,2027-11-30 08:00:00,369.53,3816.66,40.66,10427.4,9056.2,47.76,0,64.0
UNIT_0009,2026-06-06 18:00:00,369.68,3820.8,40.99,10436.8,9128.5,47.76,0,32.0
UNIT_0046,2028-01-06 02:00:00,369.6,3825.49,40.71,10447.2,9059.1,47.76,0,229.0
UNIT_0033,2027-06-23 14:00:00,369.12,3822.45,40.71,10438.0,9059.6,47.76,0,148.0
UNIT_0005,2026-03-12 16:00:00,369.27,3830.52,40.77,10452.0,9063.0,47.76,0,267.0
UNIT_0051,2028-04-06 22:00:00,368.91,3819.08,40.74,10440.2,9060.3,47.76,0,198.0
UNIT_0031,2027-05-31 16:00:00,369.55,3810.53,40.65,10415.0,9050.4,47.76,0,32.0
UNIT_0030,2027-05-05 02:00:00,369.3,3823.28,40.72,10449.0,9062.1,47.76,0,117.0
UNIT_0014,2026-08-28 18:00:00,369.99,3808.87,40.89,10402.2,9116.7,47.76,1,11.0
UNIT_0001,2026-01-16 12:00:00,370.17,3799.56,40.58,10390.6,9037.7,47.77,1,5.0
UNIT_0019,2026-11-11 22:00:00,369.38,3814.11,40.62,10432.0,9044.5,47.76,0,154.0
UNIT_0009,2026-06-02 12:00:00,369.16,3819.7,40.81,10443.8,9086.7,47.76,0,83.0
UNIT_0043,2027-11-25 18:00:00,369.37,3816.04,40.67,10428.6,9052.0,47.76,0,119.0
UNIT_0047,2028-02-10 02:00:00,369.78,3811.56,40.82,10415.0,9088.8,47.76,1,23.0
UNIT_0032,2027-06-16 12:00:00,369.82,3808.6,40.71,10410.4,9067.5,47.76,0,33.0
UNIT_0006,2026-04-13 20:00:00,370.0,3818.52,40.61,10417.6,9045.5,47.76,0,69.0
UNIT_0035,2027-08-04 08:00:00,370.54,3804.46,40.77,10401.8,9081.3,47.76,1,23.0
UNIT_0019,2026-11-23 06:00:00,370.17,3804.6,40.61,10398.6,9040.7,47.77,1,18.0
UNIT_0002,2026-02-07 04:00:00,370.33,3814.59,40.78,10417.0,9082.4,47.76,0,32.0
UNIT_0004,2026-03-12 08:00:00,370.54,3806.05,41.27,10392.0,9203.2,47.76,1,2.0
UNIT_0042,2027-11-03 20:00:00,369.42,3823.08,40.7,10430.8,9061.6,47.76,0,175.0
UNIT_0027,2027-03-27 04:00:00,369.26,3818.18,40.76,10430.2,9086.8,47.76,0,62.0
UNIT_0012,2026-07-23 08:00:00,369.82,3818.18,40.66,10438.0,9046.9,47.76,0,105.0
UNIT_0016,2026-09-16 14:00:00,369.53,3807.63,40.67,10435.0,9053.3,47.76,0,201.0
UNIT_0044,2027-12-17 10:00:00,369.01,3811.08,40.77,10430.6,9077.6,47.76,0,51.0
UNIT_0034,2027-07-20 22:00:00,370.06,3809.91,40.98,10414.0,9133.2,47.76,1,15.0
UNIT_0029,2027-04-16 20:00:00,369.2,3819.63,40.71,10444.4,9062.8,47.76,0,142.0
UNIT_0006,2026-04-18 20:00:00,370.43,3803.29,40.53,10387.4,9021.7,47.77,1,9.0
UNIT_0025,2027-02-28 06:00:00,370.16,3812.66,40.83,10422.8,9099.1,47.76,1,30.0
UNIT_0046,2028-01-22 08:00:00,369.73,3813.01,40.68,10422.0,9057.0,47.76,0,34.0
UNIT_0025,2027-02-27 06:00:00,369.83,3810.39,40.8,10417.8,9083.6,47.76,0,42.0
UNIT_0017,2026-10-14 20:00:00,369.47,3821.97,40.76,10443.0,9069.5,47.76,0,138.0
UNIT_0044,2027-12-06 06:00:00,369.38,3825.56,40.76,10437.6,9071.4,47.76,0,185.0
UNIT_0037,2027-08-30 02:00:00,369.84,3809.15,40.61,10424.0,9046.8,47.76,0,42.0
UNIT_0031,2027-05-24 18:00:00,369.26,3814.94,40.69,10436.2,9047.8,47.76,0,115.0
UNIT_0004,2026-03-06 16:00:00,369.66,3819.08,40.73,10427.4,9061.7,47.76,0,70.0
UNIT_0050,2028-03-20 16:00:00,369.31,3817.15,40.72,10431.2,9056.2,47.76,0,192.0
UNIT_0011,2026-06-29 10:00:00,368.77,3819.9,40.68,10442.8,9051.6,47.76,0,222.0
UNIT_0025,2027-02-15 00:00:00,369.63,3822.52,40.64,10439.4,9053.4,47.76,0,189.0
UNIT_0027,2027-03-23 16:00:00,369.71,3813.97,40.69,10426.2,9063.3,47.76,0,104.0
UNIT_0050,2028-03-22 06:00:00,369.25,3814.53,40.69,10439.6,9063.7,47.76,0,173.0
UNIT_0030,2027-05-12 10:00:00,369.79,3812.6,40.66,10421.4,9046.4,47.76,1,29.0
UNIT_0043,2027-12-02 22:00:00,369.71,3808.67,40.62,10412.2,9048.7,47.76,0,33.0
UNIT_0043,2027-12-04 16:00:00,370.51,3807.7,40.6,10395.8,9040.2,47.77,1,12.0
UNIT_0016,2026-09-23 06:00:00,369.44,3817.15,40.68,10417.4,9064.8,47.76,0,121.0
UNIT_0034,2027-07-21 00:00:00,370.03,3806.94,41.0,10413.4,9129.1,47.76,1,14.0
UNIT_0016,2026-09-24 14:00:00,370.2,3811.29,40.66,10429.6,9059.7,47.76,0,105.0
UNIT_0048,2028-02-20 18:00:00,369.15,3823.49,40.77,10448.8,9075.8,47.76,0,126.0
UNIT_0006,2026-04-18 10:00:00,370.06,3803.49,40.53,10410.0,9032.1,47.77,1,14.0
UNIT_0023,2027-01-17 18:00:00,368.95,3813.35,40.66,10433.8,9049.6,47.76,0,151.0
UNIT_0031,2027-06-01 00:00:00,370.13,3808.11,40.65,10413.2,9053.8,47.76,1,28.0
UNIT_0046,2028-01-15 14:00:00,369.17,3818.73,40.69,10433.0,9057.1,47.76,0,115.0
UNIT_0037,2027-08-19 18:00:00,368.76,3817.9,40.61,10438.8,9041.7,47.76,0,166.0
UNIT_0050,2028-03-31 12:00:00,370.39,3810.87,40.78,10409.8,9087.7,47.76,0,62.0
UNIT_0020,2026-12-09 04:00:00,369.75,3813.49,40.7,10415.8,9072.5,47.76,0,61.0
UNIT_0020,2026-12-10 20:00:00,370.07,3809.49,40.7,10404.2,9073.0,47.76,0,41.0
UNIT_0043,2027-11-23 16:00:00,368.97,3825.42,40.68,10433.2,9059.2,47.76,0,144.0
UNIT_0020,2026-11-27 12:00:00,369.72,3812.18,40.68,10427.0,9055.8,47.76,0,201.0
UNIT_0009,2026-06-06 14:00:00,369.66,3822.11,40.99,10418.4,9122.8,47.76,0,34.0
UNIT_0044,2027-12-10 00:00:00,368.9,3822.45,40.74,10443.4,9065.4,47.76,0,140.0
UNIT_0048,2028-02-14 22:00:00,368.69,3817.35,40.73,10453.2,9067.7,47.76,0,196.0
UNIT_0032,2027-06-14 00:00:00,369.37,3812.25,40.68,10415.6,9058.0,47.76,0,63.0
UNIT_0018,2026-10-26 22:00:00,368.43,3821.28,40.76,10445.4,9053.7,47.76,0,188.0
UNIT_0038,2027-09-07 08:00:00,370.2,3810.87,40.66,10431.2,9051.5,47.76,0,137.0
UNIT_0019,2026-11-19 02:00:00,369.66,3810.25,40.62,10426.4,9051.7,47.76,0,68.0
UNIT_0044,2027-12-09 06:00:00,369.7,3823.83,40.74,10438.8,9069.0,47.76,0,149.0
UNIT_0020,2026-12-11 06:00:00,369.54,3806.11,40.7,10424.0,9062.1,47.76,0,36.0
UNIT_0005,2026-03-28 08:00:00,368.8,3812.18,40.82,10436.0,9090.7,47.76,0,79.0
UNIT_0003,2026-02-23 00:00:00,370.04,3814.25,41.02,10425.2,9134.4,47.76,1,21.0
UNIT_0031,2027-05-28 18:00:00,368.47,3811.56,40.71,10434.2,9057.2,47.76,0,67.0
UNIT_0020,2026-12-11 12:00:00,370.09,3802.39,40.72,10405.8,9065.0,47.76,0,33.0
UNIT_0027,2027-03-21 20:00:00,369.31,3819.83,40.75,10430.0,9061.5,47.76,0,126.0
UNIT_0005,2026-04-01 06:00:00,370.53,3812.8,40.93,10431.0,9117.5,47.76,0,32.0
UNIT_0005,2026-03-13 18:00:00,368.73,3822.8,40.72,10454.8,9066.3,47.76,0,254.0
UNIT_0005,2026-03-17 06:00:00,368.8,3822.94,40.73,10452.2,9066.6,47.76,0,212.0
UNIT_0001,2026-01-16 22:00:00,370.39,3800.74,40.55,10401.6,9033.2,47.77,1,0.0
UNIT_0001,2026-01-10 02:00:00,369.4,3820.25,40.64,10440.2,9051.4,47.76,0,82.0
UNIT_0022,2027-01-07 06:00:00,369.53,3810.11,40.65,10413.6,9041.0,47.76,0,109.0
UNIT_0010,2026-06-11 20:00:00,368.32,3829.49,40.72,10428.2,9056.0,47.76,0,193.0
UNIT_0030,2027-05-04 00:00:00,368.79,3823.7,40.75,10450.0,9057.3,47.76,0,130.0
UNIT_0021,2026-12-27 22:00:00,369.87,3811.56,40.87,10416.6,9101.9,47.76,0,31.0
UNIT_0044,2027-12-13 18:00:00,369.67,3818.52,40.73,10439.2,9074.7,47.76,0,95.0
UNIT_0010,2026-06-20 00:00:00,369.35,3817.56,40.68,10435.4,9061.3,47.76,0,95.0
UNIT_0038,2027-09-03 22:00:00,369.49,3821.97,40.66,10426.4,9049.3,47.76,0,178.0
UNIT_0038,2027-09-02 18:00:00,369.27,3820.59,40.65,10432.0,9044.5,47.76,0,192.0
UNIT_0040,2027-10-11 06:00:00,370.31,3813.42,40.8,10412.8,9081.3,47.76,0,46.0
UNIT_0023,2027-01-24 06:00:00,369.5,3811.63,40.66,10428.8,9054.5,47.76,0,73.0
UNIT_0037,2027-09-02 10:00:00,370.8,3802.6,40.59,10386.8,9039.1,47.77,1,2.0
UNIT_0014,2026-08-20 06:00:00,369.48,3816.87,40.74,10426.4,9063.3,47.76,0,113.0
UNIT_0020,2026-12-12 10:00:00,370.45,3806.46,40.71,10400.2,9071.2,47.76,1,22.0
UNIT_0011,2026-07-13 14:00:00,370.04,3819.56,40.82,10428.4,9081.6,47.76,0,52.0
UNIT_0004,2026-03-05 12:00:00,369.33,3819.01,40.72,10432.6,9064.8,47.76,0,84.0
UNIT_0013,2026-08-07 02:00:00,369.39,3818.46,40.68,10427.8,9060.5,47.76,0,91.0
UNIT_0012,2026-07-20 22:00:00,369.76,3815.08,40.66,10431.8,9045.7,47.76,0,134.0
UNIT_0005,2026-04-02 04:00:00,370.3,3810.46,40.96,10410.2,9122.0,47.76,1,21.0
UNIT_0031,2027-05-30 10:00:00,369.26,3816.66,40.64,10430.4,9058.1,47.76,0,47.0
UNIT_0036,2027-08-11 08:00:00,369.6,3815.56,40.74,10419.4,9058.6,47.76,0,97.0
UNIT_0048,2028-02-12 16:00:00,368.75,3819.21,40.71,10443.0,9064.2,47.76,0,223.0
UNIT_0016,2026-09-19 06:00:00,369.55,3813.91,40.67,10420.0,9065.0,47.76,0,169.0
UNIT_0040,2027-10-11 22:00:00,370.41,3813.28,40.82,10417.2,9089.1,47.76,0,38.0
UNIT_0025,2027-02-25 00:00:00,369.81,3814.53,40.73,10420.2,9069.9,47.76,0,69.0
UNIT_0019,2026-11-14 02:00:00,369.39,3813.49,40.62,10424.8,9051.3,47.76,0,128.0
UNIT_0005,2026-03-15 16:00:00,369.23,3823.01,40.74,10445.0,9068.8,47.76,0,231.0
UNIT_0013,2026-08-10 04:00:00,369.42,3811.7,40.75,10408.0,9074.0,47.76,0,54.0
UNIT_0030,2027-05-09 10:00:00,369.04,3819.15,40.7,10440.6,9062.1,47.76,0,65.0
UNIT_0031,2027-05-31 14:00:00,370.24,3804.32,40.66,10406.6,9056.6,47.76,0,33.0
UNIT_0042,2027-11-05 18:00:00,369.41,3818.04,40.72,10435.6,9062.9,47.76,0,152.0
UNIT_0034,2027-07-16 20:00:00,369.73,3815.42,40.81,10431.8,9079.2,47.76,0,64.0
UNIT_0039,2027-09-28 12:00:00,370.45,3811.22,40.56,10398.6,9047.3,47.77,1,11.0
UNIT_0029,2027-04-19 08:00:00,369.17,3813.77,40.71,10431.8,9060.9,47.76,0,112.0
UNIT_0036,2027-08-07 22:00:00,369.23,3816.87,40.7,10432.6,9061.5,47.76,0,138.0
UNIT_0049,2028-03-18 04:00:00,370.64,3807.98,40.64,10402.6,9059.3,47.77,1,24.0
UNIT_0011,2026-07-03 12:00:00,369.15,3828.87,40.72,10452.4,9061.2,47.76,0,173.0
UNIT_0031,2027-05-24 22:00:00,368.61,3819.77,40.69,10436.6,9054.3,47.76,0,113.0
UNIT_0033,2027-06-19 18:00:00,368.45,3821.14,40.73,10437.8,9055.7,47.76,0,194.0
UNIT_0006,2026-04-16 04:00:00,369.84,3811.15,40.58,10412.0,9035.4,47.76,0,41.0
UNIT_0043,2027-11-30 06:00:00,369.6,3816.39,40.67,10428.4,9053.3,47.76,0,65.0
UNIT_0005,2026-03-23 06:00:00,369.53,3824.18,40.8,10449.8,9069.9,47.76,0,140.0
UNIT_0030,2027-05-01 22:00:00,368.64,3823.97,40.73,10448.8,9064.5,47.76,0,155.0
UNIT_0025,2027-02-15 10:00:00,369.25,3817.9,40.65,10435.4,9043.9,47.76,0,184.0
UNIT_0005,2026-03-20 10:00:00,369.12,3821.83,40.76,10442.4,9069.9,47.76,0,174.0
UNIT_0023,2027-01-29 14:00:00,370.62,3804.8,40.64,10410.4,9063.9,47.77,1,9.0
UNIT_0012,2026-07-18 22:00:00,369.85,3816.59,40.64,10421.2,9045.2,47.76,0,158.0
UNIT_0050,2028-03-21 16:00:00,369.32,3817.9,40.73,10449.0,9057.2,47.76,0,180.0
UNIT_0025,2027-02-23 10:00:00,370.06,3811.29,40.73,10421.8,9055.5,47.76,0,88.0
UNIT_0022,2027-01-01 22:00:00,369.6,3814.32,40.66,10424.0,9038.8,47.76,0,173.0
UNIT_0026,2027-03-06 00:00:00,369.41,3811.97,40.66,10427.0,9055.3,47.76,0,160.0
UNIT_0016,2026-09-26 10:00:00,369.76,3817.15,40.65,10414.2,9056.2,47.76,0,83.0
UNIT_0019,2026-11-20 12:00:00,370.08,3812.73,40.62,10425.2,9044.8,47.76,0,51.0
UNIT_0048,2028-02-26 12:00:00,369.6,3815.97,40.92,10450.4,9100.3,47.76,0,57.0
UNIT_0034,2027-07-07 00:00:00,368.65,3819.9,40.7,10425.6,9066.1,47.76,0,182.0
UNIT_0030,2027-05-09 04:00:00,369.3,3817.7,40.72,10454.4,9062.3,47.76,0,68.0
UNIT_0014,2026-08-21 10:00:00,370.07,3817.77,40.67,10437.4,9060.5,47.76,0,99.0
UNIT_0005,2026-03-20 16:00:00,368.47,3822.25,40.78,10443.6,9063.1,47.76,0,171.0
UNIT_0046,2028-01-13 08:00:00,369.26,3820.94,40.71,10444.2,9057.2,47.76,0,142.0
UNIT_0009,2026-06-04 18:00:00,369.01,3820.52,40.88,10437.0,9092.0,47.76,0,56.0
UNIT_0047,2028-01-27 16:00:00,368.73,3823.14,40.74,10445.2,9063.4,47.76,0,184.0
UNIT_0020,2026-12-09 08:00:00,369.62,3810.18,40.69,10420.8,9062.8,47.76,0,59.0
UNIT_0044,2027-12-11 10:00:00,369.53,3822.32,40.73,10436.6,9060.2,47.76,0,123.0
UNIT_0016,2026-09-29 06:00:00,370.09,3810.66,40.66,10409.0,9062.1,47.76,0,49.0
UNIT_0013,2026-08-13 04:00:00,369.85,3813.01,40.92,10419.2,9110.0,47.76,1,18.0
UNIT_0049,2028-03-03 16:00:00,369.41,3817.84,40.65,10436.6,9043.6,47.76,0,198.0
UNIT_0035,2027-08-04 02:00:00,370.35,3808.32,40.76,10406.2,9077.1,47.76,1,26.0
UNIT_0007,2026-04-20 22:00:00,369.15,3820.66,40.77,10450.8,9073.4,47.76,0,243.0
UNIT_0046,2028-01-11 04:00:00,369.02,3823.08,40.71,10446.2,9059.9,47.76,0,168.0
UNIT_0050,2028-04-03 08:00:00,369.73,3807.15,40.85,10406.4,9087.4,47.76,1,28.0
UNIT_0026,2027-03-07 04:00:00,369.94,3810.66,40.63,10411.4,9049.6,47.76,0,146.0
UNIT_0030,2027-05-01 18:00:00,369.07,3828.94,40.72,10445.2,9055.9,47.76,0,157.0
UNIT_0041,2027-10-25 18:00:00,369.75,3818.04,40.79,10425.6,9080.1,47.76,0,88.0
UNIT_0030,2027-05-12 12:00:00,370.04,3806.67,40.67,10425.4,9054.7,47.76,1,28.0
UNIT_0048,2028-02-12 14:00:00,369.15,3824.04,40.74,10443.6,9066.4,47.76,0,224.0
UNIT_0017,2026-10-17 14:00:00,369.43,3823.76,40.77,10440.8,9077.3,47.76,0,105.0
UNIT_0017,2026-10-20 02:00:00,369.39,3817.49,40.85,10424.2,9097.7,47.76,0,75.0
UNIT_0024,2027-01-31 18:00:00,368.92,3823.42,40.69,10435.2,9071.8,47.76,0,130.0
UNIT_0012,2026-07-26 10:00:00,369.93,3815.42,40.61,10418.6,9046.8,47.76,0,68.0
UNIT_0048,2028-03-01 20:00:00,369.8,3805.84,41.32,10419.4,9207.8,47.76,1,5.0
UNIT_0034,2027-07-06 06:00:00,369.07,3818.73,40.7,10438.8,9054.1,47.76,0,191.0
UNIT_0038,2027-09-10 18:00:00,369.62,3811.29,40.67,10430.2,9052.0,47.76,0,96.0
UNIT_0039,2027-09-25 04:00:00,370.04,3815.63,40.61,10430.4,9034.6,47.76,0,51.0
UNIT_0027,2027-03-22 08:00:00,369.01,3823.08,40.7,10431.2,9068.7,47.76,0,120.0
UNIT_0050,2028-04-01 22:00:00,369.45,3812.8,40.81,10419.2,9088.1,47.76,0,45.0
UNIT_0036,2027-08-16 14:00:00,369.61,3811.63,40.68,10413.8,9054.4,47.76,0,34.0
UNIT_0009,2026-06-06 04:00:00,369.61,3819.08,40.97,10439.4,9115.0,47.76,0,39.0
UNIT_0044,2027-12-11 16:00:00,369.66,3822.59,40.74,10438.4,9067.9,47.76,0,120.0
UNIT_0026,2027-03-16 04:00:00,370.11,3813.77,40.83,10417.4,9077.3,47.76,0,38.0
UNIT_0025,2027-03-01 16:00:00,369.91,3806.32,40.97,10412.8,9127.1,47.76,1,13.0
UNIT_0015,2026-08-31 00:00:00,368.56,3822.94,40.69,10450.8,9056.1,47.76,0,191.0
UNIT_0003,2026-02-17 12:00:00,369.14,3816.25,40.76,10439.2,9066.6,47.76,0,87.0
UNIT_0007,2026-05-01 16:00:00,369.02,3822.45,40.75,10439.2,9068.4,47.76,0,114.0
UNIT_0030,2027-05-13 00:00:00,370.12,3809.98,40.64,10426.0,9057.9,47.76,1,22.0
UNIT_0032,2027-06-05 04:00:00,369.16,3814.66,40.64,10419.2,9047.2,47.76,0,169.0
UNIT_0032,2027-06-13 22:00:00,369.71,3815.9,40.67,10412.6,9064.9,47.76,0,64.0
UNIT_0041,2027-10-19 04:00:00,369.71,3820.39,40.73,10446.4,9065.5,47.76,0,167.0
UNIT_0050,2028-03-29 00:00:00,369.71,3817.15,40.76,10426.8,9068.8,47.76,0,92.0
UNIT_0016,2026-09-26 20:00:00,369.55,3807.49,40.69,10420.2,9054.6,47.76,0,78.0
UNIT_0050,2028-03-23 00:00:00,369.67,3820.04,40.73,10445.8,9068.0,47.76,0,164.0
UNIT_0020,2026-11-28 12:00:00,369.76,3815.49,40.66,10427.2,9058.6,47.76,0,189.0
UNIT_0022,2027-01-01 06:00:00,369.41,3815.35,40.62,10414.2,9044.4,47.76,0,181.0
UNIT_0041,2027-10-17 16:00:00,369.0,3820.52,40.74,10434.6,9060.5,47.76,0,185.0
UNIT_0017,2026-10-22 22:00:00,370.07,3808.8,40.94,10426.8,9113.7,47.76,0,41.0
UNIT_0029,2027-04-19 12:00:00,369.54,3815.35,40.7,10434.6,9063.9,47.76,0,110.0
UNIT_0014,2026-08-24 14:00:00,369.75,3813.49,40.76,10421.0,9068.0,47.76,0,61.0
UNIT_0040,2027-10-01 04:00:00,369.36,3821.97,40.69,10430.0,9056.2,47.76,0,167.0
UNIT_0025,2027-02-21 08:00:00,369.22,3816.94,40.67,10428.6,9055.2,47.76,0,113.0
UNIT_0007,2026-04-22 12:00:00,369.52,3823.83,40.76,10454.4,9065.3,47.76,0,224.0
UNIT_0016,2026-09-29 20:00:00,369.9,3809.35,40.67,10402.2,9057.4,47.76,0,42.0
UNIT_0032,2027-06-17 04:00:00,369.92,3804.18,40.76,10399.6,9076.8,47.76,1,25.0
UNIT_0041,2027-10-25 14:00:00,369.35,3817.28,40.78,10445.6,9076.6,47.76,0,90.0
UNIT_0003,2026-02-24 04:00:00,370.47,3812.04,41.18,10405.0,9168.8,47.76,1,7.0
UNIT_0015,2026-08-30 20:00:00,368.51,3819.77,40.7,10441.6,9058.7,47.76,0,193.0
UNIT_0011,2026-07-08 04:00:00,369.35,3823.7,40.72,10440.8,9059.0,47.76,0,117.0
UNIT_0038,2027-09-09 20:00:00,369.86,3815.9,40.67,10433.4,9052.0,47.76,0,107.0
UNIT_0017,2026-10-21 10:00:00,369.66,3813.77,40.87,10422.4,9110.8,47.76,0,59.0
UNIT_0014,2026-08-16 12:00:00,368.88,3813.22,40.69,10422.4,9062.9,47.76,0,158.0
UNIT_0028,2027-04-04 00:00:00,368.81,3822.8,40.74,10438.0,9061.8,47.76,0,133.0
UNIT_0022,2027-01-09 04:00:00,368.98,3814.04,40.66,10410.8,9049.6,47.76,0,86.0
UNIT_0008,2026-05-14 00:00:00,369.23,3811.15,40.62,10418.2,9036.9,47.76,0,116.0
UNIT_0036,2027-08-12 20:00:00,369.35,3812.6,40.71,10424.4,9052.6,47.76,0,79.0
UNIT_0013,2026-08-04 08:00:00,369.48,3814.39,40.7,10432.6,9053.6,47.76,0,124.0
UNIT_0027,2027-03-30 10:00:00,370.67,3813.84,40.85,10412.2,9102.4,47.76,1,23.0
UNIT_0016,2026-09-24 08:00:00,369.74,3810.11,40.69,10424.4,9062.2,47.76,0,108.0
UNIT_0044,2027-12-12 06:00:00,369.44,3820.52,40.74,10431.8,9073.4,47.76,0,113.0
UNIT_0040,2027-10-03 04:00:00,369.62,3814.32,40.67,10422.0,9054.7,47.76,0,143.0
UNIT_0027,2027-03-25 00:00:00,369.58,3815.9,40.74,10442.8,9069.4,47.76,0,88.0
UNIT_0006,2026-04-15 20:00:00,370.07,3809.49,40.58,10407.2,9035.2,47.76,0,45.0
UNIT_0026,2027-03-16 18:00:00,369.62,3812.11,40.83,10408.4,9093.3,47.76,0,31.0
UNIT_0005,2026-03-24 14:00:00,369.16,3823.7,40.77,10443.0,9075.6,47.76,0,124.0
UNIT_0017,2026-10-20 00:00:00,369.34,3818.32,40.83,10434.0,9093.1,47.76,0,76.0
UNIT_0001,2026-01-10 10:00:00,369.16,3821.7,40.66,10433.6,9046.6,47.76,0,78.0
UNIT_0005,2026-03-18 14:00:00,369.13,3821.35,40.77,10448.4,9067.9,47.76,0,196.0
UNIT_0012,2026-07-29 02:00:00,369.61,3811.15,40.65,10413.0,9047.5,47.76,0,36.0
UNIT_0048,2028-02-23 16:00:00,369.33,3818.59,40.8,10440.2,9083.1,47.76,0,91.0
UNIT_0001,2026-01-14 18:00:00,370.19,3806.8,40.6,10400.4,9043.1,47.76,1,26.0
UNIT_0026,2027-03-15 14:00:00,369.86,3810.94,40.76,10411.2,9086.7,47.76,0,45.0
UNIT_0023,2027-01-19 14:00:00,370.13,3818.8,40.64,10427.8,9051.5,47.76,0,129.0
UNIT_0005,2026-03-21 02:00:00,368.24,3818.18,40.8,10446.6,9072.7,47.76,0,166.0
UNIT_0023,2027-01-18 20:00:00,369.31,3816.94,40.69,10437.0,9051.4,47.76,0,138.0
UNIT_0029,2027-04-23 06:00:00,369.65,3815.84,40.68,10423.0,9057.7,47.76,0,65.0
UNIT_0018,2026-11-11 04:00:00,370.24,3801.7,41.32,10402.8,9196.3,47.76,1,5.0
UNIT_0012,2026-07-28 20:00:00,370.06,3807.7,40.66,10413.2,9051.5,47.76,0,39.0
UNIT_0025,2027-03-02 14:00:00,370.19,3804.74,41.05,10393.0,9152.4,47.76,1,2.0
UNIT_0014,2026-08-26 12:00:00,370.02,3810.04,40.81,10421.0,9087.4,47.76,0,38.0
UNIT_0033,2027-06-25 10:00:00,368.94,3822.25,40.72,10456.8,9060.4,47.76,0,126.0
UNIT_0027,2027-03-23 20:00:00,369.47,3816.46,40.75,10430.4,9063.4,47.76,0,102.0
UNIT_0038,2027-09-13 04:00:00,369.49,3812.87,40.74,10432.8,9072.5,47.76,0,67.0
UNIT_0022,2027-01-06 12:00:00,369.8,3811.63,40.63,10425.4,9040.7,47.76,0,118.0
UNIT_0022,2027-01-07 16:00:00,369.31,3810.25,40.61,10416.6,9047.8,47.76,0,104.0
UNIT_0049,2028-03-03 18:00:00,369.6,3815.35,40.62,10432.6,9047.4,47.76,0,197.0
UNIT_0012,2026-07-28 18:00:00,369.27,3809.35,40.63,10410.0,9045.6,47.76,0,40.0
UNIT_0005,2026-04-03 20:00:00,370.87,3807.42,41.08,10402.0,9146.0,47.76,1,1.0
UNIT_0043,2027-12-01 18:00:00,369.89,3813.22,40.64,10426.6,9054.3,47.76,0,47.0
UNIT_0002,2026-01-25 20:00:00,369.37,3821.14,40.68,10446.8,9059.0,47.76,0,180.0
UNIT_0008,2026-05-20 14:00:00,370.08,3806.6,40.59,10407.8,9043.5,47.76,0,37.0
UNIT_0017,2026-10-06 22:00:00,369.13,3822.8,40.72,10448.0,9057.9,47.76,0,233.0
UNIT_0014,2026-08-16 22:00:00,369.46,3816.04,40.71,10427.8,9061.3,47.76,0,153.0
UNIT_0040,2027-10-14 14:00:00,370.66,3801.63,40.97,10400.6,9127.8,47.76,1,6.0
UNIT_0025,2027-02-20 16:00:00,369.62,3810.25,40.68,10423.4,9049.8,47.76,0,121.0
UNIT_0050,2028-04-04 12:00:00,370.09,3801.91,40.89,10407.6,9116.4,47.76,1,14.0
UNIT_0030,2027-04-30 18:00:00,368.82,3822.45,40.71,10451.0,9064.1,47.76,0,169.0
UNIT_0021,2026-12-27 10:00:00,369.65,3813.91,40.83,10409.8,9087.1,47.76,0,37.0
UNIT_0034,2027-07-14 22:00:00,369.56,3814.46,40.73,10430.6,9070.7,47.76,0,87.0
UNIT_0045,2028-01-03 04:00:00,370.34,3803.43,40.8,10401.6,9086.2,47.76,1,8.0
UNIT_0022,2027-01-15 04:00:00,370.52,3803.15,40.64,10396.4,9057.2,47.76,1,14.0
UNIT_0044,2027-12-16 08:00:00,369.66,3819.9,40.77,10421.8,9065.5,47.76,0,64.0
UNIT_0041,2027-10-16 22:00:00,368.42,3817.97,40.75,10437.2,9066.4,47.76,0,194.0
UNIT_0010,2026-06-25 06:00:00,370.46,3810.87,40.8,10407.2,9086.0,47.76,0,32.0
UNIT_0030,2027-04-30 10:00:00,368.71,3829.28,40.72,10452.4,9070.4,47.76,0,173.0
UNIT_0047,2028-01-29 16:00:00,369.16,3822.25,40.72,10428.4,9060.0,47.76,0,160.0
UNIT_0038,2027-09-14 02:00:00,370.01,3811.7,40.75,10417.8,9073.2,47.76,0,56.0
UNIT_0009,2026-06-03 02:00:00,369.59,3822.11,40.83,10440.2,9081.3,47.76,0,76.0
UNIT_0041,2027-10-21 12:00:00,369.06,3824.18,40.76,10448.0,9067.6,47.76,0,139.0
UNIT_0043,2027-11-25 04:00:00,369.02,3827.56,40.67,10439.2,9054.4,47.76,0,126.0
UNIT_0045,2027-12-28 22:00:00,368.98,3816.53,40.78,10443.2,9077.4,47.76,0,71.0
UNIT_0003,2026-02-20 14:00:00,369.95,3816.66,40.82,10448.6,9091.3,47.76,0,50.0
UNIT_0043,2027-11-29 20:00:00,369.68,3815.49,40.65,10427.4,9058.1,47.76,0,70.0
UNIT_0005,2026-04-02 02:00:00,370.25,3804.94,40.95,10400.2,9124.4,47.76,1,22.0
UNIT_0032,2027-06-17 06:00:00,370.48,3801.98,40.74,10401.8,9073.9,47.76,1,24.0
UNIT_0033,2027-06-27 02:00:00,369.14,3818.87,40.73,10448.0,9061.9,47.76,0,106.0
UNIT_0046,2028-01-18 00:00:00,368.82,3820.04,40.69,10443.2,9065.5,47.76,0,86.0
UNIT_0022,2027-01-09 22:00:00,369.74,3807.49,40.63,10420.8,9052.3,47.76,0,77.0
UNIT_0001,2026-01-14 08:00:00,369.85,3811.42,40.63,10409.4,9048.1,47.76,0,31.0
UNIT_0002,2026-01-17 22:00:00,368.49,3823.63,40.68,10438.8,9047.9,47.76,0,275.0
UNIT_0036,2027-08-10 16:00:00,369.05,3811.7,40.69,10426.8,9063.5,47.76,0,105.0
UNIT_0030,2027-05-07 02:00:00,368.66,3818.25,40.69,10446.2,9063.3,47.76,0,93.0
UNIT_0025,2027-02-16 02:00:00,369.59,3812.73,40.63,10427.4,9049.6,47.76,0,176.0
UNIT_0015,2026-09-02 12:00:00,369.0,3821.77,40.69,10436.8,9051.1,47.76,0,161.0
UNIT_0038,2027-09-03 04:00:00,369.5,3816.94,40.66,10427.8,9050.3,47.76,0,187.0
UNIT_0012,2026-07-22 22:00:00,369.1,3814.25,40.65,10429.8,9052.1,47.76,0,110.0
UNIT_0006,2026-04-13 12:00:00,369.86,3810.6,40.59,10428.4,9046.1,47.76,0,73.0
UNIT_0045,2027-12-24 22:00:00,368.83,3821.28,40.76,10447.8,9074.4,47.76,0,119.0
UNIT_0015,2026-09-11 20:00:00,369.78,3816.25,40.67,10427.2,9059.7,47.76,0,49.0
UNIT_0049,2028-03-15 12:00:00,369.71,3809.42,40.65,10411.4,9051.0,47.76,0,56.0
UNIT_0043,2027-12-03 14:00:00,370.42,3807.7,40.63,10413.4,9048.3,47.76,1,25.0
UNIT_0040,2027-10-01 20:00:00,369.14,3814.32,40.66,10427.0,9057.2,47.76,0,159.0
UNIT_0032,2027-06-18 22:00:00,370.51,3801.7,40.77,10405.8,9088.8,47.76,1,4.0
UNIT_0021,2026-12-21 06:00:00,368.91,3821.77,40.65,10425.4,9053.4,47.76,0,111.0
UNIT_0028,2027-04-10 18:00:00,368.95,3821.01,40.72,10434.0,9073.6,47.76,0,52.0
UNIT_0016,2026-10-02 10:00:00,370.35,3801.29,40.65,10397.6,9061.6,47.76,1,11.0
UNIT_0020,2026-12-03 04:00:00,369.13,3813.42,40.67,10417.6,9058.9,47.76,0,133.0
UNIT_0042,2027-11-08 00:00:00,369.78,3817.84,40.71,10433.0,9069.2,47.76,0,125.0
UNIT_0021,2026-12-24 12:00:00,369.59,3817.97,40.72,10429.4,9060.2,47.76,0,72.0
UNIT_0021,2026-12-28 04:00:00,369.52,3810.32,40.85,10419.8,9101.3,47.76,1,28.0
UNIT_0030,2027-05-10 06:00:00,369.14,3815.84,40.72,10431.4,9060.3,47.76,0,55.0
UNIT_0019,2026-11-20 02:00:00,369.85,3811.22,40.61,10412.6,9047.6,47.76,0,56.0
UNIT_0027,2027-03-29 08:00:00,370.15,3805.29,40.8,10414.6,9086.2,47.76,0,36.0
UNIT_0024,2027-02-01 02:00:00,369.13,3823.01,40.7,10442.6,9066.8,47.76,0,126.0
UNIT_0025,2027-02-12 04:00:00,369.19,3819.28,40.63,10427.2,9047.5,47.76,0,223.0
UNIT_0005,2026-03-13 10:00:00,368.75,3821.08,40.73,10440.0,9064.4,47.76,0,258.0
UNIT_0042,2027-11-18 02:00:00,370.63,3804.39,40.7,10406.0,9062.1,47.76,1,4.0
UNIT_0043,2027-11-29 22:00:00,369.8,3814.94,40.68,10423.0,9057.5,47.76,0,69.0
UNIT_0013,2026-08-02 10:00:00,369.44,3813.35,40.68,10434.8,9052.1,47.76,0,147.0
UNIT_0019,2026-11-13 18:00:00,369.22,3819.42,40.62,10429.6,9046.5,47.76,0,132.0
UNIT_0013,2026-08-09 00:00:00,369.43,3810.04,40.75,10429.2,9074.5,47.76,0,68.0
UNIT_0049,2028-03-16 06:00:00,369.13,3808.87,40.65,10417.4,9052.4,47.76,0,47.0
UNIT_0022,2027-01-10 04:00:00,369.74,3810.04,40.65,10418.8,9052.1,47.76,0,74.0
UNIT_0011,2026-07-15 14:00:00,370.16,3810.53,40.91,10427.2,9102.8,47.76,1,28.0
UNIT_0003,2026-02-24 02:00:00,370.21,3802.94,41.17,10415.0,9170.5,47.76,1,8.0
UNIT_0014,2026-08-20 18:00:00,369.51,3819.42,40.7,10429.2,9066.0,47.76,0,107.0
UNIT_0029,2027-04-17 00:00:00,368.93,3817.63,40.67,10432.6,9061.0,47.76,0,140.0
UNIT_0044,2027-12-13 22:00:00,369.83,3817.63,40.71,10438.0,9068.2,47.76,0,93.0
UNIT_0045,2027-12-25 02:00:00,369.09,3821.08,40.77,10452.8,9069.2,47.76,0,117.0
UNIT_0033,2027-06-21 02:00:00,369.16,3824.18,40.72,10458.8,9056.5,47.76,0,178.0
UNIT_0003,2026-02-21 06:00:00,369.6,3822.18,40.87,10433.2,9097.8,47.76,0,42.0
UNIT_0044,2027-12-06 00:00:00,369.1,3820.59,40.77,10443.4,9066.6,47.76,0,188.0
UNIT_0013,2026-08-03 14:00:00,369.55,3821.83,40.69,10426.2,9057.7,47.76,0,133.0
UNIT_0001,2026-01-05 10:00:00,369.27,3819.35,40.65,10448.8,9056.3,47.76,0,138.0
UNIT_0017,2026-10-06 08:00:00,369.03,3826.73,40.73,10442.4,9067.6,47.76,0,240.0
UNIT_0036,2027-08-10 10:00:00,369.3,3814.73,40.7,10425.6,9060.6,47.76,0,108.0
UNIT_0008,2026-05-23 02:00:00,370.29,3801.63,40.61,10397.0,9046.0,47.76,1,7.0
UNIT_0047,2028-01-26 00:00:00,368.71,3819.97,40.73,10441.8,9070.6,47.76,0,204.0
UNIT_0048,2028-02-19 08:00:00,369.38,3822.39,40.76,10443.6,9072.1,47.76,0,143.0
UNIT_0007,2026-05-05 10:00:00,369.54,3817.9,40.76,10432.2,9068.9,47.76,0,69.0
UNIT_0051,2028-04-10 06:00:00,369.21,3826.66,40.76,10446.6,9067.6,47.76,0,158.0
UNIT_0029,2027-04-15 08:00:00,369.52,3820.52,40.72,10438.8,9062.2,47.76,0,160.0
UNIT_0004,2026-03-08 22:00:00,369.57,3814.25,40.84,10423.6,9097.6,47.76,0,43.0
UNIT_0025,2027-02-17 18:00:00,369.99,3820.04,40.63,10436.6,9047.1,47.76,0,156.0
UNIT_0035,2027-08-01 18:00:00,369.56,3814.87,40.72,10426.4,9066.8,47.76,0,54.0
UNIT_0036,2027-08-16 00:00:00,369.68,3807.15,40.73,10420.8,9054.2,47.76,0,41.0
UNIT_0005,2026-03-24 12:00:00,369.2,3821.14,40.78,10441.2,9084.6,47.76,0,125.0
UNIT_0014,2026-08-20 04:00:00,369.33,3815.22,40.71,10430.4,9067.0,47.76,0,114.0
UNIT_0038,2027-09-15 12:00:00,370.34,3805.77,40.81,10400.4,9091.6,47.76,0,39.0
UNIT_0033,2027-06-19 22:00:00,368.76,3824.8,40.72,10442.2,9059.9,47.76,0,192.0
UNIT_0017,2026-10-20 18:00:00,369.7,3815.22,40.84,10422.4,9096.9,47.76,0,67.0
UNIT_0028,2027-04-02 12:00:00,368.75,3825.21,40.71,10446.8,9051.0,47.76,0,151.0
UNIT_0043,2027-12-02 00:00:00,369.61,3807.63,40.64,10408.8,9055.0,47.76,0,44.0
UNIT_0002,2026-01-19 06:00:00,368.89,3825.01,40.68,10453.6,9053.8,47.76,0,259.0
UNIT_0035,2027-08-04 18:00:00,370.18,3805.91,40.78,10413.8,9083.5,47.76,1,18.0
UNIT_0006,2026-04-18 08:00:00,370.3,3801.56,40.56,10398.6,9032.5,47.77,1,15.0
UNIT_0016,2026-09-21 14:00:00,369.37,3813.15,40.68,10426.4,9058.8,47.76,0,141.0
UNIT_0023,2027-01-25 20:00:00,369.95,3817.84,40.64,10415.6,9053.8,47.76,0,54.0
UNIT_0013,2026-08-07 04:00:00,369.78,3818.11,40.66,10427.6,9058.2,47.76,0,90.0
UNIT_0018,2026-10-29 00:00:00,368.83,3822.73,40.7,10452.8,9059.8,47.76,0,163.0
UNIT_0001,2026-01-04 14:00:00,368.78,3820.73,40.66,10446.0,9046.9,47.76,0,148.0
UNIT_0042,2027-11-06 12:00:00,368.52,3818.18,40.73,10446.6,9062.1,47.76,0,143.0
UNIT_0043,2027-11-29 16:00:00,369.75,3818.8,40.65,10426.4,9052.8,47.76,0,72.0
UNIT_0019,2026-11-13 00:00:00,369.38,3809.15,40.65,10438.0,9049.2,47.76,0,141.0
UNIT_0017,2026-10-25 14:00:00,370.36,3804.18,41.08,10416.8,9151.9,47.76,1,9.0
UNIT_0051,2028-04-11 16:00:00,368.85,3823.56,40.76,10447.0,9063.9,47.76,0,141.0
UNIT_0007,2026-05-06 06:00:00,369.18,3815.56,40.71,10414.0,9079.5,47.76,0,59.0
UNIT_0028,2027-04-09 00:00:00,369.13,3823.7,40.77,10438.8,9073.7,47.76,0,73.0
UNIT_0050,2028-03-30 04:00:00,369.52,3815.35,40.74,10425.6,9074.4,47.76,0,78.0
UNIT_0017,2026-10-14 14:00:00,369.24,3819.63,40.76,10447.4,9073.0,47.76,0,141.0
UNIT_0009,2026-06-07 16:00:00,369.9,3818.73,41.14,10424.8,9155.8,47.76,1,21.0
UNIT_0048,2028-02-16 22:00:00,369.08,3822.18,40.76,10446.2,9072.8,47.76,0,172.0
UNIT_0026,2027-03-14 22:00:00,370.13,3809.15,40.76,10418.2,9070.3,47.76,0,53.0
UNIT_0010,2026-06-12 22:00:00,368.33,3824.94,40.69,10451.8,9053.3,47.76,0,180.0
UNIT_0026,2027-03-07 14:00:00,369.37,3817.97,40.64,10428.6,9054.1,47.76,0,141.0
UNIT_0024,2027-02-06 04:00:00,369.69,3819.56,40.73,10440.8,9067.2,47.76,0,65.0
UNIT_0032,2027-06-07 00:00:00,369.65,3818.59,40.64,10427.2,9044.2,47.76,0,147.0
UNIT_0007,2026-05-06 10:00:00,369.76,3813.7,40.74,10422.0,9072.4,47.76,0,57.0
UNIT_0004,2026-02-25 20:00:00,369.09,3816.25,40.64,10435.6,9053.9,47.76,0,176.0
UNIT_0046,2028-01-13 06:00:00,369.72,3821.21,40.7,10446.2,9062.3,47.76,0,143.0
UNIT_0036,2027-08-11 22:00:00,369.69,3815.9,40.69,10428.8,9058.2,47.76,0,90.0
UNIT_0005,2026-03-16 18:00:00,369.17,3826.94,40.75,10438.4,9071.9,47.76,0,218.0
UNIT_0031,2027-05-30 20:00:00,369.78,3814.11,40.67,10412.8,9057.6,47.76,0,42.0
UNIT_0013,2026-08-11 04:00:00,369.91,3811.97,40.78,10422.8,9082.8,47.76,0,42.0
UNIT_0016,2026-09-24 02:00:00,369.78,3814.39,40.7,10418.8,9054.5,47.76,0,111.0
UNIT_0015,2026-08-29 20:00:00,368.99,3820.94,40.71,10456.4,9066.0,47.76,0,205.0
UNIT_0040,2027-10-10 18:00:00,369.6,3812.32,40.74,10411.8,9082.9,47.76,0,52.0
UNIT_0013,2026-08-07 10:00:00,369.61,3814.11,40.7,10434.4,9057.9,47.76,0,87.0
UNIT_0031,2027-05-16 16:00:00,369.26,3820.39,40.7,10440.0,9059.2,47.76,0,212.0
UNIT_0030,2027-05-12 08:00:00,369.78,3810.46,40.69,10416.4,9059.5,47.76,1,30.0
UNIT_0001,2026-01-01 04:00:00,369.2,3821.49,40.67,10448.4,9052.9,47.76,0,189.0
UNIT_0011,2026-07-17 12:00:00,370.07,3810.04,41.05,10413.2,9153.7,47.76,1,5.0
UNIT_0041,2027-10-22 12:00:00,368.76,3824.18,40.78,10452.8,9066.4,47.76,0,127.0
UNIT_0009,2026-05-28 10:00:00,369.29,3825.63,40.73,10449.0,9068.0,47.76,0,144.0
UNIT_0044,2027-12-10 20:00:00,369.36,3818.52,40.75,10438.4,9062.4,47.76,0,130.0
UNIT_0031,2027-05-18 02:00:00,369.01,3823.01,40.69,10448.2,9053.1,47.76,0,195.0
UNIT_0003,2026-02-14 06:00:00,368.87,3823.42,40.71,10450.8,9065.2,47.76,0,126.0
UNIT_0045,2027-12-29 00:00:00,369.17,3820.18,40.8,10422.4,9079.5,47.76,0,70.0
UNIT_0045,2027-12-22 18:00:00,368.68,3824.11,40.79,10461.4,9074.8,47.76,0,145.0
UNIT_0041,2027-10-19 02:00:00,369.32,3821.28,40.74,10442.0,9066.3,47.76,0,168.0
UNIT_0046,2028-01-11 20:00:00,369.2,3818.94,40.7,10446.0,9060.7,47.76,0,160.0
UNIT_0016,2026-09-18 00:00:00,369.71,3818.87,40.71,10430.0,9058.0,47.76,0,184.0
UNIT_0046,2028-01-22 20:00:00,369.6,3809.01,40.67,10411.2,9056.6,47.76,1,28.0
UNIT_0004,2026-03-02 22:00:00,369.45,3814.94,40.7,10433.4,9056.6,47.76,0,115.0
UNIT_0017,2026-10-11 20:00:00,369.18,3827.42,40.72,10441.4,9065.1,47.76,0,174.0
UNIT_0011,2026-07-14 22:00:00,369.86,3810.25,40.89,10423.0,9096.6,47.76,0,36.0
UNIT_0030,2027-05-13 06:00:00,369.53,3808.94,40.64,10396.2,9057.8,47.76,1,19.0
UNIT_0033,2027-07-03 08:00:00,369.62,3809.35,40.67,10409.8,9052.5,47.76,0,31.0
UNIT_0013,2026-08-02 18:00:00,369.62,3814.73,40.67,10441.0,9054.4,47.76,0,143.0
UNIT_0040,2027-10-06 20:00:00,369.66,3813.08,40.73,10432.6,9063.6,47.76,0,99.0
UNIT_0040,2027-10-14 16:00:00,370.55,3805.08,40.98,10407.8,9130.2,47.76,1,5.0
UNIT_0034,2027-07-14 10:00:00,370.09,3813.49,40.75,10427.4,9065.0,47.76,0,93.0
UNIT_0036,2027-08-06 22:00:00,369.58,3818.11,40.72,10436.4,9057.2,47.76,0,150.0
UNIT_0035,2027-08-02 12:00:00,369.22,3810.53,40.76,10417.8,9069.4,47.76,0,45.0
UNIT_0040,2027-10-12 12:00:00,369.76,3812.11,40.84,10410.0,9099.9,47.76,0,31.0
UNIT_0046,2028-01-18 22:00:00,369.35,3817.56,40.66,10425.6,9064.5,47.76,0,75.0
UNIT_0006,2026-04-15 14:00:00,370.71,3807.42,40.58,10413.2,9037.6,47.76,0,48.0
UNIT_0010,2026-06-25 08:00:00,369.74,3814.59,40.79,10416.4,9082.7,47.76,0,31.0
UNIT_0034,2027-07-16 04:00:00,369.71,3818.52,40.75,10429.8,9070.0,47.76,0,72.0
UNIT_0050,2028-03-25 20:00:00,369.37,3815.7,40.76,10426.2,9057.7,47.76,0,130.0
UNIT_0032,2027-06-03 16:00:00,369.18,3817.42,40.66,10433.8,9044.5,47.76,0,187.0
UNIT_0047,2028-02-02 12:00:00,368.93,3818.25,40.74,10440.0,9065.1,47.76,0,114.0
UNIT_0025,2027-02-21 04:00:00,368.55,3816.66,40.66,10435.6,9056.4,47.76,0,115.0
UNIT_0046,2028-01-18 10:00:00,369.3,3817.35,40.71,10438.8,9058.0,47.76,0,81.0
UNIT_0035,2027-07-24 22:00:00,369.18,3819.42,40.68,10437.0,9061.0,47.76,0,148.0
UNIT_0025,2027-02-26 10:00:00,370.19,3811.84,40.75,10417.0,9075.9,47.76,0,52.0
UNIT_0030,2027-05-03 04:00:00,368.99,3824.87,40.75,10451.0,9064.1,47.76,0,140.0
UNIT_0022,2027-01-05 12:00:00,369.82,3819.21,40.64,10423.2,9044.4,47.76,0,130.0
UNIT_0017,2026-10-18 08:00:00,368.96,3818.59,40.78,10434.4,9077.0,47.76,0,96.0
UNIT_0048,2028-03-02 02:00:00,371.03,3803.29,41.35,10405.8,9214.5,47.76,1,2.0
UNIT_0027,2027-03-20 04:00:00,369.39,3819.9,40.71,10423.8,9066.4,47.76,0,146.0
UNIT_0019,2026-11-15 00:00:00,369.83,3813.01,40.64,10424.2,9036.8,47.76,0,117.0
UNIT_0029,2027-04-23 10:00:00,369.62,3818.04,40.71,10428.0,9054.0,47.76,0,63.0
UNIT_0046,2028-01-12 22:00:00,369.02,3820.52,40.72,10441.2,9056.7,47.76,0,147.0
UNIT_0041,2027-10-16 08:00:00,368.95,3823.97,40.7,10447.4,9061.3,47.76,0,201.0
UNIT_0050,2028-04-04 02:00:00,370.9,3801.7,40.88,10419.0,9105.7,47.76,1,19.0
UNIT_0008,2026-05-16 02:00:00,369.58,3811.63,40.62,10435.2,9046.3,47.76,0,91.0
UNIT_0048,2028-02-25 06:00:00,369.27,3815.56,40.86,10441.8,9094.2,47.76,0,72.0
UNIT_0032,2027-06-10 14:00:00,369.46,3812.94,40.65,10424.4,9054.1,47.76,0,104.0
UNIT_0048,2028-02-15 08:00:00,369.22,3819.7,40.71,10445.4,9061.2,47.76,0,191.0
UNIT_0046,2028-01-12 20:00:00,369.15,3821.77,40.73,10449.4,9065.5,47.76,0,148.0
UNIT_0005,2026-04-02 08:00:00,369.99,3811.35,40.99,10411.4,9121.1,47.76,1,19.0
UNIT_0042,2027-11-03 10:00:00,368.84,3821.56,40.68,10436.6,9066.2,47.76,0,180.0
UNIT_0048,2028-03-01 02:00:00,370.14,3812.04,41.19,10420.8,9167.0,47.76,1,14.0
UNIT_0012,2026-07-25 06:00:00,369.81,3815.7,40.64,10426.8,9043.5,47.76,0,82.0
UNIT_0043,2027-11-22 18:00:00,369.73,3821.9,40.66,10445.2,9058.2,47.76,0,155.0
UNIT_0009,2026-05-30 00:00:00,368.86,3821.28,40.76,10444.8,9068.4,47.76,0,125.0
UNIT_0002,2026-01-21 20:00:00,369.33,3823.83,40.68,10455.6,9053.2,47.76,0,228.0
UNIT_0051,2028-04-07 04:00:00,369.35,3823.28,40.71,10445.4,9065.7,47.76,0,195.0
UNIT_0031,2027-05-31 22:00:00,370.11,3806.05,40.65,10413.2,9054.8,47.76,1,29.0
UNIT_0049,2028-03-15 04:00:00,369.42,3808.73,40.63,10416.0,9056.3,47.76,0,60.0
UNIT_0002,2026-01-17 00:00:00,368.74,3823.35,40.69,10446.6,9054.7,47.76,0,286.0
UNIT_0004,2026-03-10 08:00:00,370.17,3807.08,40.94,10418.8,9119.5,47.76,1,26.0
UNIT_0049,2028-03-13 06:00:00,369.91,3814.04,40.64,10415.4,9045.1,47.76,0,83.0
UNIT_0029,2027-04-22 04:00:00,369.61,3818.11,40.68,10420.2,9064.1,47.76,0,78.0
UNIT_0037,2027-08-23 14:00:00,368.99,3817.84,40.62,10437.6,9043.9,47.76,0,120.0
UNIT_0029,2027-04-22 06:00:00,369.44,3811.08,40.71,10421.4,9056.8,47.76,0,77.0
UNIT_0022,2027-01-02 16:00:00,369.78,3815.7,40.63,10426.6,9044.7,47.76,0,164.0
UNIT_0048,2028-02-14 04:00:00,369.02,3823.76,40.73,10448.8,9063.8,47.76,0,205.0
UNIT_0027,2027-03-26 00:00:00,368.69,3816.46,40.76,10427.0,9069.7,47.76,0,76.0
UNIT_0020,2026-12-14 04:00:00,370.78,3803.63,40.72,10399.4,9077.2,47.77,1,1.0
UNIT_0025,2027-02-17 14:00:00,369.27,3814.32,40.61,10433.6,9057.0,47.76,0,158.0
UNIT_0013,2026-08-12 22:00:00,370.17,3807.91,40.9,10410.8,9107.3,47.76,1,21.0
UNIT_0022,2027-01-01 20:00:00,369.68,3811.91,40.64,10425.6,9041.4,47.76,0,174.0
UNIT_0030,2027-05-04 08:00:00,369.22,3823.28,40.74,10440.0,9068.0,47.76,0,126.0
UNIT_0030,2027-05-14 10:00:00,370.31,3800.18,40.6,10394.8,9049.6,47.76,1,5.0
UNIT_0025,2027-02-15 14:00:00,369.62,3815.35,40.65,10420.4,9046.3,47.76,0,182.0
UNIT_0034,2027-07-16 06:00:00,369.44,3810.39,40.75,10425.4,9078.8,47.76,0,71.0
UNIT_0013,2026-08-06 06:00:00,369.08,3815.56,40.69,10429.4,9057.7,47.76,0,101.0
UNIT_0038,2027-09-15 04:00:00,369.8,3809.15,40.78,10416.4,9078.0,47.76,0,43.0
UNIT_0002,2026-01-20 20:00:00,369.25,3826.32,40.68,10454.6,9046.5,47.76,0,240.0
UNIT_0020,2026-12-01 14:00:00,369.39,3816.11,40.68,10432.4,9060.6,47.76,0,152.0
UNIT_0047,2028-02-11 20:00:00,370.25,3803.36,40.86,10411.0,9110.6,47.76,1,2.0
UNIT_0015,2026-09-06 02:00:00,368.87,3824.73,40.7,10437.2,9058.6,47.76,0,118.0
UNIT_0029,2027-04-22 00:00:00,369.81,3817.15,40.69,10433.8,9067.5,47.76,0,80.0
UNIT_0050,2028-04-01 08:00:00,369.69,3814.11,40.78,10422.0,9080.4,47.76,0,52.0
UNIT_0028,2027-04-02 02:00:00,368.97,3825.14,40.73,10449.6,9058.0,47.76,0,156.0
UNIT_0005,2026-03-20 18:00:00,369.02,3821.21,40.75,10450.8,9078.4,47.76,0,170.0
UNIT_0043,2027-11-19 14:00:00,368.36,3826.45,40.68,10444.6,9055.7,47.76,0,193.0
UNIT_0040,2027-10-03 02:00:00,369.58,3813.35,40.69,10417.8,9059.7,47.76,0,144.0
UNIT_0025,2027-03-01 18:00:00,370.05,3805.63,40.96,10404.0,9128.5,47.76,1,12.0
UNIT_0034,2027-07-22 02:00:00,370.29,3802.12,41.14,10408.2,9166.1,47.76,1,1.0
UNIT_0030,2027-04-29 14:00:00,369.49,3824.73,40.7,10456.2,9058.8,47.76,0,183.0
UNIT_0017,2026-10-24 00:00:00,369.57,3813.35,40.99,10411.2,9130.5,47.76,1,28.0
UNIT_0051,2028-04-10 18:00:00,369.25,3820.04,40.76,10441.6,9064.1,47.76,0,152.0
UNIT_0017,2026-10-08 00:00:00,369.13,3821.08,40.73,10449.6,9060.0,47.76,0,220.0
UNIT_0043,2027-11-19 10:00:00,369.26,3822.52,40.68,10448.2,9054.6,47.76,0,195.0
UNIT_0012,2026-07-20 20:00:00,369.64,3818.18,40.66,10433.6,9048.6,47.76,0,135.0
UNIT_0022,2027-01-11 14:00:00,369.7,3811.15,40.63,10407.8,9049.8,47.76,0,57.0
UNIT_0044,2027-12-07 04:00:00,369.19,3823.01,40.75,10442.0,9060.7,47.76,0,174.0
UNIT_0020,2026-11-28 20:00:00,369.37,3814.59,40.69,10428.2,9055.9,47.76,0,185.0
UNIT_0001,2026-01-13 04:00:00,369.1,3813.42,40.63,10418.4,9041.2,47.76,0,45.0
UNIT_0034,2027-07-09 00:00:00,369.63,3814.87,40.69,10435.2,9052.5,47.76,0,158.0
UNIT_0011,2026-07-11 04:00:00,368.89,3816.11,40.75,10436.4,9068.4,47.76,0,81.0
UNIT_0011,2026-07-07 18:00:00,369.0,3820.39,40.72,10441.0,9071.6,47.76,0,122.0
UNIT_0018,2026-10-28 22:00:00,368.95,3820.8,40.7,10446.4,9053.0,47.76,0,164.0
UNIT_0027,2027-03-23 02:00:00,369.35,3819.9,40.73,10424.2,9063.8,47.76,0,111.0
UNIT_0009,2026-05-25 16:00:00,368.89,3819.35,40.72,10447.2,9051.6,47.76,0,177.0
UNIT_0041,2027-10-22 14:00:00,369.03,3822.25,40.75,10441.8,9077.1,47.76,0,126.0
UNIT_0040,2027-10-01 06:00:00,370.05,3810.11,40.67,10420.2,9052.5,47.76,0,166.0
UNIT_0001,2026-01-10 12:00:00,369.51,3820.59,40.64,10427.2,9050.4,47.76,0,77.0
UNIT_0046,2028-01-09 08:00:00,368.91,3821.7,40.72,10438.2,9066.3,47.76,0,190.0
UNIT_0029,2027-04-16 18:00:00,369.83,3816.94,40.7,10442.6,9052.7,47.76,0,143.0
UNIT_0050,2028-03-31 08:00:00,369.6,3815.01,40.77,10432.6,9073.4,47.76,0,64.0
UNIT_0003,2026-02-11 12:00:00,369.1,3823.42,40.68,10445.8,9047.1,47.76,0,159.0
UNIT_0040,2027-10-14 20:00:00,370.17,3809.01,40.97,10391.2,9127.1,47.76,1,3.0
UNIT_0004,2026-03-02 00:00:00,369.3,3818.94,40.68,10442.2,9052.3,47.76,0,126.0
UNIT_0037,2027-08-28 20:00:00,369.8,3811.22,40.6,10417.2,9040.6,47.76,0,57.0
UNIT_0046,2028-01-07 22:00:00,369.04,3824.87,40.71,10453.2,9061.5,47.76,0,207.0
UNIT_0029,2027-04-23 12:00:00,369.7,3817.49,40.7,10424.2,9059.9,47.76,0,62.0
UNIT_0015,2026-09-15 10:00:00,370.39,3807.49,40.6,10400.8,9045.5,47.76,1,6.0
UNIT_0037,2027-08-26 04:00:00,369.52,3814.73,40.63,10426.4,9041.8,47.76,0,89.0
UNIT_0037,2027-09-01 20:00:00,370.5,3799.98,40.57,10398.2,9042.7,47.77,1,9.0
UNIT_0033,2027-06-27 08:00:00,369.1,3821.35,40.7,10453.2,9058.2,47.76,0,103.0
UNIT_0003,2026-02-19 16:00:00,369.11,3816.39,40.76,10447.4,9076.0,47.76,0,61.0
UNIT_0047,2028-01-28 16:00:00,369.15,3822.59,40.75,10442.4,9065.6,47.76,0,172.0
UNIT_0031,2027-05-23 22:00:00,369.02,3826.25,40.68,10443.4,9055.7,47.76,0,125.0
UNIT_0031,2027-05-20 10:00:00,368.68,3825.49,40.73,10448.2,9061.8,47.76,0,167.0
UNIT_0026,2027-03-07 08:00:00,369.82,3815.22,40.66,10425.2,9047.5,47.76,0,144.0
UNIT_0008,2026-05-18 06:00:00,370.38,3813.01,40.62,10424.0,9047.3,47.76,0,65.0
UNIT_0042,2027-11-12 14:00:00,369.9,3817.35,40.71,10440.4,9055.4,47.76,0,70.0
UNIT_0035,2027-07-31 16:00:00,369.39,3814.25,40.7,10433.6,9062.7,47.76,0,67.0
UNIT_0013,2026-08-14 00:00:00,369.93,3805.63,41.03,10408.8,9134.5,47.76,1,8.0
UNIT_0042,2027-11-15 14:00:00,370.52,3811.08,40.72,10415.8,9059.0,47.76,0,34.0
UNIT_0008,2026-05-22 16:00:00,370.53,3803.84,40.61,10399.4,9052.4,47.76,1,12.0
UNIT_0046,2028-01-16 06:00:00,369.12,3813.7,40.69,10434.6,9062.2,47.76,0,107.0
UNIT_0027,2027-03-27 08:00:00,369.51,3813.28,40.77,10419.2,9073.5,47.76,0,60.0
UNIT_0037,2027-08-25 14:00:00,369.07,3812.46,40.62,10432.6,9037.2,47.76,0,96.0
UNIT_0038,2027-09-18 04:00:00,370.37,3808.6,41.03,10398.2,9134.8,47.76,1,7.0
UNIT_0015,2026-09-03 04:00:00,368.9,3825.9,40.67,10450.8,9058.2,47.76,0,153.0
UNIT_0032,2027-06-10 02:00:00,369.56,3814.39,40.65,10426.8,9055.6,47.76,0,110.0
UNIT_0001,2026-01-08 04:00:00,369.18,3820.39,40.65,10428.6,9050.5,47.76,0,105.0
UNIT_0011,2026-07-12 08:00:00,369.07,3820.73,40.77,10432.2,9077.6,47.76,0,67.0
UNIT_0013,2026-08-12 02:00:00,369.8,3809.42,40.83,10418.0,9094.2,47.76,0,31.0
UNIT_0042,2027-11-16 16:00:00,369.74,3813.01,40.72,10400.2,9067.4,47.76,1,21.0
UNIT_0040,2027-10-07 02:00:00,369.87,3812.87,40.72,10412.2,9066.7,47.76,0,96.0
UNIT_0013,2026-08-05 04:00:00,369.76,3813.22,40.7,10426.0,9062.8,47.76,0,114.0
UNIT_0030,2027-05-06 08:00:00,369.26,3823.28,40.7,10436.8,9063.9,47.76,0,102.0
UNIT_0005,2026-03-27 18:00:00,369.2,3819.97,40.81,10437.6,9082.0,47.76,0,86.0
UNIT_0001,2026-01-12 08:00:00,369.28,3815.49,40.64,10432.6,9040.6,47.76,0,55.0
UNIT_0035,2027-07-24 06:00:00,368.9,3818.87,40.69,10438.8,9062.8,47.76,0,156.0
UNIT_0040,2027-10-14 04:00:00,371.11,3802.74,40.91,10409.8,9122.7,47.76,1,11.0
UNIT_0014,2026-08-26 20:00:00,370.14,3809.35,40.78,10425.6,9087.7,47.76,0,34.0
UNIT_0022,2027-01-03 10:00:00,369.38,3814.18,40.64,10425.6,9047.8,47.76,0,155.0
UNIT_0006,2026-04-11 00:00:00,369.6,3810.11,40.6,10415.0,9040.2,47.76,0,103.0
UNIT_0023,2027-01-29 02:00:00,370.29,3803.01,40.65,10415.2,9058.5,47.76,1,15.0
UNIT_0049,2028-03-04 02:00:00,369.76,3814.94,40.63,10433.0,9054.2,47.76,0,193.0
UNIT_0033,2027-07-04 12:00:00,369.95,3807.15,40.69,10411.8,9056.1,47.76,1,17.0
UNIT_0003,2026-02-17 04:00:00,369.12,3816.87,40.73,10438.0,9067.2,47.76,0,91.0
UNIT_0038,2027-09-03 16:00:00,369.66,3819.9,40.62,10432.2,9040.8,47.76,0,181.0
UNIT_0027,2027-03-29 12:00:00,369.63,3809.42,40.81,10418.0,9082.2,47.76,0,34.0
UNIT_0019,2026-11-24 06:00:00,370.51,3807.29,40.61,10395.8,9046.7,47.77,1,6.0
UNIT_0031,2027-05-20 14:00:00,369.0,3825.07,40.69,10446.6,9048.6,47.76,0,165.0
UNIT_0039,2027-09-25 10:00:00,369.59,3812.18,40.66,10423.4,9054.6,47.76,0,48.0
UNIT_0036,2027-08-17 12:00:00,370.7,3800.74,40.66,10419.0,9059.2,47.76,1,23.0
UNIT_0033,2027-07-02 16:00:00,369.27,3815.01,40.71,10422.6,9057.0,47.76,0,39.0
UNIT_0033,2027-06-29 14:00:00,369.19,3816.94,40.7,10428.6,9070.3,47.76,0,76.0
UNIT_0046,2028-01-13 18:00:00,369.21,3814.59,40.69,10440.2,9056.5,47.76,0,137.0
UNIT_0043,2027-11-21 14:00:00,368.55,3820.04,40.69,10442.0,9057.1,47.76,0,169.0
UNIT_0011,2026-07-14 04:00:00,370.23,3812.25,40.82,10418.2,9087.7,47.76,0,45.0
UNIT_0017,2026-10-20 22:00:00,369.37,3820.25,40.86,10426.4,9105.0,47.76,0,65.0
UNIT_0011,2026-07-02 06:00:00,369.31,3827.83,40.71,10453.2,9047.2,47.76,0,188.0
UNIT_0002,2026-01-17 06:00:00,368.53,3821.42,40.7,10449.8,9058.0,47.76,0,283.0
UNIT_0037,2027-08-28 18:00:00,369.76,3817.28,40.6,10422.6,9043.6,47.76,0,58.0
UNIT_0029,2027-04-18 04:00:00,369.49,3821.77,40.73,10432.8,9068.6,47.76,0,126.0
UNIT_0025,2027-02-26 14:00:00,369.83,3812.8,40.76,10410.8,9085.0,47.76,0,50.0
UNIT_0004,2026-03-08 20:00:00,369.92,3817.08,40.82,10427.6,9090.6,47.76,0,44.0
UNIT_0046,2028-01-08 08:00:00,368.64,3825.42,40.73,10431.6,9073.8,47.76,0,202.0
UNIT_0051,2028-04-07 08:00:00,369.35,3821.42,40.75,10453.8,9058.2,47.76,0,193.0
UNIT_0010,2026-06-22 08:00:00,369.64,3816.04,40.75,10422.2,9065.6,47.76,0,67.0
UNIT_0047,2028-01-27 20:00:00,369.89,3819.7,40.73,10442.0,9063.2,47.76,0,182.0
UNIT_0045,2027-12-30 16:00:00,369.68,3821.49,40.79,10426.4,9082.0,47.76,0,50.0
UNIT_0003,2026-02-23 16:00:00,369.75,3809.77,41.09,10419.6,9153.7,47.76,1,13.0
UNIT_0048,2028-02-21 04:00:00,369.37,3815.35,40.77,10444.4,9074.7,47.76,0,121.0
UNIT_0025,2027-03-02 06:00:00,370.67,3798.32,41.03,10400.4,9138.4,47.76,1,6.0
UNIT_0027,2027-04-01 00:00:00,370.49,3805.63,40.98,10406.0,9131.9,47.76,1,4.0
UNIT_0008,2026-05-17 10:00:00,369.27,3814.46,40.61,10415.2,9035.5,47.76,0,75.0
UNIT_0001,2026-01-11 00:00:00,369.48,3817.63,40.67,10426.0,9041.0,47.76,0,71.0
UNIT_0015,2026-09-06 10:00:00,368.74,3817.42,40.72,10438.0,9058.3,47.76,0,114.0
UNIT_0025,2027-02-27 10:00:00,370.16,3809.22,40.8,10413.6,9083.9,47.76,0,40.0
UNIT_0015,2026-09-14 04:00:00,369.74,3812.6,40.65,10409.8,9051.0,47.76,1,21.0
UNIT_0046,2028-01-14 22:00:00,369.17,3818.66,40.71,10446.8,9055.7,47.76,0,123.0
UNIT_0016,2026-10-01 04:00:00,370.36,3801.84,40.69,10407.0,9049.3,47.76,1,26.0
UNIT_0010,2026-06-27 22:00:00,370.51,3810.73,40.92,10400.4,9115.4,47.76,1,0.0
UNIT_0046,2028-01-16 02:00:00,369.48,3817.01,40.72,10436.2,9062.1,47.76,0,109.0
UNIT_0025,2027-02-19 04:00:00,369.23,3814.59,40.67,10435.6,9054.1,47.76,0,139.0
UNIT_0031,2027-06-01 06:00:00,369.95,3807.7,40.66,10416.4,9050.8,47.76,1,25.0
UNIT_0001,2026-01-12 04:00:00,369.3,3813.42,40.65,10419.8,9050.6,47.76,0,57.0
UNIT_0040,2027-10-07 06:00:00,369.81,3815.08,40.72,10425.4,9064.4,47.76,0,94.0
UNIT_0027,2027-03-20 16:00:00,369.25,3809.91,40.69,10431.0,9067.6,47.76,0,140.0
UNIT_0049,2028-03-14 08:00:00,369.43,3809.22,40.65,10414.4,9052.9,47.76,0,70.0
UNIT_0031,2027-05-29 08:00:00,369.39,3816.94,40.68,10418.6,9064.2,47.76,0,60.0
UNIT_0013,2026-08-02 06:00:00,369.07,3816.73,40.7,10417.0,9059.9,47.76,0,149.0
UNIT_0001,2026-01-06 04:00:00,369.45,3816.11,40.65,10431.2,9050.0,47.76,0,129.0
UNIT_0007,2026-04-24 04:00:00,369.04,3820.59,40.72,10440.4,9069.3,47.76,0,204.0
UNIT_0034,2027-07-15 10:00:00,369.43,3815.9,40.74,10424.2,9073.0,47.76,0,81.0
UNIT_0012,2026-07-25 14:00:00,369.99,3808.04,40.66,10412.0,9045.8,47.76,0,78.0
UNIT_0004,2026-02-26 14:00:00,369.53,3821.63,40.66,10435.6,9047.4,47.76,0,167.0
UNIT_0034,2027-07-21 10:00:00,370.6,3807.98,41.06,10412.4,9146.8,47.76,1,9.0
UNIT_0004,2026-03-03 18:00:00,369.76,3816.11,40.67,10432.6,9053.8,47.76,0,105.0
UNIT_0026,2027-03-19 06:00:00,370.09,3802.94,41.07,10410.6,9154.0,47.76,1,1.0
UNIT_0039,2027-09-28 14:00:00,370.57,3800.32,40.57,10404.2,9038.4,47.77,1,10.0
UNIT_0018,2026-10-31 10:00:00,368.84,3824.11,40.69,10440.6,9066.9,47.76,0,134.0
UNIT_0002,2026-02-07 00:00:00,369.86,3813.28,40.8,10414.0,9084.1,47.76,0,34.0
UNIT_0042,2027-11-10 08:00:00,369.16,3818.52,40.7,10444.8,9067.1,47.76,0,97.0
UNIT_0016,2026-09-29 12:00:00,369.63,3806.94,40.66,10403.8,9059.3,47.76,0,46.0
UNIT_0023,2027-01-24 14:00:00,369.51,3809.42,40.66,10420.2,9049.6,47.76,0,69.0
UNIT_0009,2026-06-06 02:00:00,369.81,3822.73,40.95,10430.2,9111.7,47.76,0,40.0
UNIT_0032,2027-06-15 12:00:00,370.13,3805.15,40.7,10413.4,9059.9,47.76,0,45.0
UNIT_0013,2026-08-05 08:00:00,368.81,3816.32,40.65,10435.6,9052.1,47.76,0,112.0
UNIT_0009,2026-05-24 02:00:00,368.91,3825.49,40.73,10450.2,9062.0,47.76,0,196.0
UNIT_0015,2026-08-31 16:00:00,369.3,3828.38,40.71,10457.4,9045.9,47.76,0,183.0
UNIT_0014,2026-08-25 22:00:00,369.75,3807.63,40.76,10428.0,9083.7,47.76,0,45.0
UNIT_0020,2026-12-02 14:00:00,369.9,3818.18,40.7,10437.6,9067.2,47.76,0,140.0
UNIT_0028,2027-04-03 08:00:00,368.81,3821.9,40.74,10458.8,9059.8,47.76,0,141.0
UNIT_0044,2027-12-21 12:00:00,370.27,3806.73,40.78,10393.6,9084.5,47.77,1,2.0
UNIT_0041,2027-11-01 18:00:00,370.76,3804.87,41.07,10401.6,9149.0,47.76,1,4.0
UNIT_0047,2028-02-09 08:00:00,369.77,3814.53,40.83,10418.6,9084.7,47.76,0,32.0
UNIT_0003,2026-02-10 18:00:00,368.79,3825.76,40.69,10440.4,9051.9,47.76,0,168.0
UNIT_0003,2026-02-11 02:00:00,368.68,3822.18,40.69,10440.0,9058.3,47.76,0,164.0
UNIT_0004,2026-02-27 12:00:00,369.64,3823.97,40.68,10434.0,9052.5,47.76,0,156.0
UNIT_0019,2026-11-15 10:00:00,369.53,3812.87,40.64,10425.0,9044.6,47.76,0,112.0
UNIT_0003,2026-02-20 04:00:00,368.85,3813.63,40.81,10426.4,9083.8,47.76,0,55.0
UNIT_0009,2026-06-09 06:00:00,370.54,3803.91,41.36,10410.0,9220.9,47.76,1,2.0
UNIT_0005,2026-03-26 12:00:00,369.07,3817.7,40.77,10430.8,9085.1,47.76,0,101.0
UNIT_0031,2027-05-29 00:00:00,369.66,3809.49,40.69,10429.8,9051.6,47.76,0,64.0
UNIT_0010,2026-06-16 02:00:00,368.95,3822.45,40.73,10453.0,9060.1,47.76,0,142.0
UNIT_0029,2027-04-26 18:00:00,369.62,3811.08,40.67,10415.4,9047.4,47.76,1,23.0
UNIT_0018,2026-11-10 02:00:00,369.96,3811.77,41.09,10429.0,9157.1,47.76,1,18.0
UNIT_0011,2026-07-17 04:00:00,370.62,3810.46,41.04,10422.6,9136.7,47.76,1,9.0
UNIT_0026,2027-03-17 06:00:00,370.29,3808.46,40.89,10419.0,9105.3,47.76,1,25.0
UNIT_0022,2026-12-31 04:00:00,370.03,3818.52,40.63,10428.6,9052.1,47.76,0,194.0
UNIT_0035,2027-07-28 14:00:00,369.03,3812.66,40.69,10432.2,9056.8,47.76,0,104.0
UNIT_0036,2027-08-08 06:00:00,369.31,3819.7,40.66,10433.2,9052.6,47.76,0,134.0
UNIT_0007,2026-04-24 10:00:00,368.94,3827.56,40.76,10460.0,9066.8,47.76,0,201.0
UNIT_0044,2027-12-07 02:00:00,368.72,3816.94,40.71,10449.4,9075.6,47.76,0,175.0
UNIT_0007,2026-05-08 04:00:00,369.31,3813.22,40.75,10419.6,9079.0,47.76,0,36.0
UNIT_0007,2026-04-21 14:00:00,369.29,3818.59,40.76,10453.0,9066.2,47.76,0,235.0
UNIT_0044,2027-12-10 22:00:00,369.59,3820.66,40.73,10444.2,9067.8,47.76,0,129.0
UNIT_0046,2028-01-23 14:00:00,369.93,3809.98,40.65,10394.8,9057.5,47.76,1,19.0
UNIT_0007,2026-05-10 06:00:00,370.72,3806.32,40.75,10391.6,9080.0,47.76,1,11.0
UNIT_0040,2027-10-10 10:00:00,369.76,3809.77,40.77,10419.6,9071.4,47.76,0,56.0
UNIT_0050,2028-04-05 16:00:00,370.68,3806.32,41.0,10400.0,9128.9,47.76,1,0.0
UNIT_0007,2026-04-22 10:00:00,368.94,3822.18,40.77,10437.4,9054.4,47.76,0,225.0
UNIT_0019,2026-11-22 02:00:00,369.94,3808.25,40.6,10418.8,9045.0,47.76,0,32.0
UNIT_0015,2026-09-08 20:00:00,368.96,3826.38,40.68,10443.2,9056.9,47.76,0,85.0
UNIT_0025,2027-02-25 02:00:00,369.59,3812.32,40.72,10423.2,9069.6,47.76,0,68.0
UNIT_0046,2028-01-06 10:00:00,369.2,3824.25,40.67,10446.0,9058.1,47.76,0,225.0
UNIT_0011,2026-07-07 12:00:00,368.93,3821.97,40.73,10435.6,9065.4,47.76,0,125.0
UNIT_0033,2027-06-29 10:00:00,369.29,3816.66,40.71,10440.4,9064.4,47.76,0,78.0
UNIT_0025,2027-02-24 22:00:00,370.27,3810.39,40.72,10423.0,9065.8,47.76,0,70.0
UNIT_0011,2026-07-15 12:00:00,369.71,3814.39,40.88,10424.0,9108.4,47.76,1,29.0
UNIT_0048,2028-02-13 12:00:00,368.57,3818.04,40.75,10444.2,9058.3,47.76,0,213.0
UNIT_0028,2027-04-03 02:00:00,368.65,3822.52,40.72,10452.2,9070.9,47.76,0,144.0
UNIT_0014,2026-08-21 00:00:00,369.83,3817.9,40.72,10430.0,9057.6,47.76,0,104.0
UNIT_0026,2027-03-03 14:00:00,369.19,3821.42,40.64,10408.0,9051.8,47.76,0,189.0
UNIT_0039,2027-09-22 04:00:00,369.61,3818.87,40.63,10431.0,9044.3,47.76,0,87.0
UNIT_0028,2027-04-08 22:00:00,368.8,3822.59,40.72,10440.2,9065.1,47.76,0,74.0
UNIT_0028,2027-04-12 14:00:00,369.83,3814.87,40.76,10424.2,9070.6,47.76,1,30.0
UNIT_0039,2027-09-28 20:00:00,370.51,3802.53,40.57,10392.2,9039.7,47.77,1,7.0
UNIT_0001,2026-01-13 12:00:00,369.67,3808.73,40.64,10418.8,9048.1,47.76,0,41.0
UNIT_0014,2026-08-22 16:00:00,369.1,3814.94,40.7,10431.4,9076.1,47.76,0,84.0
UNIT_0030,2027-05-05 12:00:00,369.05,3818.87,40.71,10442.2,9064.8,47.76,0,112.0
UNIT_0010,2026-06-23 20:00:00,369.59,3810.39,40.77,10418.8,9072.4,47.76,0,49.0
UNIT_0018,2026-11-09 14:00:00,369.69,3811.97,41.04,10415.2,9148.3,47.76,1,24.0
UNIT_0028,2027-04-13 16:00:00,370.26,3806.87,40.75,10420.0,9077.9,47.76,1,17.0
UNIT_0011,2026-07-08 06:00:00,369.18,3819.28,40.75,10446.4,9059.6,47.76,0,116.0
UNIT_0020,2026-12-01 18:00:00,369.22,3816.46,40.71,10427.2,9060.7,47.76,0,150.0
UNIT_0031,2027-05-25 10:00:00,369.67,3820.39,40.68,10437.0,9059.2,47.76,0,107.0
UNIT_0031,2027-05-20 20:00:00,368.94,3823.7,40.7,10447.0,9052.4,47.76,0,162.0
UNIT_0012,2026-07-22 00:00:00,369.69,3815.56,40.63,10436.0,9044.6,47.76,0,121.0
UNIT_0041,2027-11-01 12:00:00,370.48,3812.18,41.04,10407.4,9148.1,47.76,1,7.0
UNIT_0019,2026-11-18 08:00:00,370.97,3815.77,40.63,10431.6,9051.1,47.76,0,77.0
UNIT_0005,2026-03-13 14:00:00,368.75,3824.87,40.75,10448.4,9056.4,47.76,0,256.0
UNIT_0042,2027-11-12 20:00:00,369.86,3817.21,40.71,10424.8,9063.1,47.76,0,67.0
UNIT_0039,2027-09-25 14:00:00,369.9,3819.21,40.62,10409.0,9043.7,47.76,0,46.0
UNIT_0042,2027-11-06 18:00:00,369.79,3820.73,40.71,10443.6,9052.4,47.76,0,140.0
UNIT_0038,2027-09-03 00:00:00,369.54,3815.35,40.64,10433.0,9043.0,47.76,0,189.0
UNIT_0044,2027-12-15 14:00:00,369.18,3813.91,40.76,10433.8,9062.7,47.76,0,73.0
UNIT_0024,2027-01-30 22:00:00,369.56,3819.01,40.72,10449.6,9051.2,47.76,0,140.0
UNIT_0044,2027-12-18 04:00:00,369.79,3810.18,40.75,10424.8,9074.1,47.76,0,42.0
UNIT_0022,2027-01-07 20:00:00,369.32,3811.01,40.64,10408.4,9048.4,47.76,0,102.0
UNIT_0028,2027-04-06 16:00:00,368.98,3823.76,40.74,10446.0,9063.2,47.76,0,101.0
UNIT_0007,2026-04-24 16:00:00,368.93,3819.01,40.75,10446.4,9068.9,47.76,0,198.0
UNIT_0009,2026-05-29 06:00:00,368.75,3820.18,40.76,10451.2,9069.0,47.76,0,134.0
UNIT_0047,2028-02-08 10:00:00,369.54,3812.73,40.8,10419.2,9087.0,47.76,0,43.0
UNIT_0024,2027-02-03 18:00:00,369.26,3819.77,40.72,10436.8,9064.1,47.76,0,94.0
UNIT_0032,2027-06-12 20:00:00,370.02,3810.39,40.7,10420.0,9052.9,47.76,0,77.0
UNIT_0009,2026-06-01 12:00:00,369.53,3822.25,40.8,10440.8,9078.9,47.76,0,95.0
UNIT_0040,2027-10-12 22:00:00,370.54,3802.67,40.85,10406.2,9102.6,47.76,1,26.0
UNIT_0025,2027-02-16 10:00:00,369.24,3817.97,40.66,10433.2,9044.5,47.76,0,172.0
UNIT_0013,2026-08-14 08:00:00,370.38,3800.05,41.06,10410.0,9146.8,47.76,1,4.0
UNIT_0026,2027-03-17 10:00:00,370.14,3804.94,40.89,10415.8,9105.0,47.76,1,23.0
UNIT_0001,2026-01-15 14:00:00,369.71,3805.29,40.62,10396.0,9045.7,47.76,1,16.0
UNIT_0038,2027-09-16 10:00:00,370.61,3811.84,40.85,10408.0,9103.6,47.76,1,28.0
UNIT_0010,2026-06-24 10:00:00,369.97,3817.28,40.79,10426.0,9072.5,47.76,0,42.0
UNIT_0045,2027-12-31 04:00:00,369.62,3819.56,40.82,10427.4,9081.6,47.76,0,44.0
UNIT_0017,2026-10-18 22:00:00,369.68,3821.28,40.78,10435.8,9089.4,47.76,0,89.0
UNIT_0010,2026-06-10 00:00:00,369.29,3827.01,40.7,10457.4,9051.7,47.76,0,215.0
UNIT_0001,2026-01-07 20:00:00,369.51,3816.18,40.66,10438.6,9049.1,47.76,0,109.0
UNIT_0004,2026-03-10 00:00:00,369.67,3810.25,40.91,10418.0,9098.8,47.76,1,30.0
UNIT_0044,2027-12-18 18:00:00,369.53,3809.49,40.73,10418.2,9080.3,47.76,0,35.0
UNIT_0038,2027-09-05 20:00:00,369.45,3815.01,40.66,10431.8,9048.6,47.76,0,155.0
UNIT_0022,2027-01-02 08:00:00,369.38,3815.15,40.63,10415.2,9049.8,47.76,0,168.0
UNIT_0047,2028-02-05 02:00:00,369.25,3817.35,40.74,10435.0,9070.7,47.76,0,83.0
UNIT_0028,2027-04-10 00:00:00,369.73,3821.35,40.73,10447.0,9066.6,47.76,0,61.0
UNIT_0002,2026-01-24 14:00:00,369.21,3821.63,40.69,10449.0,9050.9,47.76,0,195.0
UNIT_0020,2026-12-10 08:00:00,369.95,3811.49,40.75,10427.6,9070.4,47.76,0,47.0
UNIT_0038,2027-09-16 08:00:00,370.05,3809.29,40.86,10417.0,9097.7,47.76,1,29.0
UNIT_0003,2026-02-20 18:00:00,369.35,3817.63,40.83,10424.4,9085.9,47.76,0,48.0
UNIT_0015,2026-08-31 22:00:00,368.92,3825.35,40.7,10444.6,9052.3,47.76,0,180.0
UNIT_0009,2026-06-01 02:00:00,369.32,3824.59,40.76,10439.6,9077.4,47.76,0,100.0
UNIT_0006,2026-04-16 22:00:00,370.3,3808.04,40.61,10399.6,9031.7,47.76,0,32.0
UNIT_0030,2027-05-09 16:00:00,368.8,3816.39,40.7,10441.0,9058.5,47.76,0,62.0
UNIT_0049,2028-03-10 14:00:00,369.4,3811.84,40.65,10429.6,9043.9,47.76,0,115.0
UNIT_0015,2026-09-07 12:00:00,369.53,3819.63,40.71,10442.6,9058.7,47.76,0,101.0
UNIT_0036,2027-08-16 10:00:00,369.89,3812.04,40.71,10405.4,9061.7,47.76,0,36.0
UNIT_0044,2027-12-19 18:00:00,370.38,3808.6,40.76,10418.8,9074.9,47.76,1,23.0
UNIT_0038,2027-09-06 00:00:00,369.41,3815.01,40.67,10424.6,9049.8,47.76,0,153.0
UNIT_0013,2026-08-09 04:00:00,369.83,3810.8,40.72,10425.6,9063.3,47.76,0,66.0
UNIT_0033,2027-07-01 02:00:00,369.15,3818.8,40.68,10435.8,9064.1,47.76,0,58.0
UNIT_0022,2027-01-11 16:00:00,369.7,3813.35,40.62,10408.2,9052.0,47.76,0,56.0
UNIT_0011,2026-07-12 02:00:00,368.82,3814.87,40.75,10435.4,9070.7,47.76,0,70.0
UNIT_0033,2027-06-26 20:00:00,369.44,3825.07,40.71,10443.0,9059.7,47.76,0,109.0
UNIT_0032,2027-06-06 16:00:00,369.57,3813.49,40.61,10419.6,9051.5,47.76,0,151.0
UNIT_0021,2026-12-16 14:00:00,369.3,3815.49,40.63,10439.4,9050.1,47.76,0,167.0
UNIT_0028,2027-04-09 12:00:00,368.76,3816.39,40.73,10438.2,9074.8,47.76,0,67.0
UNIT_0024,2027-02-08 08:00:00,369.74,3821.83,40.71,10427.8,9055.5,47.76,0,39.0
UNIT_0023,2027-01-23 22:00:00,370.17,3813.63,40.66,10426.2,9052.0,47.76,0,77.0
UNIT_0042,2027-11-10 22:00:00,369.85,3817.63,40.69,10431.6,9059.1,47.76,0,90.0
UNIT_0021,2026-12-14 08:00:00,369.09,3816.73,40.64,10435.2,9047.4,47.76,0,194.0
UNIT_0019,2026-11-17 18:00:00,369.42,3816.39,40.63,10421.4,9046.2,47.76,0,84.0
UNIT_0050,2028-03-31 14:00:00,369.96,3812.94,40.77,10422.2,9084.0,47.76,0,61.0
UNIT_0043,2027-12-02 02:00:00,369.5,3813.28,40.65,10422.2,9053.1,47.76,0,43.0
UNIT_0026,2027-03-14 18:00:00,369.65,3811.15,40.79,10429.6,9074.4,47.76,0,55.0
UNIT_0041,2027-10-20 00:00:00,368.98,3822.87,40.73,10442.2,9072.7,47.76,0,157.0
UNIT_0028,2027-04-07 02:00:00,369.18,3821.9,40.73,10434.8,9076.2,47.76,0,96.0
UNIT_0012,2026-07-21 04:00:00,369.15,3809.98,40.63,10436.4,9044.7,47.76,0,131.0
UNIT_0017,2026-10-24 04:00:00,370.06,3809.98,41.0,10410.6,9129.9,47.76,1,26.0
UNIT_0023,2027-01-26 22:00:00,369.72,3809.91,40.63,10414.6,9047.1,47.76,0,41.0
UNIT_0022,2027-01-10 20:00:00,370.01,3815.49,40.62,10422.2,9045.3,47.76,0,66.0
UNIT_0011,2026-07-02 22:00:00,368.96,3820.59,40.7,10445.4,9062.2,47.76,0,180.0
UNIT_0025,2027-02-25 10:00:00,369.75,3811.91,40.75,10409.8,9072.7,47.76,0,64.0
UNIT_0013,2026-08-05 16:00:00,369.77,3815.08,40.7,10432.4,9058.1,47.76,0,108.0
UNIT_0007,2026-05-07 12:00:00,369.08,3812.46,40.75,10423.4,9079.4,47.76,0,44.0
UNIT_0024,2027-02-02 00:00:00,368.88,3815.22,40.71,10443.4,9063.7,47.76,0,115.0
UNIT_0021,2026-12-26 12:00:00,369.38,3815.9,40.79,10415.0,9081.9,47.76,0,48.0
UNIT_0017,2026-10-08 12:00:00,369.01,3821.35,40.72,10440.8,9063.3,47.76,0,214.0
UNIT_0031,2027-05-21 10:00:00,369.09,3824.59,40.69,10438.6,9056.3,47.76,0,155.0
UNIT_0033,2027-07-03 12:00:00,369.71,3811.77,40.67,10418.4,9062.3,47.76,1,29.0
UNIT_0013,2026-08-08 10:00:00,370.05,3821.83,40.72,10426.4,9066.4,47.76,0,75.0
UNIT_0038,2027-09-04 10:00:00,368.94,3815.97,40.62,10420.6,9054.5,47.76,0,172.0
UNIT_0029,2027-04-15 10:00:00,369.55,3823.97,40.73,10453.0,9070.1,47.76,0,159.0
UNIT_0047,2028-02-04 00:00:00,369.09,3810.46,40.73,10449.4,9066.1,47.76,0,96.0
UNIT_0045,2028-01-03 10:00:00,370.19,3802.8,40.8,10403.8,9097.9,47.76,1,5.0
UNIT_0012,2026-07-22 20:00:00,369.9,3810.25,40.6,10426.2,9049.8,47.76,0,111.0
UNIT_0043,2027-11-21 18:00:00,368.35,3818.04,40.65,10441.8,9048.4,47.76,0,167.0
UNIT_0034,2027-07-18 04:00:00,369.58,3813.91,40.81,10418.6,9089.9,47.76,0,48.0
UNIT_0033,2027-07-05 22:00:00,370.78,3800.94,40.64,10396.2,9050.9,47.76,1,0.0
UNIT_0022,2027-01-12 16:00:00,370.07,3805.77,40.65,10404.2,9047.5,47.76,0,44.0
UNIT_0028,2027-04-11 14:00:00,369.73,3820.46,40.73,10430.8,9066.9,47.76,0,42.0
UNIT_0017,2026-10-23 10:00:00,369.81,3814.25,40.95,10431.8,9125.0,47.76,0,35.0
UNIT_0030,2027-05-13 02:00:00,369.9,3806.8,40.67,10415.6,9052.2,47.76,1,21.0
UNIT_0031,2027-05-15 08:00:00,369.33,3824.8,40.68,10442.8,9061.9,47.76,0,228.0
UNIT_0046,2028-01-04 18:00:00,369.2,3820.46,40.72,10442.6,9057.1,47.76,0,245.0
UNIT_0028,2027-04-06 22:00:00,369.15,3818.87,40.74,10447.4,9068.4,47.76,0,98.0
UNIT_0027,2027-03-30 16:00:00,370.28,3808.18,40.87,10412.6,9103.9,47.76,1,20.0
UNIT_0003,2026-02-13 02:00:00,368.79,3820.94,40.7,10440.0,9057.0,47.76,0,140.0
UNIT_0031,2027-05-25 04:00:00,369.19,3821.01,40.7,10433.6,9056.8,47.76,0,110.0
UNIT_0035,2027-07-27 00:00:00,369.12,3821.35,40.68,10426.0,9062.2,47.76,0,123.0
UNIT_0041,2027-10-26 08:00:00,369.73,3814.73,40.78,10430.0,9078.3,47.76,0,81.0
UNIT_0007,2026-04-28 22:00:00,369.13,3822.87,40.74,10434.8,9070.7,47.76,0,147.0
UNIT_0023,2027-01-24 16:00:00,369.36,3809.56,40.64,10414.4,9053.5,47.76,0,68.0
UNIT_0022,2027-01-07 08:00:00,369.59,3815.35,40.64,10419.2,9054.9,47.76,0,108.0
UNIT_0014,2026-08-19 02:00:00,370.0,3818.46,40.7,10421.8,9055.4,47.76,0,127.0
UNIT_0024,2027-02-09 14:00:00,370.1,3808.67,40.66,10417.4,9058.4,47.76,1,24.0
UNIT_0001,2026-01-11 14:00:00,369.32,3811.01,40.66,10439.2,9056.6,47.76,0,64.0
UNIT_0017,2026-10-17 12:00:00,369.69,3822.39,40.79,10446.2,9080.0,47.76,0,106.0
UNIT_0041,2027-10-27 02:00:00,369.74,3815.77,40.8,10443.0,9082.8,47.76,0,72.0
UNIT_0021,2026-12-26 04:00:00,370.04,3818.46,40.77,10423.0,9078.9,47.76,0,52.0
UNIT_0012,2026-07-23 04:00:00,369.42,3814.25,40.64,10430.8,9044.2,47.76,0,107.0
UNIT_0018,2026-11-10 18:00:00,369.91,3807.63,41.22,10421.2,9178.8,47.76,1,10.0
UNIT_0035,2027-07-28 00:00:00,368.95,3820.94,40.71,10438.6,9059.9,47.76,0,111.0
UNIT_0030,2027-05-07 08:00:00,369.28,3820.32,40.71,10440.4,9062.1,47.76,0,90.0
UNIT_0030,2027-05-02 16:00:00,368.97,3824.18,40.74,10446.8,9062.4,47.76,0,146.0
UNIT_0046,2028-01-07 20:00:00,368.57,3820.94,40.7,10448.6,9058.8,47.76,0,208.0
UNIT_0050,2028-03-25 04:00:00,369.29,3813.63,40.72,10435.8,9070.8,47.76,0,138.0
UNIT_0007,2026-05-03 18:00:00,369.37,3813.91,40.74,10435.6,9067.3,47.76,0,89.0
UNIT_0024,2027-02-06 18:00:00,368.89,3814.73,40.7,10438.8,9062.7,47.76,0,58.0
UNIT_0035,2027-07-31 06:00:00,369.29,3815.28,40.72,10431.4,9061.5,47.76,0,72.0
UNIT_0017,2026-10-24 16:00:00,370.05,3813.97,41.04,10410.6,9143.1,47.76,1,20.0
UNIT_0020,2026-11-26 06:00:00,369.48,3820.18,40.69,10403.8,9050.6,47.76,0,216.0
UNIT_0001,2026-01-05 02:00:00,369.62,3819.15,40.64,10446.6,9048.6,47.76,0,142.0
UNIT_0027,2027-03-30 02:00:00,369.67,3807.15,40.85,10416.8,9091.6,47.76,1,27.0
UNIT_0050,2028-04-04 18:00:00,370.7,3807.42,40.92,10405.0,9117.4,47.76,1,11.0
UNIT_0005,2026-03-15 22:00:00,369.67,3824.87,40.75,10444.2,9074.0,47.76,0,228.0
UNIT_0013,2026-08-07 00:00:00,369.58,3821.42,40.7,10424.2,9062.2,47.76,0,92.0
UNIT_0003,2026-02-13 00:00:00,368.57,3820.46,40.67,10436.2,9062.1,47.76,0,141.0
UNIT_0016,2026-09-22 00:00:00,369.65,3811.97,40.68,10416.4,9067.1,47.76,0,136.0
UNIT_0015,2026-09-03 18:00:00,369.14,3824.87,40.71,10453.0,9062.1,47.76,0,146.0
UNIT_0007,2026-04-29 16:00:00,369.06,3821.77,40.78,10441.4,9067.3,47.76,0,138.0
UNIT_0001,2026-01-12 14:00:00,369.9,3806.94,40.65,10425.4,9055.8,47.76,0,52.0
UNIT_0010,2026-06-10 08:00:00,369.33,3818.32,40.68,10452.4,9047.3,47.76,0,211.0
UNIT_0012,2026-07-18 04:00:00,369.2,3816.94,40.64,10429.6,9033.9,47.76,0,167.0
UNIT_0016,2026-09-24 10:00:00,370.3,3814.8,40.67,10419.4,9058.7,47.76,0,107.0
UNIT_0026,2027-03-04 14:00:00,369.58,3813.42,40.64,10421.8,9050.2,47.76,0,177.0
UNIT_0001,2026-01-10 08:00:00,369.53,3812.18,40.65,10435.0,9053.2,47.76,0,79.0
UNIT_0022,2027-01-15 22:00:00,370.65,3803.98,40.63,10389.2,9063.2,47.77,1,5.0
UNIT_0023,2027-01-18 22:00:00,369.14,3817.21,40.66,10419.4,9051.2,47.76,0,137.0
UNIT_0041,2027-10-29 10:00:00,369.12,3810.39,40.86,10427.2,9094.4,47.76,0,44.0
UNIT_0016,2026-09-28 20:00:00,370.16,3811.08,40.67,10416.2,9053.4,47.76,0,54.0
UNIT_0023,2027-01-26 20:00:00,369.88,3810.46,40.65,10410.8,9050.9,47.76,0,42.0
UNIT_0042,2027-11-08 06:00:00,369.35,3817.84,40.72,10443.2,9058.7,47.76,0,122.0
UNIT_0040,2027-10-10 06:00:00,369.43,3812.11,40.74,10419.6,9074.4,47.76,0,58.0
UNIT_0022,2027-01-14 20:00:00,370.5,3809.77,40.62,10409.0,9049.5,47.76,1,18.0
UNIT_0036,2027-08-14 08:00:00,370.06,3814.32,40.67,10428.4,9054.5,47.76,0,61.0
UNIT_0016,2026-10-01 02:00:00,370.25,3803.63,40.66,10407.6,9071.2,47.76,1,27.0
UNIT_0039,2027-09-21 12:00:00,369.79,3812.94,40.61,10429.2,9041.8,47.76,0,95.0
UNIT_0033,2027-07-04 10:00:00,369.58,3810.39,40.68,10408.2,9059.3,47.76,1,18.0
UNIT_0020,2026-12-06 00:00:00,369.49,3812.94,40.68,10426.0,9064.4,47.76,0,99.0
UNIT_0022,2027-01-03 08:00:00,369.33,3814.59,40.62,10421.2,9045.8,47.76,0,156.0
UNIT_0045,2027-12-22 08:00:00,368.6,3825.42,40.72,10452.0,9071.2,47.76,0,150.0
UNIT_0044,2027-12-17 16:00:00,369.43,3808.8,40.75,10428.2,9072.7,47.76,0,48.0
UNIT_0038,2027-09-08 08:00:00,369.86,3811.84,40.64,10421.0,9052.3,47.76,0,125.0
UNIT_0016,2026-09-26 12:00:00,369.85,3813.42,40.69,10411.0,9056.3,47.76,0,82.0
UNIT_0042,2027-11-16 04:00:00,370.73,3812.11,40.69,10416.8,9063.6,47.76,1,27.0
UNIT_0002,2026-02-07 14:00:00,369.79,3806.05,40.79,10410.8,9078.6,47.76,1,27.0
UNIT_0018,2026-11-07 22:00:00,369.18,3811.01,40.87,10440.8,9111.3,47.76,0,44.0
UNIT_0046,2028-01-17 02:00:00,369.3,3821.14,40.69,10433.0,9066.2,47.76,0,97.0
UNIT_0025,2027-02-20 12:00:00,369.47,3813.01,40.66,10428.6,9048.5,47.76,0,123.0
UNIT_0018,2026-11-02 06:00:00,369.19,3818.04,40.71,10440.2,9061.5,47.76,0,112.0
UNIT_0014,2026-08-19 06:00:00,369.41,3819.97,40.69,10427.0,9061.5,47.76,0,125.0
UNIT_0004,2026-02-24 20:00:00,369.45,3819.49,40.66,10438.8,9051.1,47.76,0,188.0
UNIT_0040,2027-10-02 20:00:00,369.29,3813.56,40.69,10428.0,9057.9,47.76,0,147.0
UNIT_0040,2027-10-02 16:00:00,369.33,3813.77,40.69,10410.4,9059.4,47.76,0,149.0
UNIT_0023,2027-01-21 00:00:00,369.81,3819.28,40.66,10427.0,9054.6,47.76,0,112.0
UNIT_0005,2026-03-25 06:00:00,369.47,3822.39,40.78,10441.4,9073.6,47.76,0,116.0
UNIT_0002,2026-02-02 10:00:00,370.06,3819.28,40.73,10430.0,9059.2,47.76,0,89.0
UNIT_0017,2026-10-11 22:00:00,369.26,3823.08,40.75,10436.8,9069.9,47.76,0,173.0
UNIT_0007,2026-05-04 00:00:00,369.86,3812.73,40.75,10429.6,9076.4,47.76,0,86.0
UNIT_0011,2026-07-06 16:00:00,369.34,3818.46,40.7,10453.8,9066.0,47.76,0,135.0
UNIT_0012,2026-07-18 20:00:00,369.32,3820.66,40.63,10416.0,9051.3,47.76,0,159.0
UNIT_0047,2028-02-01 14:00:00,369.68,3821.9,40.73,10450.2,9065.1,47.76,0,125.0
UNIT_0005,2026-03-24 16:00:00,369.62,3819.01,40.78,10438.2,9076.2,47.76,0,123.0
UNIT_0025,2027-02-21 10:00:00,369.38,3817.56,40.68,10436.6,9052.8,47.76,0,112.0
UNIT_0019,2026-11-23 20:00:00,370.33,3804.74,40.59,10397.0,9043.2,47.77,1,11.0
UNIT_0015,2026-09-05 16:00:00,369.02,3822.32,40.72,10452.4,9054.9,47.76,0,123.0
UNIT_0017,2026-10-10 04:00:00,368.94,3824.66,40.71,10445.4,9061.4,47.76,0,194.0
UNIT_0041,2027-10-20 02:00:00,368.86,3819.49,40.75,10433.0,9065.3,47.76,0,156.0
UNIT_0046,2028-01-05 08:00:00,369.33,3827.01,40.7,10452.2,9062.0,47.76,0,238.0
UNIT_0024,2027-02-02 10:00:00,368.81,3822.52,40.74,10440.0,9054.2,47.76,0,110.0
UNIT_0006,2026-04-18 18:00:00,370.63,3800.67,40.57,10394.0,9032.9,47.77,1,10.0
UNIT_0009,2026-06-02 00:00:00,369.54,3821.01,40.81,10447.8,9075.2,47.76,0,89.0
UNIT_0014,2026-08-28 10:00:00,370.05,3805.22,40.89,10411.4,9100.5,47.76,1,15.0
UNIT_0021,2026-12-14 18:00:00,369.22,3819.35,40.65,10434.0,9048.4,47.76,0,189.0
UNIT_0012,2026-07-31 06:00:00,370.49,3800.94,40.63,10401.0,9054.8,47.77,1,10.0
UNIT_0047,2028-02-01 00:00:00,369.15,3821.7,40.75,10443.4,9066.2,47.76,0,132.0
UNIT_0009,2026-06-08 22:00:00,369.55,3806.94,41.31,10414.2,9205.7,47.76,1,6.0
UNIT_0001,2026-01-04 12:00:00,369.09,3817.49,40.64,10454.8,9057.9,47.76,0,149.0
UNIT_0048,2028-03-01 22:00:00,370.6,3808.18,41.36,10402.8,9209.0,47.76,1,4.0
UNIT_0002,2026-01-31 16:00:00,369.2,3823.76,40.7,10439.0,9058.0,47.76,0,110.0
UNIT_0006,2026-04-06 22:00:00,369.73,3817.7,40.6,10417.8,9038.0,47.76,0,152.0
UNIT_0040,2027-10-09 00:00:00,369.34,3812.8,40.75,10421.4,9066.0,47.76,0,73.0
UNIT_0032,2027-06-14 20:00:00,369.36,3808.94,40.68,10424.6,9060.0,47.76,0,53.0
UNIT_0030,2027-05-08 16:00:00,369.58,3821.08,40.71,10448.8,9053.6,47.76,0,74.0
UNIT_0033,2027-06-27 06:00:00,369.1,3822.87,40.72,10459.0,9056.8,47.76,0,104.0
UNIT_0039,2027-09-20 02:00:00,369.85,3816.18,40.64,10435.0,9042.8,47.76,0,112.0
UNIT_0020,2026-12-13 16:00:00,370.15,3804.94,40.7,10408.6,9068.5,47.76,1,7.0
UNIT_0021,2026-12-24 06:00:00,369.67,3820.46,40.68,10426.8,9063.6,47.76,0,75.0
UNIT_0040,2027-10-10 22:00:00,369.69,3808.32,40.74,10423.2,9087.5,47.76,0,50.0
UNIT_0034,2027-07-14 12:00:00,369.73,3818.04,40.71,10423.8,9059.6,47.76,0,92.0
UNIT_0001,2026-01-15 12:00:00,370.46,3803.43,40.63,10407.6,9042.7,47.76,1,17.0
UNIT_0009,2026-06-08 14:00:00,370.23,3809.49,41.24,10415.8,9183.9,47.76,1,10.0
UNIT_0005,2026-04-02 14:00:00,370.44,3803.22,40.97,10416.4,9129.9,47.76,1,16.0
UNIT_0042,2027-11-08 04:00:00,369.62,3817.08,40.69,10438.0,9060.7,47.76,0,123.0
UNIT_0017,2026-10-12 00:00:00,368.89,3825.83,40.75,10451.2,9063.3,47.76,0,172.0
UNIT_0007,2026-05-09 04:00:00,369.91,3808.94,40.74,10412.0,9075.2,47.76,1,24.0
UNIT_0011,2026-07-11 00:00:00,369.46,3822.25,40.74,10445.2,9070.7,47.76,0,83.0
UNIT_0048,2028-02-15 00:00:00,369.05,3819.08,40.74,10449.0,9057.9,47.76,0,195.0
UNIT_0007,2026-04-24 14:00:00,369.04,3822.73,40.76,10439.8,9074.6,47.76,0,199.0
UNIT_0037,2027-08-23 00:00:00,369.44,3814.8,40.64,10434.0,9041.9,47.76,0,127.0
UNIT_0034,2027-07-07 06:00:00,369.26,3814.73,40.69,10433.2,9062.0,47.76,0,179.0
UNIT_0026,2027-03-15 08:00:00,369.89,3810.39,40.77,10409.8,9077.3,47.76,0,48.0
UNIT_0035,2027-07-22 22:00:00,369.28,3812.8,40.69,10428.4,9048.7,47.76,0,172.0
UNIT_0048,2028-02-28 10:00:00,369.54,3814.66,41.03,10434.4,9142.2,47.76,0,34.0
UNIT_0004,2026-02-26 16:00:00,369.26,3823.08,40.67,10439.4,9049.8,47.76,0,166.0
UNIT_0048,2028-02-16 06:00:00,369.08,3822.18,40.73,10443.2,9075.2,47.76,0,180.0
UNIT_0048,2028-02-14 20:00:00,369.16,3817.84,40.72,10452.4,9071.0,47.76,0,197.0
UNIT_0018,2026-11-02 08:00:00,368.94,3819.97,40.75,10442.8,9059.2,47.76,0,111.0
UNIT_0008,2026-05-19 10:00:00,368.99,3809.22,40.62,10414.8,9040.5,47.76,0,51.0
UNIT_0003,2026-02-12 08:00:00,369.06,3820.04,40.7,10447.0,9051.8,47.76,0,149.0
UNIT_0001,2026-01-14 20:00:00,369.87,3809.84,40.61,10409.8,9042.0,47.76,1,25.0
UNIT_0028,2027-04-04 02:00:00,368.95,3825.7,40.74,10450.6,9063.8,47.76,0,132.0
UNIT_0043,2027-11-23 14:00:00,368.58,3819.49,40.68,10436.4,9062.0,47.76,0,145.0
UNIT_0005,2026-03-25 20:00:00,369.13,3818.59,40.78,10433.0,9082.3,47.76,0,109.0
UNIT_0050,2028-03-22 14:00:00,369.77,3819.42,40.75,10431.4,9061.7,47.76,0,169.0
UNIT_0010,2026-06-09 12:00:00,368.77,3822.25,40.69,10450.8,9051.5,47.76,0,221.0
UNIT_0017,2026-10-19 04:00:00,369.1,3818.73,40.81,10432.4,9087.4,47.76,0,86.0
UNIT_0049,2028-03-13 18:00:00,369.31,3810.87,40.63,10425.6,9040.0,47.76,0,77.0
UNIT_0050,2028-03-23 12:00:00,370.04,3822.11,40.73,10446.2,9059.9,47.76,0,158.0
UNIT_0033,2027-06-22 00:00:00,368.63,3823.35,40.72,10445.2,9060.1,47.76,0,167.0
UNIT_0025,2027-02-20 20:00:00,369.0,3813.7,40.67,10429.2,9054.0,47.76,0,119.0
UNIT_0012,2026-07-31 08:00:00,369.95,3806.67,40.62,10394.4,9045.9,47.77,1,9.0
UNIT_0005,2026-04-03 00:00:00,370.29,3809.35,41.0,10411.8,9137.5,47.76,1,11.0
UNIT_0019,2026-11-19 22:00:00,370.06,3812.39,40.63,10408.6,9053.7,47.76,0,58.0
UNIT_0039,2027-09-19 22:00:00,369.94,3815.42,40.63,10432.4,9049.8,47.76,0,114.0
UNIT_0009,2026-05-27 00:00:00,369.23,3820.52,40.72,10442.0,9065.3,47.76,0,161.0
UNIT_0027,2027-03-19 12:00:00,369.45,3822.39,40.69,10439.0,9062.2,47.76,0,154.0
UNIT_0037,2027-09-01 00:00:00,370.05,3806.05,40.61,10408.8,9046.2,47.77,1,19.0
UNIT_0015,2026-09-01 00:00:00,368.76,3828.45,40.71,10461.0,9059.8,47.76,0,179.0
UNIT_0046,2028-01-18 20:00:00,369.53,3811.56,40.69,10428.4,9064.7,47.76,0,76.0
UNIT_0029,2027-04-25 12:00:00,370.16,3812.46,40.67,10416.0,9056.2,47.77,0,38.0
UNIT_0001,2026-01-13 16:00:00,369.84,3810.6,40.62,10413.8,9049.4,47.76,0,39.0
UNIT_0040,2027-10-03 20:00:00,369.2,3813.28,40.67,10424.0,9054.6,47.76,0,135.0
UNIT_0029,2027-04-19 06:00:00,369.35,3818.18,40.69,10438.4,9059.7,47.76,0,113.0
UNIT_0019,2026-11-22 14:00:00,370.24,3806.25,40.6,10410.4,9051.5,47.77,1,26.0
UNIT_0047,2028-02-01 06:00:00,369.1,3817.01,40.75,10450.0,9063.2,47.76,0,129.0
UNIT_0013,2026-08-01 16:00:00,369.54,3813.91,40.7,10426.2,9057.3,47.76,0,156.0
UNIT_0014,2026-08-20 02:00:00,369.9,3818.94,40.73,10419.6,9057.5,47.76,0,115.0
UNIT_0031,2027-05-24 04:00:00,369.17,3819.21,40.7,10447.6,9056.2,47.76,0,122.0
UNIT_0017,2026-10-23 22:00:00,369.98,3812.8,40.97,10420.6,9132.1,47.76,1,29.0
UNIT_0018,2026-11-07 04:00:00,369.42,3816.94,40.86,10434.2,9090.2,47.76,0,53.0
UNIT_0050,2028-04-02 12:00:00,369.64,3811.7,40.82,10418.4,9089.7,47.76,0,38.0
UNIT_0003,2026-02-13 08:00:00,369.46,3821.83,40.7,10440.4,9059.0,47.76,0,137.0
UNIT_0041,2027-11-01 10:00:00,370.53,3803.84,41.01,10401.2,9141.5,47.76,1,8.0
UNIT_0022,2027-01-14 04:00:00,369.89,3806.25,40.62,10406.2,9047.2,47.76,1,26.0
UNIT_0034,2027-07-19 20:00:00,369.77,3808.04,40.9,10411.6,9108.1,47.76,1,28.0
UNIT_0009,2026-06-01 20:00:00,368.88,3816.73,40.78,10448.0,9082.4,47.76,0,91.0
UNIT_0020,2026-12-07 12:00:00,369.71,3813.56,40.7,10419.6,9061.3,47.76,0,81.0
UNIT_0031,2027-05-28 08:00:00,369.87,3819.15,40.67,10435.8,9055.6,47.76,0,72.0
UNIT_0045,2027-12-30 12:00:00,369.33,3816.46,40.8,10424.4,9081.0,47.76,0,52.0
UNIT_0048,2028-02-29 08:00:00,370.18,3814.46,41.12,10425.8,9155.2,47.76,1,23.0
UNIT_0040,2027-10-08 02:00:00,370.06,3818.46,40.74,10419.8,9070.5,47.76,0,84.0
UNIT_0002,2026-01-26 18:00:00,368.8,3819.42,40.71,10444.6,9055.6,47.76,0,169.0
UNIT_0040,2027-10-06 08:00:00,369.94,3813.97,40.68,10420.8,9064.5,47.76,0,105.0
UNIT_0042,2027-11-17 04:00:00,370.55,3803.43,40.71,10392.2,9066.4,47.77,1,15.0
UNIT_0045,2027-12-23 08:00:00,368.96,3819.7,40.75,10432.4,9071.1,47.76,0,138.0
UNIT_0018,2026-10-27 22:00:00,368.74,3828.45,40.7,10443.8,9060.1,47.76,0,176.0
UNIT_0018,2026-10-29 20:00:00,368.87,3821.9,40.72,10447.2,9061.1,47.76,0,153.0
UNIT_0019,2026-11-14 14:00:00,369.68,3814.11,40.63,10426.8,9054.3,47.76,0,122.0
UNIT_0017,2026-10-15 12:00:00,369.27,3819.35,40.76,10432.8,9079.6,47.76,0,130.0
UNIT_0023,2027-01-18 14:00:00,369.28,3818.52,40.65,10441.2,9054.7,47.76,0,141.0
UNIT_0002,2026-01-18 02:00:00,368.51,3822.94,40.7,10461.4,9047.3,47.76,0,273.0
UNIT_0050,2028-03-31 00:00:00,369.84,3814.04,40.76,10419.0,9085.3,47.76,0,68.0
UNIT_0006,2026-04-05 14:00:00,369.48,3813.91,40.61,10426.4,9045.9,47.76,0,168.0
UNIT_0048,2028-02-22 00:00:00,369.29,3821.56,40.81,10445.4,9069.0,47.76,0,111.0
UNIT_0014,2026-08-18 02:00:00,369.58,3817.77,40.68,10437.4,9061.3,47.76,0,139.0
UNIT_0018,2026-10-29 02:00:00,369.16,3825.76,40.72,10453.6,9055.1,47.76,0,162.0
UNIT_0002,2026-01-26 10:00:00,368.98,3827.28,40.69,10442.6,9055.7,47.76,0,173.0
UNIT_0009,2026-06-04 02:00:00,369.48,3821.08,40.83,10427.4,9092.4,47.76,0,64.0
UNIT_0040,2027-10-02 02:00:00,369.98,3822.18,40.7,10430.2,9064.1,47.76,0,156.0
UNIT_0010,2026-06-15 16:00:00,368.86,3822.18,40.68,10442.0,9052.8,47.76,0,147.0
UNIT_0016,2026-09-28 00:00:00,370.05,3808.46,40.67,10424.6,9054.5,47.76,0,64.0
UNIT_0014,2026-08-22 04:00:00,368.96,3811.91,40.75,10424.4,9065.8,47.76,0,90.0
UNIT_0022,2027-01-12 06:00:00,369.69,3809.63,40.64,10412.6,9048.6,47.76,0,49.0
UNIT_0029,2027-04-15 04:00:00,369.7,3822.52,40.72,10438.4,9055.1,47.76,0,162.0
UNIT_0048,2028-02-21 00:00:00,369.28,3823.9,40.78,10436.2,9069.4,47.76,0,123.0
UNIT_0016,2026-09-17 02:00:00,369.41,3809.29,40.68,10428.6,9063.5,47.76,0,195.0
UNIT_0025,2027-02-16 14:00:00,369.35,3816.11,40.63,10433.2,9048.4,47.76,0,170.0
UNIT_0020,2026-12-05 06:00:00,369.76,3810.8,40.69,10427.2,9052.6,47.76,0,108.0
UNIT_0010,2026-06-15 14:00:00,369.02,3819.01,40.7,10447.8,9051.0,47.76,0,148.0
UNIT_0037,2027-08-20 10:00:00,369.88,3816.87,40.64,10428.8,9047.1,47.76,0,158.0
UNIT_0046,2028-01-10 12:00:00,369.13,3819.83,40.7,10445.2,9057.4,47.76,0,176.0
UNIT_0034,2027-07-06 02:00:00,369.01,3817.08,40.72,10424.0,9063.2,47.76,0,193.0
UNIT_0002,2026-02-01 22:00:00,369.03,3813.42,40.71,10434.0,9071.9,47.76,0,95.0
UNIT_0029,2027-04-15 12:00:00,369.61,3815.42,40.7,10433.2,9062.1,47.76,0,158.0
UNIT_0021,2026-12-25 22:00:00,369.6,3817.63,40.75,10426.0,9071.6,47.76,0,55.0
UNIT_0017,2026-10-10 08:00:00,369.68,3822.73,40.73,10448.4,9063.4,47.76,0,192.0
UNIT_0016,2026-09-21 00:00:00,369.42,3810.66,40.67,10428.4,9054.5,47.76,0,148.0
UNIT_0051,2028-04-12 22:00:00,369.28,3819.7,40.76,10451.0,9077.0,47.76,0,126.0
UNIT_0014,2026-08-16 06:00:00,369.39,3819.42,40.7,10426.0,9061.0,47.76,0,161.0
UNIT_0032,2027-06-12 18:00:00,369.88,3812.8,40.67,10419.0,9051.6,47.76,0,78.0
UNIT_0050,2028-04-04 22:00:00,370.07,3802.32,40.94,10395.4,9119.3,47.76,1,9.0
UNIT_0045,2027-12-31 06:00:00,369.22,3816.8,40.76,10413.0,9072.0,47.76,0,43.0
UNIT_0043,2027-11-23 20:00:00,369.24,3816.39,40.7,10453.8,9058.2,47.76,0,142.0
UNIT_0031,2027-05-19 02:00:00,369.34,3821.9,40.69,10437.2,9049.2,47.76,0,183.0
UNIT_0019,2026-11-16 08:00:00,369.7,3811.42,40.61,10419.6,9038.9,47.76,0,101.0
UNIT_0046,2028-01-14 02:00:00,369.09,3817.35,40.68,10444.4,9060.7,47.76,0,133.0
UNIT_0024,2027-02-03 00:00:00,368.9,3823.49,40.74,10441.8,9069.5,47.76,0,103.0
UNIT_0021,2026-12-23 08:00:00,369.23,3813.15,40.68,10428.4,9064.0,47.76,0,86.0
UNIT_0002,2026-01-22 02:00:00,368.66,3823.28,40.68,10435.6,9048.8,47.76,0,225.0
UNIT_0041,2027-10-20 22:00:00,368.76,3820.73,40.77,10437.6,9069.3,47.76,0,146.0
UNIT_0049,2028-03-10 04:00:00,369.44,3817.77,40.63,10426.8,9047.8,47.76,0,120.0
UNIT_0037,2027-08-31 08:00:00,370.11,3803.77,40.59,10406.4,9039.2,47.77,1,27.0
UNIT_0002,2026-01-24 04:00:00,369.21,3825.01,40.7,10451.8,9056.4,47.76,0,200.0
UNIT_0016,2026-09-29 00:00:00,370.25,3809.49,40.69,10410.2,9059.8,47.76,0,52.0
UNIT_0012,2026-07-26 16:00:00,369.74,3814.18,40.62,10412.0,9041.9,47.76,0,65.0
UNIT_0002,2026-01-25 02:00:00,368.58,3823.63,40.7,10458.4,9056.9,47.76,0,189.0
UNIT_0031,2027-05-23 04:00:00,368.79,3823.9,40.68,10429.8,9058.6,47.76,0,134.0
UNIT_0015,2026-09-14 06:00:00,369.44,3808.6,40.64,10414.8,9046.8,47.76,1,20.0
UNIT_0042,2027-11-08 22:00:00,369.03,3816.11,40.67,10436.0,9066.7,47.76,0,114.0
UNIT_0039,2027-09-26 04:00:00,369.97,3812.18,40.58,10418.8,9039.9,47.76,0,39.0
UNIT_0032,2027-06-18 14:00:00,370.18,3807.77,40.77,10401.8,9081.3,47.76,1,8.0
UNIT_0025,2027-03-01 02:00:00,370.2,3807.84,40.92,10404.0,9118.4,47.76,1,20.0
UNIT_0037,2027-08-30 22:00:00,370.29,3804.39,40.62,10417.0,9046.2,47.76,0,32.0
UNIT_0050,2028-03-20 18:00:00,369.22,3819.08,40.74,10431.8,9062.9,47.76,0,191.0
UNIT_0043,2027-12-02 04:00:00,369.78,3815.77,40.67,10429.2,9052.2,47.76,0,42.0
UNIT_0031,2027-05-26 02:00:00,368.41,3821.08,40.7,10432.2,9058.7,47.76,0,99.0
UNIT_0040,2027-10-09 04:00:00,369.84,3808.18,40.75,10428.8,9071.4,47.76,0,71.0
UNIT_0002,2026-01-23 12:00:00,368.47,3821.01,40.68,10445.2,9057.4,47.76,0,208.0
UNIT_0031,2027-05-16 18:00:00,368.98,3820.32,40.71,10446.6,9049.4,47.76,0,211.0
UNIT_0023,2027-01-16 20:00:00,369.48,3814.66,40.66,10430.8,9054.4,47.76,0,162.0
UNIT_0047,2028-01-30 16:00:00,369.25,3821.42,40.73,10441.6,9067.0,47.76,0,148.0
UNIT_0050,2028-03-27 22:00:00,369.28,3818.73,40.74,10421.2,9067.0,47.76,0,105.0
UNIT_0015,2026-09-05 14:00:00,369.13,3823.49,40.67,10436.4,9057.9,47.76,0,124.0
UNIT_0031,2027-06-01 02:00:00,369.45,3808.18,40.66,10397.6,9052.9,47.76,1,27.0
UNIT_0045,2028-01-01 16:00:00,369.73,3813.01,40.8,10413.2,9082.6,47.76,1,26.0
UNIT_0021,2026-12-17 14:00:00,369.5,3817.01,40.64,10435.4,9055.9,47.76,0,155.0
UNIT_0016,2026-09-26 04:00:00,369.86,3805.22,40.71,10420.2,9057.4,47.76,0,86.0
UNIT_0007,2026-04-26 22:00:00,369.75,3814.53,40.74,10445.2,9073.3,47.76,0,171.0
UNIT_0020,2026-11-28 06:00:00,369.53,3814.94,40.68,10433.6,9054.5,47.76,0,192.0
UNIT_0021,2026-12-26 16:00:00,369.76,3809.63,40.79,10423.8,9080.6,47.76,0,46.0
UNIT_0041,2027-10-26 06:00:00,369.02,3818.32,40.79,10435.6,9076.8,47.76,0,82.0
UNIT_0038,2027-09-05 00:00:00,369.49,3818.94,40.64,10428.6,9048.0,47.76,0,165.0
UNIT_0038,2027-09-13 16:00:00,369.73,3813.63,40.71,10416.6,9068.1,47.76,0,61.0
UNIT_0001,2026-01-07 22:00:00,369.49,3819.08,40.66,10430.8,9050.5,47.76,0,108.0
UNIT_0005,2026-03-14 18:00:00,369.07,3821.56,40.77,10450.0,9070.7,47.76,0,242.0
UNIT_0049,2028-03-11 10:00:00,369.58,3810.39,40.64,10423.6,9051.7,47.76,0,105.0
UNIT_0039,2027-09-29 06:00:00,371.09,3804.11,40.54,10393.2,9031.6,47.77,1,2.0
UNIT_0022,2027-01-15 18:00:00,370.4,3800.94,40.6,10390.8,9054.3,47.76,1,7.0
UNIT_0022,2027-01-11 00:00:00,370.38,3812.8,40.67,10410.4,9048.3,47.76,0,64.0
UNIT_0023,2027-01-23 06:00:00,369.54,3815.84,40.65,10424.0,9056.6,47.76,0,85.0
UNIT_0010,2026-06-19 20:00:00,368.99,3820.04,40.71,10422.8,9059.0,47.76,0,97.0
UNIT_0049,2028-03-18 20:00:00,370.76,3806.8,40.69,10392.2,9060.4,47.76,1,16.0
UNIT_0035,2027-07-30 18:00:00,369.63,3817.97,40.69,10435.4,9071.3,47.76,0,78.0
UNIT_0012,2026-07-24 04:00:00,369.49,3813.28,40.64,10415.0,9043.6,47.76,0,95.0
UNIT_0020,2026-11-26 12:00:00,369.44,3819.83,40.66,10429.6,9052.3,47.76,0,213.0
UNIT_0011,2026-07-14 02:00:00,369.94,3819.56,40.81,10438.8,9093.3,47.76,0,46.0
UNIT_0047,2028-01-31 08:00:00,368.6,3823.97,40.73,10446.4,9065.7,47.76,0,140.0
UNIT_0036,2027-08-11 00:00:00,369.05,3815.35,40.71,10427.2,9068.4,47.76,0,101.0
UNIT_0025,2027-02-25 04:00:00,370.05,3817.97,40.71,10423.2,9069.4,47.76,0,67.0
UNIT_0048,2028-02-20 08:00:00,369.23,3825.21,40.72,10441.4,9071.6,47.76,0,131.0
UNIT_0024,2027-01-31 12:00:00,369.29,3820.8,40.72,10443.6,9065.3,47.76,0,133.0
UNIT_0048,2028-02-20 14:00:00,368.76,3822.73,40.75,10440.0,9069.2,47.76,0,128.0
UNIT_0048,2028-02-23 12:00:00,368.88,3820.87,40.82,10438.0,9086.9,47.76,0,93.0
UNIT_0033,2027-06-25 22:00:00,369.28,3823.28,40.72,10452.4,9060.2,47.76,0,120.0
UNIT_0034,2027-07-08 02:00:00,369.62,3820.87,40.7,10437.8,9062.4,47.76,0,169.0
UNIT_0037,2027-08-26 02:00:00,369.6,3813.77,40.62,10424.8,9042.2,47.76,0,90.0
UNIT_0012,2026-07-20 02:00:00,369.61,3814.11,40.61,10430.8,9051.6,47.76,0,144.0
UNIT_0028,2027-04-06 00:00:00,368.42,3825.49,40.72,10444.2,9062.7,47.76,0,109.0
UNIT_0006,2026-04-12 08:00:00,369.34,3813.7,40.61,10424.4,9034.7,47.76,0,87.0
UNIT_0045,2027-12-26 14:00:00,368.96,3821.28,40.73,10441.2,9069.2,47.76,0,99.0
UNIT_0031,2027-05-17 16:00:00,368.93,3828.73,40.72,10443.4,9050.7,47.76,0,200.0
UNIT_0035,2027-07-27 02:00:00,369.46,3811.42,40.68,10439.4,9055.0,47.76,0,122.0
UNIT_0005,2026-03-30 16:00:00,369.99,3814.18,40.87,10436.8,9096.5,47.76,0,51.0
UNIT_0019,2026-11-12 12:00:00,369.98,3811.77,40.64,10436.2,9049.8,47.76,0,147.0
UNIT_0022,2027-01-03 12:00:00,369.17,3816.39,40.63,10417.8,9043.6,47.76,0,154.0
UNIT_0035,2027-07-26 14:00:00,369.38,3811.97,40.69,10441.8,9058.4,47.76,0,128.0
UNIT_0034,2027-07-18 08:00:00,369.55,3813.08,40.82,10419.4,9088.0,47.76,0,46.0
UNIT_0028,2027-04-06 06:00:00,368.95,3826.87,40.73,10446.8,9070.1,47.76,0,106.0
UNIT_0031,2027-05-15 16:00:00,369.49,3822.73,40.69,10445.8,9053.9,47.76,0,224.0
UNIT_0046,2028-01-07 02:00:00,369.36,3816.53,40.71,10457.0,9059.8,47.76,0,217.0
UNIT_0030,2027-05-06 16:00:00,368.93,3821.77,40.72,10444.2,9057.3,47.76,0,98.0
UNIT_0011,2026-06-30 02:00:00,368.94,3821.9,40.69,10448.4,9061.2,47.76,0,214.0
UNIT_0015,2026-09-08 16:00:00,368.55,3820.11,40.69,10436.2,9055.3,47.76,0,87.0
UNIT_0005,2026-04-03 02:00:00,370.63,3801.91,41.02,10402.4,9136.3,47.76,1,10.0
UNIT_0034,2027-07-09 12:00:00,369.25,3817.21,40.7,10434.8,9058.2,47.76,0,152.0
UNIT_0004,2026-02-27 16:00:00,369.27,3817.77,40.68,10429.8,9054.0,47.76,0,154.0
UNIT_0051,2028-04-09 18:00:00,368.5,3820.94,40.75,10441.8,9068.8,47.76,0,164.0
UNIT_0025,2027-02-18 00:00:00,369.48,3815.42,40.67,10433.0,9052.6,47.76,0,153.0
UNIT_0033,2027-07-04 18:00:00,369.91,3805.36,40.7,10415.6,9059.9,47.76,1,14.0
UNIT_0044,2027-12-08 16:00:00,369.43,3820.8,40.73,10444.8,9073.6,47.76,0,156.0
UNIT_0022,2026-12-31 02:00:00,369.48,3816.87,40.64,10411.0,9040.3,47.76,0,195.0
UNIT_0014,2026-08-19 10:00:00,369.92,3813.56,40.74,10422.8,9063.8,47.76,0,123.0
UNIT_0019,2026-11-24 10:00:00,370.84,3801.29,40.59,10396.0,9042.0,47.77,1,4.0
UNIT_0036,2027-08-18 12:00:00,370.49,3803.43,40.67,10396.6,9054.0,47.76,1,11.0
UNIT_0045,2027-12-29 22:00:00,369.38,3825.21,40.76,10428.6,9079.9,47.76,0,59.0
UNIT_0039,2027-09-20 12:00:00,369.64,3815.63,40.64,10431.8,9050.1,47.76,0,107.0
UNIT_0039,2027-09-20 08:00:00,369.58,3815.63,40.63,10439.0,9047.5,47.76,0,109.0
UNIT_0003,2026-02-22 08:00:00,369.93,3815.22,40.93,10435.4,9108.8,47.76,1,29.0
UNIT_0012,2026-07-24 06:00:00,369.41,3815.01,40.62,10425.4,9051.1,47.76,0,94.0
UNIT_0032,2027-06-04 22:00:00,369.13,3818.66,40.65,10435.4,9046.8,47.76,0,172.0
UNIT_0036,2027-08-08 08:00:00,369.19,3815.28,40.66,10431.8,9056.7,47.76,0,133.0
UNIT_0019,2026-11-15 16:00:00,369.61,3811.49,40.62,10417.8,9047.2,47.76,0,109.0
UNIT_0046,2028-01-19 02:00:00,369.56,3812.8,40.7,10439.4,9059.4,47.76,0,73.0
UNIT_0013,2026-08-10 00:00:00,369.8,3812.46,40.76,10419.4,9077.4,47.76,0,56.0
UNIT_0047,2028-01-29 22:00:00,369.01,3824.52,40.71,10446.4,9071.8,47.76,0,157.0
UNIT_0018,2026-11-08 22:00:00,369.7,3815.9,40.97,10429.8,9127.4,47.76,0,32.0
UNIT_0011,2026-07-01 08:00:00,368.47,3821.49,40.69,10445.2,9055.6,47.76,0,199.0
UNIT_0050,2028-04-05 12:00:00,370.17,3801.77,40.97,10397.6,9129.6,47.76,1,2.0
UNIT_0047,2028-02-11 22:00:00,370.75,3805.42,40.88,10403.6,9109.3,47.76,1,1.0
UNIT_0017,2026-10-04 12:00:00,368.38,3820.87,40.71,10448.8,9066.8,47.76,0,262.0
UNIT_0032,2027-06-13 14:00:00,369.98,3808.04,40.68,10415.0,9055.5,47.76,0,68.0
UNIT_0014,2026-08-21 06:00:00,369.9,3816.32,40.71,10423.6,9056.2,47.76,0,101.0
UNIT_0020,2026-12-09 02:00:00,369.17,3810.66,40.69,10421.6,9065.3,47.76,0,62.0
UNIT_0032,2027-06-14 14:00:00,370.4,3815.63,40.69,10418.6,9064.0,47.76,0,56.0
UNIT_0008,2026-05-20 16:00:00,369.81,3811.08,40.62,10406.0,9040.5,47.76,0,36.0
UNIT_0020,2026-11-25 22:00:00,369.16,3812.53,40.68,10433.4,9059.5,47.76,0,220.0
UNIT_0022,2027-01-06 08:00:00,369.88,3813.15,40.58,10426.6,9045.6,47.76,0,120.0
UNIT_0015,2026-09-02 16:00:00,369.08,3822.18,40.72,10442.4,9054.3,47.76,0,159.0
UNIT_0046,2028-01-21 10:00:00,369.42,3807.15,40.7,10424.0,9061.2,47.76,0,45.0
UNIT_0040,2027-10-10 04:00:00,369.97,3805.49,40.74,10422.6,9074.7,47.76,0,59.0
UNIT_0029,2027-04-22 20:00:00,369.99,3815.7,40.74,10438.8,9063.0,47.76,0,70.0
UNIT_0038,2027-09-13 02:00:00,370.21,3812.53,40.72,10421.4,9064.0,47.76,0,68.0
UNIT_0012,2026-07-28 14:00:00,369.78,3814.59,40.64,10402.8,9045.0,47.76,0,42.0
UNIT_0044,2027-12-08 20:00:00,369.27,3819.49,40.75,10458.2,9069.5,47.76,0,154.0
UNIT_0011,2026-07-17 10:00:00,370.5,3803.77,41.05,10417.2,9145.4,47.76,1,6.0
UNIT_0025,2027-02-18 22:00:00,369.62,3814.46,40.68,10421.6,9044.8,47.76,0,142.0
UNIT_0030,2027-05-06 06:00:00,369.12,3821.83,40.73,10449.0,9062.7,47.76,0,103.0
UNIT_0011,2026-07-04 18:00:00,369.22,3821.01,40.68,10448.4,9056.4,47.76,0,158.0
UNIT_0030,2027-05-03 06:00:00,369.27,3822.8,40.72,10461.6,9067.7,47.76,0,139.0
UNIT_0011,2026-07-04 20:00:00,369.34,3822.59,40.7,10433.2,9058.9,47.76,0,157.0
UNIT_0017,2026-10-05 04:00:00,369.06,3821.97,40.7,10448.6,9061.5,47.76,0,254.0
UNIT_0034,2027-07-16 02:00:00,370.18,3815.63,40.75,10425.2,9078.0,47.76,0,73.0
UNIT_0018,2026-10-26 14:00:00,369.25,3825.21,40.71,10435.0,9068.0,47.76,0,192.0
UNIT_0050,2028-03-29 16:00:00,369.3,3816.46,40.74,10422.0,9063.2,47.76,0,84.0
UNIT_0018,2026-10-29 14:00:00,369.58,3821.35,40.7,10434.4,9068.3,47.76,0,156.0
UNIT_0040,2027-10-05 06:00:00,369.91,3821.56,40.72,10434.4,9060.1,47.76,0,118.0
UNIT_0033,2027-06-21 00:00:00,368.9,3820.46,40.74,10467.6,9062.6,47.76,0,179.0
UNIT_0016,2026-09-17 14:00:00,369.67,3814.32,40.67,10425.0,9057.9,47.76,0,189.0
UNIT_0001,2026-01-08 02:00:00,368.69,3817.56,40.65,10436.4,9047.3,47.76,0,106.0
UNIT_0030,2027-05-13 18:00:00,370.12,3801.84,40.64,10414.2,9054.9,47.76,1,13.0
UNIT_0014,2026-08-22 10:00:00,369.63,3811.84,40.74,10418.0,9069.6,47.76,0,87.0
UNIT_0018,2026-11-02 22:00:00,369.33,3821.28,40.74,10440.4,9062.4,47.76,0,104.0
UNIT_0018,2026-11-02 14:00:00,368.91,3823.35,40.75,10435.0,9067.8,47.76,0,108.0
UNIT_0050,2028-03-27 04:00:00,369.71,3813.97,40.72,10434.0,9070.8,47.76,0,114.0
UNIT_0026,2027-03-06 20:00:00,369.59,3812.66,40.61,10424.2,9050.2,47.76,0,150.0
UNIT_0029,2027-04-23 02:00:00,369.5,3812.66,40.71,10429.8,9065.5,47.76,0,67.0
UNIT_0023,2027-01-18 12:00:00,369.51,3822.52,40.66,10433.0,9049.3,47.76,0,142.0
UNIT_0010,2026-06-18 06:00:00,369.01,3825.97,40.71,10444.2,9060.8,47.76,0,116.0
UNIT_0041,2027-10-15 14:00:00,369.48,3818.94,40.73,10461.8,9060.4,47.76,0,210.0
UNIT_0012,2026-07-30 10:00:00,370.19,3808.46,40.64,10406.0,9050.6,47.76,1,20.0
UNIT_0043,2027-11-22 12:00:00,369.22,3822.25,40.68,10441.6,9052.0,47.76,0,158.0
UNIT_0047,2028-02-07 04:00:00,369.3,3813.77,40.79,10429.4,9076.8,47.76,0,58.0
UNIT_0016,2026-09-25 16:00:00,370.21,3808.11,40.71,10402.4,9059.2,47.76,0,92.0
UNIT_0003,2026-02-13 06:00:00,369.64,3824.39,40.72,10453.8,9060.6,47.76,0,138.0
UNIT_0027,2027-03-24 04:00:00,369.42,3812.53,40.72,10425.2,9069.5,47.76,0,98.0
UNIT_0034,2027-07-18 12:00:00,369.7,3808.87,40.81,10412.8,9091.2,47.76,0,44.0
UNIT_0015,2026-08-30 06:00:00,369.26,3817.7,40.72,10445.8,9060.1,47.76,0,200.0
UNIT_0002,2026-01-21 08:00:00,368.85,3821.97,40.69,10454.6,9051.8,47.76,0,234.0
UNIT_0030,2027-05-10 04:00:00,369.59,3812.87,40.71,10430.2,9062.9,47.76,0,56.0
UNIT_0023,2027-01-28 20:00:00,370.1,3801.63,40.63,10403.6,9051.6,47.77,1,18.0
UNIT_0049,2028-03-08 06:00:00,369.34,3810.94,40.61,10429.2,9044.8,47.76,0,143.0
UNIT_0017,2026-10-13 10:00:00,368.48,3823.35,40.71,10435.6,9075.6,47.76,0,155.0
UNIT_0035,2027-08-01 14:00:00,369.39,3811.97,40.75,10424.0,9061.0,47.76,0,56.0
UNIT_0034,2027-07-15 00:00:00,369.32,3814.11,40.73,10434.0,9067.1,47.76,0,86.0
UNIT_0038,2027-09-10 12:00:00,369.75,3809.98,40.68,10424.6,9048.5,47.76,0,99.0
UNIT_0031,2027-05-30 18:00:00,370.05,3812.04,40.65,10421.0,9051.5,47.76,0,43.0
UNIT_0037,2027-08-28 04:00:00,369.63,3815.7,40.61,10423.6,9036.0,47.76,0,65.0
UNIT_0028,2027-04-05 02:00:00,368.72,3828.18,40.75,10448.0,9067.0,47.76,0,120.0
UNIT_0010,2026-06-16 18:00:00,369.56,3820.87,40.72,10437.8,9055.7,47.76,0,134.0
UNIT_0005,2026-03-15 18:00:00,368.67,3826.87,40.74,10448.6,9066.6,47.76,0,230.0
UNIT_0005,2026-03-14 10:00:00,368.42,3823.01,40.78,10454.0,9067.6,47.76,0,246.0
UNIT_0049,2028-03-18 08:00:00,370.6,3805.56,40.67,10407.4,9056.6,47.76,1,22.0
UNIT_0029,2027-04-22 16:00:00,369.04,3818.39,40.7,10432.8,9054.2,47.76,0,72.0
UNIT_0002,2026-01-30 16:00:00,369.02,3817.7,40.67,10445.6,9061.0,47.76,0,122.0
UNIT_0050,2028-04-05 14:00:00,370.58,3800.25,40.97,10389.6,9133.0,47.76,1,1.0
UNIT_0027,2027-03-31 06:00:00,370.12,3809.35,40.91,10410.6,9118.6,47.76,1,13.0
UNIT_0042,2027-11-14 18:00:00,369.31,3810.04,40.71,10428.4,9064.8,47.76,0,44.0
UNIT_0033,2027-06-21 12:00:00,368.64,3824.66,40.71,10455.2,9056.7,47.76,0,173.0
UNIT_0040,2027-10-05 00:00:00,369.44,3816.66,40.7,10426.4,9058.3,47.76,0,121.0
UNIT_0006,2026-04-17 06:00:00,370.46,3802.87,40.59,10412.2,9032.9,47.76,1,28.0
UNIT_0009,2026-06-07 12:00:00,370.15,3811.35,41.09,10433.2,9151.4,47.76,1,23.0
UNIT_0045,2027-12-25 20:00:00,368.47,3821.28,40.78,10447.4,9072.6,47.76,0,108.0
UNIT_0033,2027-07-02 08:00:00,369.12,3816.32,40.71,10430.4,9063.1,47.76,0,43.0
UNIT_0049,2028-03-12 22:00:00,369.46,3816.18,40.65,10415.4,9053.4,47.76,0,87.0
UNIT_0017,2026-10-24 22:00:00,370.12,3809.49,41.05,10416.8,9144.7,47.76,1,17.0
UNIT_0029,2027-04-28 06:00:00,370.21,3801.08,40.62,10390.8,9052.0,47.77,1,5.0
UNIT_0025,2027-02-18 04:00:00,369.55,3811.91,40.68,10423.8,9049.6,47.76,0,151.0
UNIT_0007,2026-05-09 20:00:00,370.35,3805.08,40.73,10403.4,9071.0,47.76,1,16.0
UNIT_0012,2026-07-18 08:00:00,369.66,3813.28,40.63,10429.4,9045.8,47.76,0,165.0
UNIT_0019,2026-11-15 14:00:00,369.58,3813.15,40.62,10429.0,9039.3,47.76,0,110.0
UNIT_0016,2026-09-27 08:00:00,370.11,3807.29,40.65,10412.4,9057.8,47.76,0,72.0
UNIT_0043,2027-12-01 22:00:00,369.24,3818.46,40.63,10427.0,9054.6,47.76,0,45.0
UNIT_0017,2026-10-03 12:00:00,368.98,3821.77,40.7,10441.4,9062.1,47.76,0,274.0
UNIT_0003,2026-02-11 00:00:00,369.01,3821.83,40.71,10433.8,9056.6,47.76,0,165.0
UNIT_0017,2026-10-19 14:00:00,369.7,3821.56,40.82,10439.4,9086.5,47.76,0,81.0
UNIT_0034,2027-07-10 08:00:00,369.45,3813.77,40.73,10442.6,9063.7,47.76,0,142.0
UNIT_0006,2026-04-04 00:00:00,369.58,3812.73,40.58,10433.8,9037.3,47.76,0,187.0
UNIT_0029,2027-04-15 18:00:00,369.3,3818.39,40.7,10432.6,9054.0,47.76,0,155.0
UNIT_0045,2028-01-02 04:00:00,370.27,3809.49,40.78,10411.4,9083.3,47.76,1,20.0
UNIT_0031,2027-05-28 04:00:00,369.78,3819.83,40.72,10429.2,9057.4,47.76,0,74.0
UNIT_0050,2028-04-02 06:00:00,370.13,3814.25,40.8,10421.8,9083.5,47.76,0,41.0
UNIT_0045,2028-01-02 06:00:00,369.79,3810.11,40.79,10404.4,9081.3,47.76,1,19.0
UNIT_0034,2027-07-13 22:00:00,369.17,3815.28,40.7,10436.2,9071.3,47.76,0,99.0
UNIT_0051,2028-04-09 00:00:00,369.15,3824.66,40.73,10448.2,9066.2,47.76,0,173.0
UNIT_0041,2027-10-26 18:00:00,369.49,3813.91,40.78,10422.2,9075.4,47.76,0,76.0
UNIT_0018,2026-10-31 18:00:00,368.77,3820.87,40.71,10441.6,9059.0,47.76,0,130.0
UNIT_0012,2026-07-28 08:00:00,370.44,3808.39,40.65,10418.2,9046.1,47.76,0,45.0
UNIT_0029,2027-04-19 02:00:00,369.65,3817.56,40.71,10430.2,9058.3,47.76,0,115.0
UNIT_0026,2027-03-13 18:00:00,369.56,3812.46,40.7,10423.6,9065.6,47.76,0,67.0
UNIT_0033,2027-06-28 04:00:00,368.91,3819.08,40.72,10438.4,9059.7,47.76,0,93.0
UNIT_0014,2026-08-20 22:00:00,369.49,3812.8,40.71,10428.8,9061.5,47.76,0,105.0
UNIT_0031,2027-05-29 04:00:00,369.88,3818.8,40.66,10426.8,9060.8,47.76,0,62.0
UNIT_0019,2026-11-14 10:00:00,369.47,3814.46,40.64,10428.8,9039.2,47.76,0,124.0
UNIT_0048,2028-02-25 16:00:00,369.35,3815.9,40.85,10433.6,9101.2,47.76,0,67.0
UNIT_0049,2028-03-04 16:00:00,370.02,3813.91,40.59,10426.2,9041.8,47.76,0,186.0
UNIT_0044,2027-12-18 14:00:00,369.71,3813.97,40.74,10421.6,9080.1,47.76,0,37.0
UNIT_0008,2026-05-22 08:00:00,370.87,3806.32,40.59,10409.4,9049.4,47.77,1,16.0
UNIT_0029,2027-04-19 18:00:00,369.31,3811.97,40.69,10422.6,9062.1,47.76,0,107.0
UNIT_0043,2027-11-29 06:00:00,369.23,3817.42,40.69,10428.0,9050.2,47.76,0,77.0
UNIT_0030,2027-05-10 22:00:00,368.9,3819.77,40.71,10420.4,9058.3,47.76,0,47.0
UNIT_0010,2026-06-21 00:00:00,368.98,3814.32,40.74,10434.0,9064.7,47.76,0,83.0
UNIT_0009,2026-05-29 00:00:00,368.84,3826.45,40.74,10439.4,9069.1,47.76,0,137.0
UNIT_0033,2027-07-01 16:00:00,369.81,3817.28,40.7,10431.4,9058.6,47.76,0,51.0
UNIT_0017,2026-10-04 02:00:00,368.92,3822.25,40.71,10445.8,9057.4,47.76,0,267.0
UNIT_0024,2027-02-03 10:00:00,368.9,3820.66,40.74,10427.4,9057.9,47.76,0,98.0
UNIT_0044,2027-12-13 12:00:00,369.13,3817.63,40.77,10432.2,9072.6,47.76,0,98.0
UNIT_0034,2027-07-20 02:00:00,370.07,3807.84,40.9,10406.2,9113.2,47.76,1,25.0
UNIT_0008,2026-05-13 16:00:00,369.93,3809.01,40.61,10425.2,9044.9,47.76,0,120.0
UNIT_0009,2026-05-24 14:00:00,369.18,3817.01,40.72,10455.0,9067.6,47.76,0,190.0
UNIT_0002,2026-01-18 22:00:00,368.84,3816.25,40.68,10445.0,9052.4,47.76,0,263.0
UNIT_0032,2027-06-12 04:00:00,369.3,3812.53,40.68,10418.4,9058.3,47.76,0,85.0
UNIT_0043,2027-11-20 00:00:00,368.91,3817.49,40.67,10453.6,9055.6,47.76,0,188.0
UNIT_0003,2026-02-10 20:00:00,369.46,3815.9,40.71,10441.4,9049.2,47.76,0,167.0
UNIT_0047,2028-02-01 02:00:00,368.87,3820.87,40.74,10456.0,9068.7,47.76,0,131.0
UNIT_0017,2026-10-18 06:00:00,369.82,3817.7,40.78,10430.2,9080.1,47.76,0,97.0
UNIT_0025,2027-03-02 04:00:00,370.05,3804.11,41.02,10407.6,9137.1,47.76,1,7.0
UNIT_0026,2027-03-09 06:00:00,369.5,3817.9,40.67,10426.0,9045.1,47.76,0,121.0
UNIT_0017,2026-10-13 22:00:00,369.08,3819.42,40.72,10438.0,9069.4,47.76,0,149.0
UNIT_0047,2028-02-06 12:00:00,369.41,3813.56,40.76,10439.4,9077.8,47.76,0,66.0
UNIT_0040,2027-10-05 12:00:00,369.2,3811.22,40.69,10420.6,9063.0,47.76,0,115.0
UNIT_0028,2027-04-05 10:00:00,368.9,3821.97,40.72,10440.2,9068.6,47.76,0,116.0
UNIT_0001,2026-01-03 02:00:00,369.01,3820.46,40.66,10445.6,9047.1,47.76,0,166.0
UNIT_0017,2026-10-20 16:00:00,369.05,3818.66,40.86,10425.0,9090.2,47.76,0,68.0
UNIT_0012,2026-07-20 18:00:00,369.42,3813.49,40.62,10432.8,9036.3,47.76,0,136.0
UNIT_0016,2026-09-30 12:00:00,370.18,3807.77,40.67,10411.2,9057.8,47.77,0,34.0
UNIT_0026,2027-03-11 02:00:00,369.96,3817.01,40.65,10418.8,9053.8,47.76,0,99.0
UNIT_0045,2027-12-27 22:00:00,368.94,3822.32,40.77,10435.2,9077.7,47.76,0,83.0
UNIT_0007,2026-05-10 08:00:00,369.98,3810.94,40.73,10400.2,9082.2,47.76,1,10.0
UNIT_0047,2028-02-06 10:00:00,369.47,3817.56,40.74,10427.4,9081.4,47.76,0,67.0
UNIT_0044,2027-12-20 10:00:00,370.15,3806.25,40.77,10405.2,9074.4,47.76,1,15.0
UNIT_0019,2026-11-19 14:00:00,369.9,3810.53,40.63,10425.4,9043.8,47.76,0,62.0
UNIT_0017,2026-10-11 12:00:00,369.31,3819.28,40.71,10444.4,9065.9,47.76,0,178.0
UNIT_0022,2027-01-13 10:00:00,370.4,3808.32,40.63,10408.6,9049.1,47.76,0,35.0
UNIT_0005,2026-03-23 14:00:00,369.13,3819.08,40.76,10432.4,9070.0,47.76,0,136.0
UNIT_0013,2026-08-10 06:00:00,369.98,3815.63,40.76,10416.0,9078.6,47.76,0,53.0
UNIT_0009,2026-06-03 22:00:00,369.11,3818.25,40.86,10442.8,9093.5,47.76,0,66.0
UNIT_0041,2027-10-26 16:00:00,369.63,3813.84,40.79,10436.8,9085.1,47.76,0,77.0
UNIT_0043,2027-11-18 16:00:00,368.8,3820.18,40.71,10438.8,9059.0,47.76,0,204.0
UNIT_0036,2027-08-19 10:00:00,370.16,3803.84,40.62,10388.0,9051.2,47.77,1,0.0
UNIT_0037,2027-09-01 06:00:00,370.06,3806.8,40.59,10403.6,9047.6,47.77,1,16.0
UNIT_0029,2027-04-22 18:00:00,369.35,3815.7,40.7,10421.0,9061.4,47.76,0,71.0
UNIT_0003,2026-02-12 22:00:00,368.53,3828.52,40.7,10442.8,9055.8,47.76,0,142.0
UNIT_0045,2027-12-30 18:00:00,369.48,3819.15,40.79,10433.2,9082.3,47.76,0,49.0
UNIT_0043,2027-11-23 10:00:00,369.01,3820.18,40.68,10446.4,9056.6,47.76,0,147.0
UNIT_0005,2026-04-02 20:00:00,370.51,3801.77,41.02,10409.2,9129.2,47.76,1,13.0
UNIT_0016,2026-10-01 00:00:00,369.63,3803.98,40.66,10404.6,9056.9,47.76,1,28.0
UNIT_0037,2027-08-25 10:00:00,369.66,3812.87,40.64,10434.0,9044.0,47.76,0,98.0
UNIT_0038,2027-09-08 18:00:00,369.3,3815.08,40.68,10419.6,9053.0,47.76,0,120.0
UNIT_0047,2028-01-27 10:00:00,368.2,3824.04,40.74,10449.0,9067.5,47.76,0,187.0
UNIT_0043,2027-11-26 18:00:00,369.12,3820.18,40.68,10444.4,9052.9,47.76,0,107.0
UNIT_0020,2026-11-30 00:00:00,369.55,3817.63,40.7,10431.8,9057.2,47.76,0,171.0
UNIT_0002,2026-01-17 04:00:00,368.4,3827.56,40.7,10451.6,9054.2,47.76,0,284.0
UNIT_0023,2027-01-28 14:00:00,370.34,3803.91,40.65,10418.8,9050.4,47.76,1,21.0
UNIT_0003,2026-02-23 14:00:00,369.81,3812.39,41.08,10422.0,9150.5,47.76,1,14.0
UNIT_0047,2028-01-28 10:00:00,368.53,3820.32,40.74,10436.6,9068.8,47.76,0,175.0
UNIT_0016,2026-10-01 18:00:00,370.64,3804.39,40.68,10403.6,9060.3,47.76,1,19.0
UNIT_0016,2026-09-17 16:00:00,369.91,3813.56,40.67,10423.4,9053.0,47.76,0,188.0
UNIT_0033,2027-06-24 16:00:00,369.34,3820.87,40.7,10447.2,9059.2,47.76,0,135.0
UNIT_0017,2026-10-25 22:00:00,370.4,3807.15,41.14,10410.4,9175.6,47.76,1,5.0
UNIT_0046,2028-01-22 22:00:00,370.2,3804.39,40.68,10430.6,9054.5,47.76,1,27.0
UNIT_0021,2026-12-27 00:00:00,369.95,3812.46,40.78,10413.8,9082.6,47.76,0,42.0
UNIT_0051,2028-04-12 16:00:00,369.29,3818.94,40.77,10436.8,9068.2,47.76,0,129.0
UNIT_0011,2026-07-03 22:00:00,369.17,3819.42,40.72,10440.0,9057.2,47.76,0,168.0
UNIT_0022,2027-01-15 08:00:00,370.07,3804.94,40.64,10397.8,9053.3,47.77,1,12.0
UNIT_0038,2027-09-02 16:00:00,369.1,3818.52,40.61,10426.8,9050.2,47.76,0,193.0
UNIT_0018,2026-11-06 20:00:00,369.44,3816.59,40.82,10441.4,9088.9,47.76,0,57.0
UNIT_0005,2026-03-23 00:00:00,368.71,3819.63,40.76,10442.4,9077.5,47.76,0,143.0
UNIT_0023,2027-01-17 14:00:00,369.15,3815.22,40.65,10425.4,9057.5,47.76,0,153.0
UNIT_0004,2026-03-01 22:00:00,369.54,3817.9,40.68,10427.8,9045.3,47.76,0,127.0
UNIT_0046,2028-01-22 10:00:00,369.83,3813.7,40.64,10406.0,9057.5,47.76,0,33.0
UNIT_0031,2027-05-28 22:00:00,369.4,3819.7,40.68,10424.4,9058.3,47.76,0,65.0
UNIT_0048,2028-02-25 20:00:00,369.36,3820.11,40.86,10436.6,9102.8,47.76,0,65.0
UNIT_0019,2026-11-21 16:00:00,370.05,3802.87,40.63,10406.4,9043.4,47.76,0,37.0
UNIT_0014,2026-08-22 14:00:00,369.87,3817.7,40.76,10420.4,9065.8,47.76,0,85.0
UNIT_0013,2026-08-02 20:00:00,369.1,3813.91,40.66,10425.2,9054.8,47.76,0,142.0
UNIT_0020,2026-12-02 10:00:00,370.05,3820.04,40.68,10425.0,9057.9,47.76,0,142.0
UNIT_0031,2027-06-01 12:00:00,370.2,3806.32,40.63,10398.0,9051.6,47.76,1,22.0
UNIT_0001,2026-01-03 16:00:00,369.56,3823.9,40.67,10438.2,9047.1,47.76,0,159.0
UNIT_0043,2027-11-24 06:00:00,369.51,3821.97,40.69,10433.0,9051.0,47.76,0,137.0
UNIT_0046,2028-01-06 22:00:00,369.29,3822.25,40.7,10447.8,9064.8,47.76,0,219.0
UNIT_0050,2028-03-29 04:00:00,369.41,3820.87,40.74,10435.8,9068.6,47.76,0,90.0
UNIT_0020,2026-12-05 14:00:00,369.3,3809.63,40.7,10425.6,9068.8,47.76,0,104.0
UNIT_0046,2028-01-16 16:00:00,369.29,3820.73,40.69,10436.0,9063.9,47.76,0,102.0
UNIT_0028,2027-04-07 16:00:00,369.48,3822.45,40.71,10453.0,9060.5,47.76,0,89.0
UNIT_0008,2026-05-22 10:00:00,370.07,3805.29,40.61,10395.6,9046.2,47.77,1,15.0
UNIT_0014,2026-08-21 16:00:00,369.48,3815.56,40.69,10425.8,9062.2,47.76,0,96.0
UNIT_0011,2026-07-05 04:00:00,369.15,3825.97,40.7,10450.4,9065.1,47.76,0,153.0
UNIT_0030,2027-04-30 20:00:00,369.36,3826.38,40.72,10451.0,9064.2,47.76,0,168.0
UNIT_0049,2028-03-16 04:00:00,369.89,3806.73,40.66,10417.6,9051.7,47.76,0,48.0
UNIT_0018,2026-11-10 16:00:00,370.41,3809.01,41.19,10409.4,9174.9,47.76,1,11.0
UNIT_0019,2026-11-19 04:00:00,369.95,3810.46,40.65,10423.8,9045.0,47.76,0,67.0
UNIT_0033,2027-06-20 02:00:00,368.99,3819.63,40.75,10456.8,9054.6,47.76,0,190.0
UNIT_0048,2028-02-23 06:00:00,369.32,3827.97,40.79,10425.4,9076.2,47.76,0,96.0
UNIT_0046,2028-01-15 20:00:00,369.24,3820.25,40.71,10436.4,9061.3,47.76,0,112.0
UNIT_0034,2027-07-10 22:00:00,369.84,3812.6,40.71,10434.2,9054.1,47.76,0,135.0
UNIT_0041,2027-10-27 20:00:00,369.73,3812.39,40.82,10417.8,9082.2,47.76,0,63.0
UNIT_0018,2026-11-10 04:00:00,369.59,3811.97,41.13,10416.8,9157.3,47.76,1,17.0
UNIT_0050,2028-03-25 12:00:00,369.06,3813.77,40.73,10434.2,9057.2,47.76,0,134.0
UNIT_0016,2026-09-26 22:00:00,369.87,3810.8,40.69,10412.8,9057.3,47.76,0,77.0
UNIT_0040,2027-10-13 04:00:00,370.3,3809.98,40.85,10406.4,9102.9,47.76,1,23.0
UNIT_0019,2026-11-23 22:00:00,369.86,3805.42,40.58,10408.6,9044.3,47.77,1,10.0
UNIT_0019,2026-11-22 08:00:00,370.29,3807.77,40.62,10417.2,9043.5,47.76,1,29.0
UNIT_0011,2026-07-09 18:00:00,369.81,3825.01,40.73,10451.4,9063.2,47.76,0,98.0
UNIT_0035,2027-07-22 12:00:00,369.05,3823.42,40.7,10448.0,9067.8,47.76,0,177.0
UNIT_0007,2026-04-27 18:00:00,369.31,3817.28,40.73,10450.4,9069.6,47.76,0,161.0
UNIT_0004,2026-03-03 14:00:00,369.51,3818.04,40.68,10437.4,9053.3,47.76,0,107.0
UNIT_0021,2026-12-22 12:00:00,368.84,3819.15,40.68,10433.2,9055.7,47.76,0,96.0
UNIT_0050,2028-04-01 18:00:00,369.34,3813.42,40.79,10414.8,9085.0,47.76,0,47.0
UNIT_0038,2027-09-05 16:00:00,369.51,3816.46,40.67,10438.8,9049.8,47.76,0,157.0
UNIT_0039,2027-09-19 12:00:00,368.98,3815.77,40.62,10436.2,9051.4,47.76,0,119.0
UNIT_0019,2026-11-17 22:00:00,369.94,3811.84,40.64,10420.2,9048.8,47.76,0,82.0
UNIT_0044,2027-12-21 06:00:00,370.3,3802.8,40.8,10398.6,9081.8,47.76,1,5.0
UNIT_0013,2026-08-10 18:00:00,370.24,3811.77,40.77,10424.4,9069.0,47.76,0,47.0
UNIT_0033,2027-06-27 00:00:00,369.49,3824.25,40.74,10447.2,9059.2,47.76,0,107.0
UNIT_0050,2028-03-27 14:00:00,369.28,3818.87,40.74,10437.0,9070.2,47.76,0,109.0
UNIT_0004,2026-02-26 04:00:00,368.91,3816.73,40.65,10447.0,9050.6,47.76,0,172.0
UNIT_0036,2027-08-16 02:00:00,369.85,3812.53,40.69,10425.2,9061.8,47.76,0,40.0
UNIT_0032,2027-06-15 00:00:00,369.47,3809.42,40.7,10420.6,9063.2,47.76,0,51.0
UNIT_0019,2026-11-17 02:00:00,370.0,3819.63,40.64,10420.8,9043.6,47.76,0,92.0
UNIT_0009,2026-06-01 06:00:00,368.78,3819.97,40.79,10437.2,9068.6,47.76,0,98.0
UNIT_0048,2028-03-01 18:00:00,370.72,3807.91,41.33,10409.4,9198.8,47.76,1,6.0
UNIT_0050,2028-03-30 20:00:00,369.7,3810.66,40.77,10425.0,9076.8,47.76,0,70.0
UNIT_0047,2028-02-06 18:00:00,369.42,3818.73,40.77,10432.6,9081.5,47.76,0,63.0
UNIT_0023,2027-01-23 18:00:00,369.63,3811.63,40.66,10431.0,9051.4,47.76,0,79.0
UNIT_0045,2027-12-26 08:00:00,368.97,3820.04,40.77,10437.6,9070.3,47.76,0,102.0
UNIT_0010,2026-06-25 00:00:00,370.3,3807.15,40.8,10418.4,9086.9,47.76,0,35.0
UNIT_0040,2027-10-05 14:00:00,369.38,3812.11,40.71,10427.0,9061.6,47.76,0,114.0
UNIT_0008,2026-05-20 10:00:00,369.96,3808.8,40.61,10414.0,9050.1,47.76,0,39.0
UNIT_0010,2026-06-25 02:00:00,369.8,3813.84,40.78,10415.2,9079.3,47.76,0,34.0
UNIT_0021,2026-12-18 02:00:00,368.85,3815.63,40.65,10431.4,9045.2,47.76,0,149.0
UNIT_0035,2027-08-03 20:00:00,370.26,3807.36,40.78,10420.6,9083.2,47.76,1,29.0
UNIT_0007,2026-05-10 00:00:00,370.85,3804.67,40.75,10397.2,9080.5,47.76,1,14.0
UNIT_0049,2028-03-06 20:00:00,369.51,3815.97,40.63,10430.2,9049.2,47.76,0,160.0
UNIT_0017,2026-10-04 22:00:00,368.98,3823.76,40.71,10450.4,9059.9,47.76,0,257.0
UNIT_0049,2028-03-09 14:00:00,369.58,3812.94,40.64,10422.6,9049.8,47.76,0,127.0
UNIT_0002,2026-01-30 14:00:00,369.67,3821.83,40.69,10434.8,9055.6,47.76,0,123.0
UNIT_0026,2027-03-09 00:00:00,369.78,3813.08,40.67,10421.8,9045.8,47.76,0,124.0
UNIT_0007,2026-05-02 18:00:00,369.29,3818.25,40.71,10434.2,9070.4,47.76,0,101.0
UNIT_0039,2027-09-28 08:00:00,370.51,3800.74,40.57,10405.8,9034.8,47.76,1,13.0
UNIT_0048,2028-02-22 02:00:00,368.88,3817.15,40.77,10447.6,9069.3,47.76,0,110.0
UNIT_0016,2026-09-26 08:00:00,370.13,3811.97,40.69,10424.6,9065.1,47.76,0,84.0
UNIT_0005,2026-03-20 06:00:00,368.99,3825.07,40.74,10447.8,9067.0,47.76,0,176.0
UNIT_0026,2027-03-05 22:00:00,369.63,3814.66,40.64,10426.2,9051.0,47.76,0,161.0
UNIT_0030,2027-05-09 14:00:00,369.54,3815.35,40.73,10438.2,9059.8,47.76,0,63.0
UNIT_0041,2027-10-19 22:00:00,368.89,3814.59,40.74,10437.0,9063.5,47.76,0,158.0
UNIT_0009,2026-05-26 22:00:00,369.36,3822.11,40.78,10443.8,9061.3,47.76,0,162.0
UNIT_0048,2028-02-29 00:00:00,370.19,3808.94,41.08,10428.8,9146.1,47.76,1,27.0
UNIT_0039,2027-09-26 02:00:00,370.08,3810.73,40.6,10417.2,9041.7,47.76,0,40.0
UNIT_0009,2026-05-28 16:00:00,369.39,3819.56,40.74,10444.2,9068.8,47.76,0,141.0
UNIT_0006,2026-04-10 16:00:00,369.23,3818.39,40.59,10419.4,9043.5,47.76,0,107.0
UNIT_0009,2026-06-06 12:00:00,369.81,3817.84,40.97,10429.4,9123.3,47.76,0,35.0
UNIT_0013,2026-08-11 08:00:00,369.97,3811.08,40.81,10417.4,9082.7,47.76,0,40.0
UNIT_0016,2026-09-22 06:00:00,369.5,3808.46,40.68,10426.2,9062.5,47.76,0,133.0
UNIT_0010,2026-06-18 00:00:00,369.01,3812.66,40.72,10449.0,9059.7,47.76,0,119.0
UNIT_0010,2026-06-17 02:00:00,368.83,3823.76,40.72,10440.0,9054.9,47.76,0,130.0
UNIT_0043,2027-11-21 08:00:00,368.74,3822.11,40.67,10446.2,9054.6,47.76,0,172.0
UNIT_0019,2026-11-21 10:00:00,369.91,3809.49,40.62,10410.4,9043.9,47.76,0,40.0
UNIT_0051,2028-04-12 14:00:00,369.07,3818.73,40.74,10440.2,9074.9,47.76,0,130.0
UNIT_0016,2026-09-27 18:00:00,369.92,3805.29,40.7,10417.2,9060.0,47.76,0,67.0
UNIT_0022,2027-01-04 16:00:00,369.51,3814.46,40.64,10421.6,9053.1,47.76,0,140.0
UNIT_0024,2027-01-31 08:00:00,369.46,3820.25,40.74,10449.2,9070.0,47.76,0,135.0
UNIT_0010,2026-06-23 04:00:00,369.57,3813.84,40.75,10425.4,9070.4,47.76,0,57.0
UNIT_0026,2027-03-11 22:00:00,369.32,3809.22,40.69,10420.4,9056.1,47.76,0,89.0
UNIT_0002,2026-02-03 00:00:00,369.5,3811.63,40.72,10429.6,9065.1,47.76,0,82.0
UNIT_0014,2026-08-21 08:00:00,369.25,3810.39,40.73,10419.6,9061.0,47.76,0,100.0
UNIT_0046,2028-01-10 18:00:00,369.66,3821.7,40.69,10447.2,9061.8,47.76,0,173.0
UNIT_0045,2027-12-21 20:00:00,369.42,3821.83,40.78,10450.6,9068.8,47.76,0,156.0
UNIT_0020,2026-12-06 08:00:00,369.6,3810.73,40.69,10428.8,9063.1,47.76,0,95.0
UNIT_0028,2027-04-10 12:00:00,369.65,3819.63,40.76,10442.8,9072.7,47.76,0,55.0
UNIT_0043,2027-11-29 10:00:00,369.47,3821.42,40.68,10439.2,9052.8,47.76,0,75.0
UNIT_0049,2028-03-03 06:00:00,368.81,3817.35,40.62,10435.6,9036.6,47.76,0,203.0
UNIT_0027,2027-03-23 06:00:00,369.17,3814.53,40.71,10436.6,9068.5,47.76,0,109.0
UNIT_0037,2027-08-26 18:00:00,369.68,3812.73,40.61,10424.8,9046.3,47.76,0,82.0
UNIT_0048,2028-03-01 06:00:00,370.2,3809.01,41.24,10417.4,9183.3,47.76,1,12.0
UNIT_0035,2027-07-23 08:00:00,369.71,3820.59,40.7,10430.6,9049.4,47.76,0,167.0
UNIT_0007,2026-05-07 14:00:00,369.79,3816.04,40.74,10414.0,9070.4,47.76,0,43.0
UNIT_0042,2027-11-15 00:00:00,369.56,3810.87,40.71,10418.8,9071.2,47.76,0,41.0
UNIT_0007,2026-04-25 20:00:00,369.14,3824.73,40.74,10440.2,9068.7,47.76,0,184.0
UNIT_0029,2027-04-18 16:00:00,369.69,3815.01,40.69,10444.6,9058.5,47.76,0,120.0
UNIT_0005,2026-03-27 06:00:00,369.17,3820.04,40.82,10448.4,9078.7,47.76,0,92.0
UNIT_0013,2026-08-04 14:00:00,369.71,3816.39,40.68,10438.2,9061.6,47.76,0,121.0
UNIT_0036,2027-08-10 20:00:00,369.74,3818.8,40.68,10417.0,9062.0,47.76,0,103.0
UNIT_0028,2027-04-14 10:00:00,370.44,3806.39,40.75,10401.6,9089.5,47.76,1,8.0
UNIT_0039,2027-09-29 10:00:00,370.51,3796.81,40.53,10376.6,9036.1,47.77,1,0.0
UNIT_0025,2027-02-22 08:00:00,369.52,3813.49,40.69,10426.6,9053.0,47.76,0,101.0
UNIT_0014,2026-08-27 02:00:00,369.6,3809.77,40.81,10414.8,9087.6,47.76,0,31.0
UNIT_0043,2027-11-19 20:00:00,368.76,3819.28,40.66,10451.4,9051.6,47.76,0,190.0
UNIT_0029,2027-04-26 22:00:00,370.49,3804.18,40.66,10407.0,9055.8,47.76,1,21.0
UNIT_0030,2027-05-02 20:00:00,369.54,3826.32,40.74,10447.6,9057.5,47.76,0,144.0
UNIT_0041,2027-10-31 22:00:00,369.65,3806.67,40.99,10411.8,9130.0,47.76,1,14.0
UNIT_0030,2027-05-02 00:00:00,369.34,3825.42,40.71,10438.6,9062.7,47.76,0,154.0
UNIT_0008,2026-05-16 18:00:00,369.86,3817.08,40.63,10426.8,9038.8,47.76,0,83.0
UNIT_0025,2027-02-12 08:00:00,369.72,3815.01,40.65,10433.4,9044.2,47.76,0,221.0
UNIT_0022,2027-01-13 04:00:00,370.01,3805.7,40.6,10418.6,9047.2,47.76,0,38.0
UNIT_0017,2026-10-21 14:00:00,369.52,3814.46,40.9,10434.6,9108.8,47.76,0,57.0
UNIT_0030,2027-05-08 00:00:00,369.18,3820.59,40.71,10432.6,9059.1,47.76,0,82.0
UNIT_0040,2027-10-11 10:00:00,370.57,3810.46,40.77,10412.6,9082.2,47.76,0,44.0
UNIT_0018,2026-10-28 14:00:00,369.1,3824.94,40.71,10438.6,9066.6,47.76,0,168.0
UNIT_0048,2028-02-24 20:00:00,369.01,3819.01,40.85,10439.4,9096.2,47.76,0,77.0
UNIT_0026,2027-03-12 00:00:00,369.63,3819.28,40.71,10425.8,9058.0,47.76,0,88.0
UNIT_0002,2026-01-20 12:00:00,368.87,3820.66,40.68,10458.0,9053.6,47.76,0,244.0
UNIT_0040,2027-10-09 06:00:00,369.68,3812.53,40.74,10422.0,9068.8,47.76,0,70.0
UNIT_0019,2026-11-13 08:00:00,369.61,3815.97,40.64,10427.0,9051.0,47.76,0,137.0
UNIT_0020,2026-12-10 04:00:00,370.0,3812.46,40.71,10415.6,9061.4,47.76,0,49.0
UNIT_0032,2027-06-11 12:00:00,370.05,3810.87,40.67,10427.0,9050.0,47.76,0,93.0
UNIT_0025,2027-02-21 18:00:00,369.29,3817.7,40.7,10434.6,9059.1,47.76,0,108.0
UNIT_0019,2026-11-13 16:00:00,369.52,3813.35,40.62,10432.8,9038.2,47.76,0,133.0
UNIT_0040,2027-10-13 18:00:00,370.27,3806.46,40.92,10411.0,9105.2,47.76,1,16.0
UNIT_0019,2026-11-21 22:00:00,369.75,3804.8,40.61,10401.6,9040.3,47.77,0,34.0
UNIT_0025,2027-02-23 16:00:00,369.48,3815.01,40.7,10432.0,9056.8,47.76,0,85.0
UNIT_0010,2026-06-12 08:00:00,368.85,3820.94,40.7,10455.8,9051.0,47.76,0,187.0
UNIT_0032,2027-06-15 02:00:00,370.09,3811.91,40.67,10415.6,9063.9,47.76,0,50.0
UNIT_0002,2026-02-09 04:00:00,370.49,3800.12,40.82,10393.2,9096.6,47.76,1,8.0
UNIT_0051,2028-04-08 16:00:00,369.12,3824.04,40.76,10436.0,9065.2,47.76,0,177.0
UNIT_0017,2026-10-19 00:00:00,369.42,3815.08,40.82,10435.6,9084.1,47.76,0,88.0
UNIT_0031,2027-05-23 14:00:00,369.09,3818.52,40.72,10437.0,9054.9,47.76,0,129.0
UNIT_0013,2026-08-11 14:00:00,370.52,3811.7,40.81,10419.0,9082.4,47.76,0,37.0
UNIT_0050,2028-03-27 16:00:00,369.45,3821.7,40.74,10425.4,9074.2,47.76,0,108.0
UNIT_0011,2026-07-05 08:00:00,369.13,3821.63,40.7,10440.8,9047.5,47.76,0,151.0
UNIT_0005,2026-04-03 04:00:00,370.1,3807.56,41.03,10401.2,9129.7,47.76,1,9.0
UNIT_0011,2026-07-02 08:00:00,369.34,3827.49,40.7,10451.8,9053.4,47.76,0,187.0
UNIT_0004,2026-03-10 04:00:00,369.87,3807.84,40.92,10423.8,9116.3,47.76,1,28.0
UNIT_0028,2027-04-10 06:00:00,369.67,3815.08,40.74,10434.4,9071.0,47.76,0,58.0
UNIT_0022,2027-01-12 22:00:00,370.12,3807.77,40.64,10411.8,9055.2,47.77,0,41.0
UNIT_0030,2027-04-28 18:00:00,369.03,3820.32,40.74,10452.2,9065.6,47.76,0,193.0
UNIT_0048,2028-02-21 18:00:00,369.24,3824.59,40.76,10437.6,9073.2,47.76,0,114.0
UNIT_0045,2028-01-02 16:00:00,369.77,3808.94,40.84,10409.8,9087.4,47.76,1,14.0
UNIT_0038,2027-09-14 14:00:00,369.6,3815.42,40.75,10418.8,9087.0,47.76,0,50.0
UNIT_0013,2026-08-07 16:00:00,369.73,3817.7,40.72,10432.6,9067.6,47.76,0,84.0
UNIT_0036,2027-08-15 04:00:00,369.07,3811.08,40.66,10425.4,9057.8,47.76,0,51.0
UNIT_0048,2028-02-22 16:00:00,369.13,3820.94,40.8,10442.2,9077.3,47.76,0,103.0
UNIT_0051,2028-04-06 08:00:00,368.98,3826.38,40.74,10456.8,9070.6,47.76,0,205.0
UNIT_0047,2028-01-30 22:00:00,369.34,3821.56,40.73,10438.0,9064.2,47.76,0,145.0
UNIT_0005,2026-03-16 00:00:00,368.77,3820.59,40.77,10452.4,9070.5,47.76,0,227.0
UNIT_0012,2026-07-23 02:00:00,369.06,3811.84,40.64,10427.6,9048.1,47.76,0,108.0
UNIT_0031,2027-05-20 16:00:00,368.8,3822.25,40.72,10449.6,9058.4,47.76,0,164.0
UNIT_0036,2027-08-12 16:00:00,369.72,3815.84,40.71,10424.0,9051.8,47.76,0,81.0
UNIT_0004,2026-03-10 02:00:00,370.09,3818.52,40.93,10415.0,9108.8,47.76,1,29.0
UNIT_0046,2028-01-15 12:00:00,369.34,3820.39,40.69,10438.4,9063.0,47.76,0,116.0
UNIT_0017,2026-10-12 12:00:00,369.23,3822.59,40.73,10440.0,9062.7,47.76,0,166.0
UNIT_0032,2027-06-14 08:00:00,369.82,3809.49,40.69,10416.8,9067.6,47.76,0,59.0
UNIT_0011,2026-07-15 02:00:00,369.91,3808.04,40.85,10412.8,9108.9,47.76,0,34.0
UNIT_0046,2028-01-23 10:00:00,370.32,3803.63,40.68,10418.8,9051.8,47.76,1,21.0
UNIT_0016,2026-09-21 22:00:00,369.18,3811.15,40.71,10425.0,9057.4,47.76,0,137.0
UNIT_0009,2026-05-31 18:00:00,369.26,3823.21,40.77,10439.8,9069.0,47.76,0,104.0
UNIT_0041,2027-11-01 14:00:00,369.71,3805.08,41.06,10408.0,9143.5,47.76,1,6.0
UNIT_0006,2026-04-16 08:00:00,370.13,3807.49,40.6,10414.6,9042.0,47.76,0,39.0
UNIT_0025,2027-02-28 20:00:00,370.27,3805.22,40.89,10417.2,9105.4,47.76,1,23.0
UNIT_0049,2028-03-17 06:00:00,370.51,3810.87,40.66,10408.0,9057.1,47.76,0,35.0
UNIT_0030,2027-05-02 06:00:00,369.39,3823.76,40.74,10451.4,9065.9,47.76,0,151.0
UNIT_0026,2027-03-09 20:00:00,369.74,3816.53,40.65,10413.0,9056.9,47.76,0,114.0
UNIT_0022,2027-01-06 18:00:00,369.9,3813.35,40.62,10416.2,9042.5,47.76,0,115.0
UNIT_0025,2027-02-17 02:00:00,369.77,3814.46,40.63,10416.2,9046.7,47.76,0,164.0
UNIT_0020,2026-12-04 02:00:00,369.43,3817.21,40.7,10416.4,9061.6,47.76,0,122.0
UNIT_0033,2027-06-26 22:00:00,368.94,3822.25,40.74,10444.2,9060.6,47.76,0,108.0
UNIT_0018,2026-11-05 12:00:00,369.71,3817.77,40.79,10438.4,9081.2,47.76,0,73.0
UNIT_0005,2026-03-28 06:00:00,370.03,3818.11,40.82,10430.6,9082.1,47.76,0,80.0
UNIT_0047,2028-02-11 08:00:00,370.04,3808.32,40.83,10412.8,9098.9,47.76,1,8.0
UNIT_0028,2027-04-11 20:00:00,369.75,3817.7,40.76,10430.4,9079.2,47.76,0,39.0
UNIT_0006,2026-04-13 08:00:00,370.11,3808.32,40.6,10412.2,9038.6,47.76,0,75.0
UNIT_0051,2028-04-13 06:00:00,369.53,3822.66,40.77,10445.8,9072.8,47.76,0,122.0
UNIT_0035,2027-07-22 14:00:00,369.08,3823.97,40.66,10429.2,9050.2,47.76,0,176.0
UNIT_0026,2027-03-05 10:00:00,369.42,3811.91,40.65,10427.4,9053.9,47.76,0,167.0
UNIT_0001,2026-01-05 08:00:00,369.46,3820.8,40.67,10439.2,9051.2,47.76,0,139.0
UNIT_0047,2028-01-26 14:00:00,368.79,3824.66,40.74,10456.6,9059.9,47.76,0,197.0
UNIT_0043,2027-12-01 14:00:00,368.94,3817.77,40.67,10424.6,9049.2,47.76,0,49.0
UNIT_0001,2026-01-14 06:00:00,370.3,3805.01,40.61,10409.4,9045.4,47.76,0,32.0
UNIT_0039,2027-09-22 08:00:00,369.96,3812.39,40.64,10424.6,9050.7,47.76,0,85.0
UNIT_0008,2026-05-13 06:00:00,369.7,3814.8,40.63,10435.0,9043.1,47.76,0,125.0
UNIT_0008,2026-05-13 10:00:00,369.68,3815.56,40.59,10413.0,9043.1,47.76,0,123.0
UNIT_0050,2028-03-31 02:00:00,369.27,3814.59,40.77,10417.4,9069.6,47.76,0,67.0
UNIT_0048,2028-02-17 08:00:00,369.13,3824.39,40.75,10442.2,9072.8,47.76,0,167.0
UNIT_0035,2027-08-01 12:00:00,369.16,3813.91,40.74,10420.6,9071.6,47.76,0,57.0
UNIT_0033,2027-07-04 16:00:00,369.88,3807.29,40.67,10407.0,9059.5,47.76,1,15.0
UNIT_0031,2027-05-30 12:00:00,370.27,3809.63,40.65,10434.4,9057.4,47.76,0,46.0
UNIT_0042,2027-11-06 20:00:00,369.66,3821.49,40.7,10439.6,9061.9,47.76,0,139.0
UNIT_0019,2026-11-18 12:00:00,369.52,3811.35,40.61,10417.8,9049.1,47.76,0,75.0
UNIT_0050,2028-03-28 20:00:00,369.21,3818.04,40.73,10425.8,9072.7,47.76,0,94.0
UNIT_0034,2027-07-12 14:00:00,369.89,3817.7,40.69,10431.8,9064.3,47.76,0,115.0
UNIT_0014,2026-08-24 16:00:00,369.74,3809.22,40.74,10421.2,9078.1,47.76,0,60.0
UNIT_0002,2026-02-06 08:00:00,369.55,3811.08,40.76,10420.6,9081.0,47.76,0,42.0
UNIT_0043,2027-11-21 12:00:00,368.92,3822.66,40.69,10451.0,9046.6,47.76,0,170.0
UNIT_0042,2027-11-12 16:00:00,369.51,3817.9,40.71,10438.8,9062.6,47.76,0,69.0
UNIT_0019,2026-11-20 04:00:00,369.21,3817.97,40.63,10420.6,9047.6,47.76,0,55.0
UNIT_0008,2026-05-13 08:00:00,369.08,3813.28,40.61,10437.6,9046.0,47.76,0,124.0
UNIT_0014,2026-08-20 16:00:00,370.18,3813.35,40.72,10420.2,9055.1,47.76,0,108.0
UNIT_0046,2028-01-19 10:00:00,369.51,3811.84,40.69,10426.4,9060.6,47.76,0,69.0
UNIT_0044,2027-12-15 10:00:00,368.99,3817.56,40.71,10434.4,9071.5,47.76,0,75.0
UNIT_0029,2027-04-19 20:00:00,369.28,3817.35,40.71,10428.4,9060.5,47.76,0,106.0
UNIT_0020,2026-11-27 10:00:00,369.24,3817.01,40.7,10430.6,9057.8,47.76,0,202.0
UNIT_0023,2027-01-29 22:00:00,370.43,3803.98,40.67,10410.2,9049.1,47.77,1,5.0
UNIT_0005,2026-03-23 02:00:00,369.28,3823.83,40.76,10450.8,9073.5,47.76,0,142.0
UNIT_0006,2026-04-14 04:00:00,369.78,3810.04,40.6,10412.2,9038.2,47.76,0,65.0
UNIT_0015,2026-09-03 22:00:00,369.38,3820.18,40.69,10436.6,9054.9,47.76,0,144.0
UNIT_0011,2026-07-15 04:00:00,369.38,3812.66,40.91,10414.0,9104.2,47.76,0,33.0
UNIT_0033,2027-06-28 08:00:00,369.04,3820.52,40.69,10451.2,9063.1,47.76,0,91.0
UNIT_0037,2027-09-02 04:00:00,370.38,3805.7,40.59,10386.8,9036.9,47.77,1,5.0
UNIT_0031,2027-05-19 20:00:00,368.64,3824.59,40.71,10447.0,9055.6,47.76,0,174.0
UNIT_0011,2026-06-29 20:00:00,369.1,3819.9,40.7,10441.0,9063.8,47.76,0,217.0
UNIT_0048,2028-02-14 00:00:00,369.01,3824.73,40.72,10443.6,9063.4,47.76,0,207.0
UNIT_0033,2027-07-04 02:00:00,370.22,3812.73,40.66,10421.6,9055.4,47.76,1,22.0
UNIT_0007,2026-05-05 18:00:00,369.38,3810.25,40.76,10431.8,9076.6,47.76,0,65.0
UNIT_0022,2027-01-14 18:00:00,370.28,3800.81,40.64,10391.6,9056.1,47.77,1,19.0
UNIT_0033,2027-06-23 18:00:00,368.95,3824.73,40.69,10444.8,9058.2,47.76,0,146.0
UNIT_0021,2026-12-21 18:00:00,369.11,3813.84,40.67,10421.6,9054.3,47.76,0,105.0
UNIT_0012,2026-07-21 20:00:00,369.12,3814.8,40.64,10432.4,9046.6,47.76,0,123.0
UNIT_0044,2027-12-15 16:00:00,369.04,3821.83,40.79,10431.8,9072.5,47.76,0,72.0
UNIT_0026,2027-03-09 02:00:00,369.52,3809.91,40.65,10414.8,9054.7,47.76,0,123.0
UNIT_0029,2027-04-16 14:00:00,368.93,3820.18,40.71,10440.0,9051.8,47.76,0,145.0
UNIT_0002,2026-01-30 18:00:00,368.64,3817.7,40.71,10439.2,9060.5,47.76,0,121.0
UNIT_0026,2027-03-13 20:00:00,369.65,3806.39,40.72,10429.2,9062.8,47.76,0,66.0
UNIT_0041,2027-10-30 14:00:00,369.59,3814.94,40.91,10423.4,9107.9,47.76,1,30.0
UNIT_0047,2028-02-10 00:00:00,369.43,3808.46,40.82,10417.2,9092.3,47.76,1,24.0
UNIT_0010,2026-06-24 08:00:00,369.9,3810.53,40.77,10423.2,9070.6,47.76,0,43.0
UNIT_0027,2027-03-27 18:00:00,369.82,3813.35,40.75,10430.0,9072.0,47.76,0,55.0
UNIT_0010,2026-06-17 22:00:00,369.1,3817.9,40.68,10454.8,9055.6,47.76,0,120.0
UNIT_0047,2028-01-25 22:00:00,368.66,3825.49,40.74,10451.0,9061.8,47.76,0,205.0
UNIT_0020,2026-12-04 00:00:00,369.71,3815.28,40.69,10429.0,9053.9,47.76,0,123.0
UNIT_0001,2026-01-16 14:00:00,370.6,3805.49,40.59,10395.8,9037.9,47.77,1,4.0
UNIT_0035,2027-07-26 12:00:00,369.11,3816.18,40.67,10437.6,9058.5,47.76,0,129.0
UNIT_0018,2026-11-01 14:00:00,369.28,3814.59,40.73,10445.2,9065.1,47.76,0,120.0
UNIT_0017,2026-10-13 12:00:00,369.06,3825.21,40.75,10427.6,9066.6,47.76,0,154.0
UNIT_0037,2027-08-23 12:00:00,369.2,3813.84,40.64,10438.4,9046.5,47.76,0,121.0
UNIT_0007,2026-04-26 02:00:00,368.99,3825.63,40.78,10440.6,9065.5,47.76,0,181.0
UNIT_0038,2027-09-15 08:00:00,369.69,3811.08,40.82,10409.8,9079.5,47.76,0,41.0
UNIT_0002,2026-02-04 10:00:00,370.01,3816.66,40.72,10429.2,9068.2,47.76,0,65.0
UNIT_0025,2027-02-24 18:00:00,369.92,3809.15,40.72,10411.6,9069.0,47.76,0,72.0
UNIT_0025,2027-02-13 02:00:00,369.31,3819.49,40.62,10425.8,9052.2,47.76,0,212.0
UNIT_0017,2026-10-06 00:00:00,368.77,3819.42,40.74,10445.2,9065.2,47.76,0,244.0
UNIT_0018,2026-10-28 12:00:00,369.42,3826.59,40.7,10450.8,9054.4,47.76,0,169.0
UNIT_0016,2026-09-22 14:00:00,369.83,3813.01,40.68,10424.6,9054.3,47.76,0,129.0
UNIT_0011,2026-07-06 18:00:00,368.85,3823.63,40.7,10446.2,9064.0,47.76,0,134.0
UNIT_0049,2028-03-20 00:00:00,370.65,3803.91,40.69,10390.8,9065.2,47.76,1,2.0
UNIT_0040,2027-10-12 16:00:00,370.26,3806.25,40.83,10410.0,9096.1,47.76,1,29.0
UNIT_0002,2026-01-22 08:00:00,368.55,3821.63,40.68,10450.4,9057.1,47.76,0,222.0
UNIT_0044,2027-12-20 08:00:00,370.05,3808.39,40.77,10403.0,9077.9,47.76,1,16.0
UNIT_0002,2026-01-17 16:00:00,368.83,3824.45,40.73,10448.0,9051.7,47.76,0,278.0
UNIT_0011,2026-07-06 06:00:00,369.17,3824.66,40.7,10439.2,9055.5,47.76,0,140.0
UNIT_0024,2027-01-31 06:00:00,369.43,3824.25,40.71,10446.8,9064.5,47.76,0,136.0
UNIT_0009,2026-05-28 06:00:00,369.12,3824.8,40.73,10456.2,9063.8,47.76,0,146.0
UNIT_0021,2026-12-20 00:00:00,368.91,3820.11,40.66,10434.6,9041.3,47.76,0,126.0
UNIT_0034,2027-07-15 18:00:00,369.19,3814.53,40.74,10420.6,9078.2,47.76,0,77.0
UNIT_0044,2027-12-06 04:00:00,369.11,3819.7,40.74,10434.4,9068.6,47.76,0,186.0
UNIT_0037,2027-08-30 10:00:00,370.32,3809.7,40.6,10420.4,9043.0,47.76,0,38.0
UNIT_0008,2026-05-12 00:00:00,369.42,3816.66,40.64,10422.0,9040.4,47.76,0,140.0
UNIT_0001,2026-01-03 00:00:00,369.62,3819.7,40.68,10451.2,9054.2,47.76,0,167.0
UNIT_0017,2026-10-08 06:00:00,368.85,3821.49,40.74,10447.8,9061.6,47.76,0,217.0
UNIT_0005,2026-04-01 16:00:00,369.92,3808.46,40.93,10430.0,9116.1,47.76,1,27.0
UNIT_0023,2027-01-25 12:00:00,369.83,3811.29,40.64,10422.8,9051.4,47.76,0,58.0
UNIT_0013,2026-08-13 12:00:00,370.31,3806.6,40.93,10403.6,9124.9,47.76,1,14.0
UNIT_0039,2027-09-24 20:00:00,369.71,3814.18,40.63,10420.8,9045.3,47.76,0,55.0
UNIT_0017,2026-10-11 04:00:00,369.22,3820.73,40.72,10436.2,9068.6,47.76,0,182.0
UNIT_0017,2026-10-24 14:00:00,369.91,3808.73,41.04,10408.4,9136.6,47.76,1,21.0
UNIT_0047,2028-02-03 00:00:00,368.92,3821.7,40.76,10442.6,9067.3,47.76,0,108.0
UNIT_0014,2026-08-25 18:00:00,369.96,3813.15,40.76,10413.0,9079.5,47.76,0,47.0
UNIT_0011,2026-07-12 14:00:00,369.22,3815.9,40.77,10430.6,9076.9,47.76,0,64.0
UNIT_0043,2027-11-26 10:00:00,369.15,3822.66,40.66,10430.4,9051.5,47.76,0,111.0
UNIT_0016,2026-09-27 12:00:00,370.32,3812.94,40.69,10410.2,9066.7,47.76,0,70.0
UNIT_0020,2026-12-13 00:00:00,370.21,3805.7,40.73,10400.8,9067.7,47.76,1,15.0
UNIT_0007,2026-04-20 02:00:00,369.34,3818.94,40.76,10437.8,9067.9,47.76,0,253.0
UNIT_0004,2026-02-27 22:00:00,369.54,3815.56,40.66,10437.4,9051.8,47.76,0,151.0
UNIT_0050,2028-04-01 14:00:00,369.86,3808.53,40.82,10430.8,9088.1,47.76,0,49.0
UNIT_0018,2026-11-09 16:00:00,370.32,3813.84,41.06,10427.0,9143.1,47.76,1,23.0
UNIT_0032,2027-06-13 02:00:00,369.37,3815.28,40.66,10422.0,9064.4,47.76,0,74.0
UNIT_0006,2026-04-13 06:00:00,369.37,3812.6,40.61,10415.8,9038.9,47.76,0,76.0
UNIT_0010,2026-06-16 14:00:00,368.81,3823.14,40.68,10446.4,9057.6,47.76,0,136.0
UNIT_0002,2026-01-24 00:00:00,368.58,3823.14,40.69,10452.6,9049.4,47.76,0,202.0
UNIT_0042,2027-11-13 08:00:00,369.84,3815.9,40.73,10431.6,9073.3,47.76,0,61.0
UNIT_0040,2027-10-01 16:00:00,369.9,3815.84,40.69,10428.0,9059.5,47.76,0,161.0
UNIT_0030,2027-05-10 02:00:00,369.61,3811.84,40.68,10436.2,9054.7,47.76,0,57.0
UNIT_0015,2026-09-04 02:00:00,369.29,3823.01,40.71,10442.2,9057.7,47.76,0,142.0
UNIT_0018,2026-10-31 02:00:00,369.17,3822.52,40.7,10447.4,9065.3,47.76,0,138.0
UNIT_0019,2026-11-22 12:00:00,369.83,3807.77,40.61,10411.2,9043.1,47.77,1,27.0
UNIT_0024,2027-02-03 04:00:00,368.89,3823.42,40.72,10442.8,9061.2,47.76,0,101.0
UNIT_0030,2027-05-03 02:00:00,369.51,3829.69,40.71,10450.8,9058.4,47.76,0,141.0
UNIT_0049,2028-03-19 04:00:00,370.43,3804.25,40.65,10402.0,9059.3,47.76,1,12.0
UNIT_0020,2026-12-10 02:00:00,370.24,3811.22,40.71,10417.8,9067.4,47.76,0,50.0
UNIT_0036,2027-08-09 20:00:00,369.85,3815.08,40.7,10428.2,9055.0,47.76,0,115.0
UNIT_0006,2026-04-05 18:00:00,369.6,3818.18,40.62,10435.6,9038.4,47.76,0,166.0
UNIT_0014,2026-08-19 14:00:00,369.72,3815.28,40.71,10429.8,9060.4,47.76,0,121.0
UNIT_0011,2026-07-14 12:00:00,369.6,3811.77,40.83,10431.2,9095.7,47.76,0,41.0
UNIT_0040,2027-10-05 04:00:00,369.91,3812.53,40.71,10423.2,9062.3,47.76,0,119.0
UNIT_0005,2026-03-20 12:00:00,369.47,3820.11,40.74,10448.4,9071.9,47.76,0,173.0
UNIT_0040,2027-10-01 12:00:00,370.01,3818.11,40.68,10426.2,9054.5,47.76,0,163.0
UNIT_0012,2026-07-27 12:00:00,369.6,3814.94,40.61,10416.6,9046.2,47.76,0,55.0
UNIT_0049,2028-03-17 14:00:00,369.75,3805.91,40.67,10404.2,9050.8,47.76,0,31.0
UNIT_0032,2027-06-09 04:00:00,369.62,3814.87,40.65,10426.0,9048.0,47.76,0,121.0
UNIT_0025,2027-02-16 06:00:00,369.0,3816.73,40.65,10434.2,9046.5,47.76,0,174.0
UNIT_0020,2026-11-24 22:00:00,369.57,3818.11,40.68,10413.2,9055.4,47.76,0,232.0
UNIT_0035,2027-08-03 16:00:00,369.43,3811.01,40.78,10413.8,9069.2,47.76,0,31.0
UNIT_0012,2026-07-18 16:00:00,368.8,3817.35,40.62,10425.6,9048.4,47.76,0,161.0
UNIT_0001,2026-01-10 14:00:00,369.49,3822.45,40.67,10432.0,9049.7,47.76,0,76.0
UNIT_0009,2026-06-05 06:00:00,368.79,3819.35,40.9,10444.2,9110.5,47.76,0,50.0
UNIT_0051,2028-04-11 08:00:00,368.44,3830.18,40.77,10452.2,9068.5,47.76,0,145.0
UNIT_0016,2026-09-17 22:00:00,369.85,3814.18,40.67,10421.2,9056.0,47.76,0,185.0
UNIT_0021,2026-12-21 20:00:00,369.22,3818.87,40.69,10431.4,9051.1,47.76,0,104.0
UNIT_0034,2027-07-13 18:00:00,368.97,3814.66,40.69,10437.0,9073.6,47.76,0,101.0
UNIT_0005,2026-03-17 04:00:00,368.97,3823.76,40.74,10454.0,9070.0,47.76,0,213.0
UNIT_0014,2026-08-23 22:00:00,369.67,3809.63,40.73,10421.8,9081.7,47.76,0,69.0
UNIT_0019,2026-11-15 12:00:00,369.43,3809.63,40.62,10420.8,9047.6,47.76,0,111.0
UNIT_0042,2027-11-12 02:00:00,369.39,3818.11,40.72,10426.2,9061.6,47.76,0,76.0
UNIT_0035,2027-07-29 04:00:00,369.39,3816.18,40.69,10434.6,9051.9,47.76,0,97.0
UNIT_0047,2028-01-28 12:00:00,369.07,3824.25,40.71,10438.4,9063.9,47.76,0,174.0
UNIT_0023,2027-01-27 14:00:00,370.01,3808.53,40.65,10409.4,9050.6,47.76,0,33.0
UNIT_0046,2028-01-14 04:00:00,369.19,3822.45,40.7,10443.2,9061.4,47.76,0,132.0
UNIT_0019,2026-11-13 20:00:00,369.8,3816.04,40.69,10423.6,9044.3,47.76,0,131.0
UNIT_0031,2027-05-21 16:00:00,369.25,3815.63,40.72,10428.6,9049.4,47.76,0,152.0
UNIT_0030,2027-04-30 04:00:00,368.94,3825.63,40.71,10450.4,9064.8,47.76,0,176.0
UNIT_0017,2026-10-22 16:00:00,369.95,3812.18,40.9,10421.2,9111.2,47.76,0,44.0
UNIT_0019,2026-11-15 18:00:00,369.62,3814.87,40.64,10427.8,9047.2,47.76,0,108.0
UNIT_0045,2027-12-22 04:00:00,369.1,3825.97,40.75,10450.4,9068.5,47.76,0,152.0
UNIT_0044,2027-12-19 08:00:00,369.73,3807.77,40.75,10423.2,9076.4,47.76,1,28.0
UNIT_0024,2027-02-05 20:00:00,369.48,3816.8,40.72,10437.8,9065.9,47.76,0,69.0
UNIT_0010,2026-06-12 04:00:00,369.4,3824.04,40.71,10448.8,9057.2,47.76,0,189.0
UNIT_0044,2027-12-18 16:00:00,369.55,3810.87,40.77,10427.2,9071.2,47.76,0,36.0
UNIT_0036,2027-08-18 16:00:00,370.3,3804.05,40.67,10393.8,9052.4,47.77,1,9.0
UNIT_0027,2027-03-21 14:00:00,369.17,3812.73,40.74,10435.4,9069.4,47.76,0,129.0
UNIT_0017,2026-10-18 16:00:00,369.46,3815.22,40.81,10433.8,9084.2,47.76,0,92.0
UNIT_0008,2026-05-15 04:00:00,370.01,3816.25,40.61,10424.0,9044.9,47.76,0,102.0
UNIT_0038,2027-09-14 18:00:00,370.23,3809.98,40.78,10409.2,9077.4,47.76,0,48.0
UNIT_0044,2027-12-08 02:00:00,369.35,3821.7,40.78,10452.8,9073.7,47.76,0,163.0
UNIT_0023,2027-01-25 18:00:00,369.72,3812.73,40.65,10412.2,9055.4,47.76,0,55.0
UNIT_0025,2027-02-18 06:00:00,369.79,3814.8,40.64,10442.0,9050.7,47.76,0,150.0
UNIT_0030,2027-05-04 22:00:00,369.46,3822.04,40.74,10431.0,9059.3,47.76,0,119.0
UNIT_0045,2028-01-01 06:00:00,369.43,3811.49,40.78,10436.8,9081.5,47.76,0,31.0
UNIT_0024,2027-02-01 18:00:00,369.59,3822.04,40.71,10450.4,9066.6,47.76,0,118.0
UNIT_0011,2026-07-02 20:00:00,369.3,3828.04,40.7,10442.2,9053.2,47.76,0,181.0
UNIT_0041,2027-10-29 22:00:00,369.73,3811.49,40.85,10428.2,9098.1,47.76,0,38.0
UNIT_0029,2027-04-21 02:00:00,369.06,3815.15,40.67,10422.0,9055.8,47.76,0,91.0
UNIT_0026,2027-03-03 02:00:00,369.98,3814.04,40.64,10426.0,9044.6,47.76,0,195.0
UNIT_0003,2026-02-16 10:00:00,369.16,3816.94,40.72,10454.4,9063.5,47.76,0,100.0
UNIT_0042,2027-11-04 02:00:00,369.34,3820.87,40.7,10432.6,9063.3,47.76,0,172.0
UNIT_0026,2027-03-05 06:00:00,369.21,3814.04,40.66,10428.6,9048.0,47.76,0,169.0
UNIT_0006,2026-04-11 14:00:00,369.65,3808.32,40.61,10417.8,9032.4,47.76,0,96.0
UNIT_0036,2027-08-10 02:00:00,369.19,3813.01,40.69,10433.0,9058.4,47.76,0,112.0
UNIT_0037,2027-09-02 02:00:00,370.71,3805.42,40.6,10384.8,9035.3,47.77,1,6.0
UNIT_0007,2026-05-06 20:00:00,369.83,3812.66,40.76,10422.2,9075.3,47.76,0,52.0
UNIT_0034,2027-07-19 02:00:00,370.29,3809.98,40.86,10421.6,9096.6,47.76,0,37.0
UNIT_0019,2026-11-16 02:00:00,369.64,3810.25,40.63,10431.4,9035.9,47.76,0,104.0
UNIT_0018,2026-11-08 00:00:00,369.29,3822.39,40.9,10437.0,9109.0,47.76,0,43.0
UNIT_0041,2027-10-26 02:00:00,369.68,3817.08,40.79,10408.8,9083.7,47.76,0,84.0
UNIT_0016,2026-09-25 14:00:00,370.26,3811.97,40.69,10412.8,9070.2,47.76,0,93.0
UNIT_0018,2026-10-30 12:00:00,368.86,3821.35,40.73,10442.8,9063.0,47.76,0,145.0
UNIT_0008,2026-05-23 08:00:00,370.34,3801.77,40.6,10400.2,9053.8,47.77,1,4.0
UNIT_0009,2026-06-03 18:00:00,369.58,3823.01,40.81,10436.0,9088.3,47.76,0,68.0
UNIT_0002,2026-01-23 04:00:00,368.49,3829.69,40.67,10450.8,9053.5,47.76,0,212.0
UNIT_0030,2027-05-14 18:00:00,370.86,3804.94,40.63,10385.6,9052.2,47.76,1,1.0
UNIT_0006,2026-04-06 00:00:00,369.45,3812.87,40.6,10430.2,9041.7,47.76,0,163.0
UNIT_0016,2026-09-21 12:00:00,369.3,3809.7,40.68,10425.0,9055.6,47.76,0,142.0
UNIT_0031,2027-06-02 06:00:00,370.37,3808.87,40.65,10406.4,9043.9,47.76,1,13.0
UNIT_0010,2026-06-20 12:00:00,369.14,3820.66,40.72,10430.0,9068.2,47.76,0,89.0
UNIT_0018,2026-11-07 20:00:00,369.3,3814.87,40.89,10424.0,9106.1,47.76,0,45.0
UNIT_0009,2026-06-09 02:00:00,370.27,3810.25,41.33,10407.0,9206.3,47.76,1,4.0
UNIT_0037,2027-09-01 22:00:00,370.5,3804.39,40.55,10404.0,9038.8,47.76,1,8.0
UNIT_0013,2026-08-10 16:00:00,369.63,3812.04,40.75,10419.0,9080.4,47.76,0,48.0
UNIT_0003,2026-02-24 16:00:00,370.51,3801.15,41.27,10402.8,9194.0,47.76,1,1.0
UNIT_0034,2027-07-10 00:00:00,369.04,3817.77,40.69,10422.6,9051.1,47.76,0,146.0
UNIT_0007,2026-04-19 22:00:00,369.16,3814.87,40.75,10441.8,9068.2,47.76,0,255.0
UNIT_0048,2028-02-25 18:00:00,369.85,3822.52,40.89,10446.4,9102.9,47.76,0,66.0
UNIT_0005,2026-03-25 04:00:00,368.72,3816.59,40.79,10447.4,9085.3,47.76,0,117.0
UNIT_0038,2027-09-12 08:00:00,369.1,3813.91,40.68,10430.4,9064.9,47.76,0,77.0
UNIT_0014,2026-08-25 04:00:00,369.9,3816.18,40.75,10418.8,9067.7,47.76,0,54.0
UNIT_0047,2028-02-04 20:00:00,369.4,3818.39,40.77,10446.4,9078.8,47.76,0,86.0
UNIT_0030,2027-05-06 00:00:00,369.08,3826.87,40.72,10452.4,9056.3,47.76,0,106.0
UNIT_0006,2026-04-14 02:00:00,369.65,3813.49,40.6,10426.0,9042.0,47.76,0,66.0
UNIT_0011,2026-06-29 06:00:00,369.36,3822.32,40.69,10439.0,9054.0,47.76,0,224.0
UNIT_0041,2027-10-22 22:00:00,368.71,3821.28,40.75,10434.2,9066.1,47.76,0,122.0
UNIT_0049,2028-03-18 22:00:00,370.25,3800.6,40.67,10397.0,9059.6,47.76,1,15.0
UNIT_0037,2027-08-23 02:00:00,369.04,3816.25,40.62,10426.0,9040.5,47.76,0,126.0
UNIT_0043,2027-11-23 22:00:00,368.79,3818.59,40.69,10431.8,9051.3,47.76,0,141.0
UNIT_0033,2027-07-03 04:00:00,370.07,3814.25,40.68,10406.2,9063.2,47.76,0,33.0
UNIT_0025,2027-03-01 06:00:00,370.11,3807.63,40.94,10412.8,9116.1,47.76,1,18.0
UNIT_0011,2026-07-02 04:00:00,369.19,3824.45,40.7,10447.6,9058.9,47.76,0,189.0
UNIT_0006,2026-04-05 12:00:00,369.04,3811.22,40.63,10443.2,9048.4,47.76,0,169.0
UNIT_0025,2027-02-22 00:00:00,368.92,3810.87,40.66,10424.8,9058.3,47.76,0,105.0
UNIT_0041,2027-10-27 12:00:00,369.76,3816.11,40.81,10424.6,9085.5,47.76,0,67.0
UNIT_0006,2026-04-19 14:00:00,370.32,3796.94,40.51,10379.6,9028.0,47.77,1,0.0
UNIT_0044,2027-12-07 16:00:00,368.86,3824.59,40.77,10449.6,9065.4,47.76,0,168.0
UNIT_0008,2026-05-16 14:00:00,369.18,3813.84,40.63,10421.4,9045.5,47.76,0,85.0
UNIT_0048,2028-02-13 10:00:00,368.84,3822.11,40.75,10448.6,9064.4,47.76,0,214.0
UNIT_0007,2026-05-07 20:00:00,369.77,3808.94,40.73,10419.2,9067.6,47.76,0,40.0
UNIT_0050,2028-03-28 12:00:00,369.23,3815.01,40.74,10424.0,9066.1,47.76,0,98.0
UNIT_0002,2026-01-30 20:00:00,369.1,3817.08,40.74,10442.2,9056.2,47.76,0,120.0
UNIT_0001,2026-01-12 12:00:00,369.96,3814.53,40.62,10420.6,9044.8,47.76,0,53.0
UNIT_0002,2026-01-25 22:00:00,369.09,3821.7,40.68,10445.4,9056.3,47.76,0,179.0
UNIT_0007,2026-05-10 16:00:00,370.38,3803.22,40.75,10390.0,9070.6,47.76,1,6.0
UNIT_0025,2027-03-01 22:00:00,370.2,3802.39,40.96,10395.6,9125.1,47.76,1,10.0
UNIT_0002,2026-02-01 20:00:00,369.08,3815.7,40.71,10438.4,9065.0,47.76,0,96.0
UNIT_0043,2027-11-24 16:00:00,369.58,3827.21,40.69,10438.2,9055.7,47.76,0,132.0
UNIT_0035,2027-08-03 00:00:00,369.94,3807.98,40.73,10412.8,9068.8,47.76,0,39.0
UNIT_0024,2027-02-09 18:00:00,370.05,3810.32,40.65,10418.8,9062.5,47.76,1,22.0
UNIT_0016,2026-09-23 00:00:00,369.93,3816.04,40.68,10427.2,9053.2,47.76,0,124.0
UNIT_0007,2026-04-30 22:00:00,369.19,3818.04,40.74,10439.6,9076.5,47.76,0,123.0
UNIT_0037,2027-08-29 18:00:00,369.96,3817.15,40.62,10423.2,9046.9,47.76,0,46.0
UNIT_0029,2027-04-18 18:00:00,369.26,3817.15,40.69,10437.2,9064.5,47.76,0,119.0
UNIT_0005,2026-03-20 20:00:00,368.77,3816.53,40.77,10455.2,9071.5,47.76,0,169.0
UNIT_0012,2026-07-19 04:00:00,369.07,3823.9,40.63,10432.6,9050.8,47.76,0,155.0
UNIT_0028,2027-04-04 04:00:00,369.44,3823.14,40.77,10445.0,9069.8,47.76,0,131.0
UNIT_0036,2027-08-13 10:00:00,369.15,3815.84,40.67,10429.4,9061.0,47.76,0,72.0
UNIT_0047,2028-02-09 04:00:00,369.96,3809.49,40.82,10414.8,9084.7,47.76,0,34.0
UNIT_0014,2026-08-15 18:00:00,369.6,3816.8,40.71,10432.6,9059.0,47.76,0,167.0
UNIT_0010,2026-06-11 00:00:00,369.14,3823.01,40.7,10445.4,9058.2,47.76,0,203.0
UNIT_0038,2027-09-11 14:00:00,369.21,3811.49,40.66,10429.0,9049.7,47.76,0,86.0
UNIT_0016,2026-09-27 16:00:00,369.87,3810.46,40.7,10414.0,9061.2,47.76,0,68.0
UNIT_0016,2026-09-19 16:00:00,369.55,3815.15,40.69,10432.4,9056.0,47.76,0,164.0
UNIT_0020,2026-12-13 22:00:00,370.42,3807.29,40.72,10402.4,9072.5,47.76,1,4.0
UNIT_0046,2028-01-11 16:00:00,368.48,3820.11,40.7,10442.2,9059.2,47.76,0,162.0
UNIT_0019,2026-11-14 06:00:00,369.7,3814.59,40.62,10423.6,9042.8,47.76,0,126.0
UNIT_0048,2028-02-29 22:00:00,369.92,3813.22,41.2,10412.0,9172.8,47.76,1,16.0
UNIT_0035,2027-08-05 22:00:00,370.44,3804.74,40.83,10399.8,9096.6,47.77,1,4.0
UNIT_0046,2028-01-13 00:00:00,368.88,3821.28,40.71,10440.0,9068.9,47.76,0,146.0
UNIT_0050,2028-03-21 04:00:00,369.61,3822.59,40.72,10444.6,9060.8,47.76,0,186.0
UNIT_0020,2026-12-13 04:00:00,370.02,3807.91,40.72,10385.8,9073.1,47.76,1,13.0
UNIT_0021,2026-12-14 16:00:00,369.06,3813.01,40.65,10436.4,9047.5,47.76,0,190.0
UNIT_0004,2026-03-08 08:00:00,369.36,3814.32,40.8,10425.8,9084.4,47.76,0,50.0
UNIT_0012,2026-07-21 08:00:00,369.02,3813.63,40.62,10435.0,9044.5,47.76,0,129.0
UNIT_0037,2027-08-21 12:00:00,369.56,3819.35,40.61,10436.8,9050.8,47.76,0,145.0
UNIT_0031,2027-05-27 14:00:00,369.57,3817.63,40.69,10425.2,9050.4,47.76,0,81.0
UNIT_0004,2026-03-07 10:00:00,369.62,3814.94,40.77,10428.2,9078.5,47.76,0,61.0
UNIT_0036,2027-08-12 22:00:00,369.7,3817.21,40.7,10409.0,9062.6,47.76,0,78.0
UNIT_0016,2026-09-21 04:00:00,370.29,3812.25,40.7,10422.2,9063.4,47.76,0,146.0
UNIT_0001,2026-01-11 06:00:00,369.33,3807.7,40.67,10428.0,9053.0,47.76,0,68.0
UNIT_0048,2028-02-28 02:00:00,369.31,3814.25,40.98,10428.4,9129.8,47.76,0,38.0
UNIT_0047,2028-02-10 12:00:00,370.48,3811.97,40.83,10413.4,9094.9,47.76,1,18.0
UNIT_0011,2026-07-01 00:00:00,369.03,3823.28,40.68,10450.4,9052.8,47.76,0,203.0
UNIT_0011,2026-06-30 18:00:00,369.76,3821.7,40.7,10453.2,9052.2,47.76,0,206.0
UNIT_0035,2027-07-28 08:00:00,369.89,3818.66,40.69,10431.6,9059.1,47.76,0,107.0
UNIT_0020,2026-12-01 02:00:00,368.97,3817.08,40.69,10428.4,9060.1,47.76,0,158.0
UNIT_0048,2028-02-14 16:00:00,369.43,3825.14,40.77,10435.8,9060.8,47.76,0,199.0
UNIT_0021,2026-12-28 16:00:00,370.51,3814.59,40.91,10413.6,9112.7,47.76,1,22.0
UNIT_0005,2026-03-17 20:00:00,369.25,3820.52,40.76,10445.2,9065.5,47.76,0,205.0
UNIT_0032,2027-06-07 08:00:00,369.38,3813.01,40.67,10432.2,9045.2,47.76,0,143.0
UNIT_0040,2027-10-10 14:00:00,369.81,3813.22,40.76,10413.8,9079.0,47.76,0,54.0
UNIT_0011,2026-07-12 10:00:00,369.37,3821.56,40.79,10428.2,9079.3,47.76,0,66.0
UNIT_0049,2028-03-15 20:00:00,369.56,3808.32,40.64,10403.2,9051.4,47.76,0,52.0
UNIT_0018,2026-10-30 20:00:00,369.07,3823.83,40.72,10437.0,9055.8,47.76,0,141.0
UNIT_0006,2026-04-15 18:00:00,369.49,3807.36,40.57,10412.8,9035.5,47.76,0,46.0
UNIT_0033,2027-07-04 06:00:00,369.69,3812.94,40.64,10422.2,9059.8,47.76,1,20.0
UNIT_0022,2027-01-07 12:00:00,369.42,3812.73,40.64,10418.0,9052.5,47.76,0,106.0
UNIT_0031,2027-05-27 02:00:00,369.2,3821.14,40.7,10435.8,9061.8,47.76,0,87.0
UNIT_0006,2026-04-09 04:00:00,369.4,3816.94,40.6,10438.6,9041.3,47.76,0,125.0
UNIT_0023,2027-01-23 16:00:00,369.94,3813.35,40.66,10417.6,9053.6,47.76,0,80.0
UNIT_0031,2027-06-03 04:00:00,370.92,3800.05,40.64,10393.0,9043.3,47.77,1,2.0
UNIT_0018,2026-11-01 04:00:00,368.75,3821.83,40.72,10434.6,9071.0,47.76,0,125.0
UNIT_0002,2026-02-06 20:00:00,369.32,3805.98,40.75,10419.8,9077.4,47.76,0,36.0
UNIT_0017,2026-10-12 14:00:00,369.01,3819.97,40.75,10449.0,9071.4,47.76,0,165.0
UNIT_0007,2026-04-27 14:00:00,368.63,3820.39,40.74,10452.8,9072.3,47.76,0,163.0
UNIT_0007,2026-05-02 10:00:00,369.14,3819.42,40.77,10442.4,9067.7,47.76,0,105.0
UNIT_0039,2027-09-20 00:00:00,369.53,3816.87,40.61,10424.8,9051.1,47.76,0,113.0
UNIT_0029,2027-04-24 16:00:00,370.03,3812.66,40.67,10415.0,9059.8,47.76,0,48.0
UNIT_0005,2026-03-29 20:00:00,370.14,3813.97,40.86,10435.0,9099.3,47.76,0,61.0
UNIT_0046,2028-01-20 20:00:00,369.74,3812.18,40.67,10426.0,9059.2,47.76,0,52.0
UNIT_0016,2026-09-30 22:00:00,370.37,3807.01,40.68,10396.6,9057.9,47.76,1,29.0
UNIT_0007,2026-05-02 22:00:00,368.97,3817.84,40.75,10436.2,9076.1,47.76,0,99.0
UNIT_0018,2026-11-05 06:00:00,368.75,3823.56,40.77,10440.8,9076.6,47.76,0,76.0
UNIT_0018,2026-11-10 06:00:00,369.07,3815.84,41.13,10422.0,9157.2,47.76,1,16.0
UNIT_0005,2026-03-19 10:00:00,369.04,3821.77,40.75,10455.8,9068.2,47.76,0,186.0
UNIT_0028,2027-04-05 06:00:00,369.14,3816.53,40.74,10453.6,9069.0,47.76,0,118.0
UNIT_0033,2027-06-24 00:00:00,369.3,3824.94,40.74,10447.6,9066.4,47.76,0,143.0
UNIT_0043,2027-12-03 00:00:00,369.7,3811.49,40.64,10409.8,9046.1,47.76,0,32.0
UNIT_0009,2026-06-02 10:00:00,368.61,3822.11,40.82,10438.0,9076.6,47.76,0,84.0
UNIT_0015,2026-09-02 00:00:00,369.35,3820.59,40.72,10442.4,9058.6,47.76,0,167.0
UNIT_0043,2027-11-23 06:00:00,369.17,3819.21,40.71,10444.6,9060.7,47.76,0,149.0
UNIT_0033,2027-06-29 20:00:00,369.69,3818.39,40.69,10441.2,9057.5,47.76,0,73.0
UNIT_0021,2026-12-18 18:00:00,369.83,3815.28,40.67,10435.6,9048.6,47.76,0,141.0
UNIT_0017,2026-10-23 12:00:00,370.26,3812.04,40.97,10421.6,9122.2,47.76,0,34.0
UNIT_0028,2027-04-12 12:00:00,369.52,3815.28,40.76,10416.0,9073.2,47.76,0,31.0
UNIT_0046,2028-01-15 18:00:00,369.27,3822.52,40.7,10439.6,9055.0,47.76,0,113.0
UNIT_0038,2027-09-02 20:00:00,370.18,3818.87,40.66,10430.2,9052.8,47.76,0,191.0
UNIT_0043,2027-11-27 20:00:00,369.17,3812.39,40.66,10433.8,9053.4,47.76,0,94.0
UNIT_0010,2026-06-17 14:00:00,369.02,3821.21,40.72,10440.6,9058.6,47.76,0,124.0
UNIT_0005,2026-03-18 02:00:00,368.52,3829.97,40.76,10451.4,9074.0,47.76,0,202.0
UNIT_0043,2027-11-19 08:00:00,369.34,3815.35,40.68,10456.4,9054.9,47.76,0,196.0
UNIT_0037,2027-08-29 10:00:00,369.8,3807.84,40.63,10416.4,9041.9,47.76,0,50.0
UNIT_0016,2026-09-26 06:00:00,370.29,3811.84,40.69,10427.8,9066.4,47.76,0,85.0
UNIT_0013,2026-08-06 04:00:00,369.48,3814.59,40.7,10427.2,9061.5,47.76,0,102.0
UNIT_0016,2026-09-30 00:00:00,369.51,3810.73,40.69,10400.0,9068.1,47.76,0,40.0
UNIT_0025,2027-02-15 16:00:00,370.26,3812.39,40.65,10422.0,9048.4,47.76,0,181.0
UNIT_0045,2027-12-23 18:00:00,369.59,3818.11,40.77,10451.4,9074.3,47.76,0,133.0
UNIT_0033,2027-07-02 00:00:00,369.39,3817.49,40.7,10431.6,9060.2,47.76,0,47.0
UNIT_0042,2027-11-09 10:00:00,369.69,3817.7,40.7,10437.2,9053.9,47.76,0,108.0
UNIT_0001,2026-01-01 12:00:00,369.33,3822.04,40.66,10446.4,9059.1,47.76,0,185.0
UNIT_0015,2026-09-06 08:00:00,368.47,3817.9,40.71,10434.4,9058.8,47.76,0,115.0
UNIT_0033,2027-07-03 14:00:00,370.28,3811.08,40.66,10416.4,9055.8,47.76,1,28.0
UNIT_0017,2026-10-08 02:00:00,368.63,3820.94,40.71,10445.4,9063.6,47.76,0,219.0
UNIT_0024,2027-02-02 20:00:00,370.11,3820.18,40.69,10447.8,9064.8,47.76,0,105.0
UNIT_0010,2026-06-11 22:00:00,368.75,3822.87,40.69,10449.8,9051.0,47.76,0,192.0
UNIT_0038,2027-09-14 00:00:00,369.48,3809.01,40.74,10417.0,9072.9,47.76,0,57.0
UNIT_0028,2027-04-04 06:00:00,368.98,3823.63,40.71,10449.0,9066.5,47.76,0,130.0
UNIT_0008,2026-05-17 06:00:00,369.61,3812.66,40.62,10434.2,9049.0,47.76,0,77.0
UNIT_0006,2026-04-06 02:00:00,370.04,3816.46,40.61,10435.0,9045.5,47.76,0,162.0
UNIT_0010,2026-06-20 02:00:00,369.39,3822.04,40.72,10450.4,9062.4,47.76,0,94.0
UNIT_0034,2027-07-13 14:00:00,369.18,3816.11,40.74,10429.2,9067.0,47.76,0,103.0
UNIT_0040,2027-10-14 12:00:00,370.18,3806.94,40.97,10410.2,9123.8,47.76,1,7.0
UNIT_0010,2026-06-22 12:00:00,369.38,3815.63,40.76,10437.6,9076.7,47.76,0,65.0
UNIT_0016,2026-09-19 04:00:00,369.55,3813.63,40.69,10425.8,9056.4,47.76,0,170.0
UNIT_0026,2027-03-07 00:00:00,370.18,3813.97,40.65,10424.4,9052.7,47.76,0,148.0
UNIT_0043,2027-11-26 06:00:00,368.94,3824.52,40.67,10434.2,9048.3,47.76,0,113.0
UNIT_0026,2027-03-16 14:00:00,369.74,3813.01,40.85,10414.6,9100.2,47.76,0,33.0
UNIT_0011,2026-07-06 20:00:00,369.12,3824.73,40.69,10452.8,9058.8,47.76,0,133.0
UNIT_0007,2026-05-03 20:00:00,369.43,3816.25,40.72,10435.6,9067.3,47.76,0,88.0
UNIT_0044,2027-12-17 20:00:00,369.9,3813.77,40.76,10425.4,9075.2,47.76,0,46.0
UNIT_0009,2026-06-07 10:00:00,369.68,3816.53,41.06,10429.2,9147.6,47.76,1,24.0
UNIT_0017,2026-10-14 06:00:00,368.77,3818.46,40.75,10443.0,9072.2,47.76,0,145.0
UNIT_0039,2027-09-25 18:00:00,370.5,3807.29,40.61,10421.6,9044.7,47.76,0,44.0
UNIT_0040,2027-10-08 10:00:00,370.5,3815.01,40.72,10421.2,9065.8,47.76,0,80.0
UNIT_0018,2026-11-05 18:00:00,368.85,3821.08,40.8,10435.8,9076.5,47.76,0,70.0
UNIT_0010,2026-06-18 10:00:00,369.15,3826.04,40.72,10437.6,9053.3,47.76,0,114.0
UNIT_0020,2026-12-02 00:00:00,369.01,3815.84,40.69,10432.2,9064.7,47.76,0,147.0
UNIT_0046,2028-01-06 20:00:00,368.99,3824.18,40.68,10445.6,9060.3,47.76,0,220.0
UNIT_0043,2027-12-05 14:00:00,370.4,3803.43,40.56,10406.6,9046.8,47.77,1,1.0
UNIT_0017,2026-10-19 16:00:00,369.83,3815.7,40.83,10443.2,9089.5,47.76,0,80.0
UNIT_0013,2026-08-10 12:00:00,369.77,3814.87,40.77,10420.4,9074.2,47.76,0,50.0
UNIT_0044,2027-12-06 16:00:00,368.72,3825.97,40.75,10438.0,9070.3,47.76,0,180.0
UNIT_0035,2027-07-29 00:00:00,369.56,3815.77,40.69,10427.4,9064.2,47.76,0,99.0
UNIT_0006,2026-04-05 04:00:00,369.4,3818.59,40.59,10430.6,9037.5,47.76,0,173.0
UNIT_0028,2027-04-09 02:00:00,369.57,3821.63,40.75,10439.6,9069.4,47.76,0,72.0
UNIT_0038,2027-09-06 04:00:00,369.69,3818.04,40.64,10428.4,9052.2,47.76,0,151.0
UNIT_0009,2026-06-01 14:00:00,368.75,3825.14,40.8,10441.2,9065.6,47.76,0,94.0
UNIT_0039,2027-09-21 04:00:00,369.59,3819.01,40.64,10433.8,9049.2,47.76,0,99.0
UNIT_0048,2028-02-22 04:00:00,369.15,3819.01,40.76,10443.0,9077.6,47.76,0,109.0
UNIT_0021,2026-12-26 20:00:00,369.62,3811.91,40.83,10425.0,9073.9,47.76,0,44.0
UNIT_0049,2028-03-11 08:00:00,369.57,3812.94,40.62,10433.2,9051.4,47.76,0,106.0
UNIT_0020,2026-12-12 08:00:00,370.59,3804.39,40.72,10404.8,9068.6,47.76,1,23.0
UNIT_0023,2027-01-25 02:00:00,368.82,3811.42,40.68,10433.2,9059.1,47.76,0,63.0
UNIT_0006,2026-04-14 00:00:00,369.49,3807.08,40.61,10414.0,9041.4,47.76,0,67.0
UNIT_0028,2027-04-02 08:00:00,368.86,3824.52,40.72,10445.0,9062.8,47.76,0,153.0
UNIT_0050,2028-03-30 16:00:00,369.78,3816.53,40.76,10438.4,9073.0,47.76,0,72.0
UNIT_0009,2026-06-04 16:00:00,369.43,3818.8,40.88,10437.0,9091.2,47.76,0,57.0
UNIT_0011,2026-07-10 04:00:00,369.41,3815.49,40.76,10438.2,9067.0,47.76,0,93.0
UNIT_0045,2027-12-26 10:00:00,369.08,3821.7,40.76,10439.4,9074.2,47.76,0,101.0
UNIT_0048,2028-02-16 16:00:00,369.1,3821.9,40.72,10456.4,9067.5,47.76,0,175.0
UNIT_0020,2026-12-08 02:00:00,370.16,3812.11,40.71,10425.4,9070.2,47.76,0,74.0
UNIT_0036,2027-08-12 10:00:00,369.25,3814.87,40.69,10426.8,9059.8,47.76,0,84.0
UNIT_0026,2027-03-10 08:00:00,369.77,3818.04,40.69,10428.8,9055.1,47.76,0,108.0
UNIT_0032,2027-06-18 10:00:00,370.67,3804.18,40.75,10398.6,9076.9,47.76,1,10.0
UNIT_0051,2028-04-07 10:00:00,368.92,3822.04,40.75,10443.0,9064.4,47.76,0,192.0
UNIT_0017,2026-10-13 02:00:00,369.12,3821.77,40.73,10444.0,9065.5,47.76,0,159.0
UNIT_0048,2028-02-12 10:00:00,369.69,3817.08,40.72,10436.0,9066.2,47.76,0,226.0
UNIT_0002,2026-02-02 04:00:00,370.09,3814.32,40.74,10438.4,9060.2,47.76,0,92.0
UNIT_0044,2027-12-14 08:00:00,369.16,3816.46,40.72,10432.4,9073.6,47.76,0,88.0
UNIT_0008,2026-05-16 16:00:00,369.5,3815.08,40.64,10413.4,9052.1,47.76,0,84.0
UNIT_0018,2026-10-26 18:00:00,368.33,3823.08,40.73,10445.0,9055.6,47.76,0,190.0
UNIT_0038,2027-09-10 16:00:00,369.36,3814.53,40.67,10421.4,9059.0,47.76,0,97.0
UNIT_0014,2026-08-15 04:00:00,369.27,3818.25,40.74,10433.2,9059.7,47.76,0,174.0
UNIT_0037,2027-08-21 14:00:00,369.27,3813.28,40.64,10427.8,9047.0,47.76,0,144.0
UNIT_0043,2027-12-04 22:00:00,370.35,3804.94,40.6,10396.6,9042.2,47.76,1,9.0
UNIT_0048,2028-02-16 18:00:00,369.03,3823.7,40.74,10450.4,9067.1,47.76,0,174.0
UNIT_0029,2027-04-17 14:00:00,369.09,3816.46,40.71,10418.8,9060.2,47.76,0,133.0
UNIT_0016,2026-09-23 18:00:00,369.26,3811.91,40.68,10423.6,9064.3,47.76,0,115.0
UNIT_0051,2028-04-10 16:00:00,369.02,3824.18,40.74,10445.8,9065.2,47.76,0,153.0
UNIT_0021,2026-12-25 18:00:00,369.6,3814.39,40.74,10425.2,9070.3,47.76,0,57.0
UNIT_0005,2026-03-17 18:00:00,369.03,3825.28,40.75,10443.0,9071.4,47.76,0,206.0
UNIT_0027,2027-03-25 18:00:00,369.72,3822.11,40.77,10432.4,9076.3,47.76,0,79.0
UNIT_0010,2026-06-16 08:00:00,368.83,3821.9,40.7,10428.6,9064.6,47.76,0,139.0
UNIT_0009,2026-06-05 12:00:00,369.51,3821.35,40.93,10432.0,9102.9,47.76,0,47.0
UNIT_0009,2026-06-03 12:00:00,369.45,3822.45,40.86,10441.4,9089.9,47.76,0,71.0
UNIT_0012,2026-07-28 02:00:00,370.11,3803.43,40.62,10407.6,9040.0,47.76,0,48.0
UNIT_0002,2026-01-17 18:00:00,368.84,3824.04,40.69,10439.8,9058.9,47.76,0,277.0
UNIT_0041,2027-10-21 18:00:00,369.1,3818.8,40.73,10442.0,9066.8,47.76,0,136.0
UNIT_0040,2027-10-06 16:00:00,369.99,3808.18,40.71,10411.2,9060.5,47.76,0,101.0
UNIT_0025,2027-02-26 04:00:00,369.69,3807.08,40.76,10430.6,9070.7,47.76,0,55.0
UNIT_0030,2027-05-06 18:00:00,369.22,3820.32,40.71,10434.8,9062.1,47.76,0,97.0
UNIT_0020,2026-11-30 20:00:00,369.2,3819.49,40.69,10422.4,9054.4,47.76,0,161.0
UNIT_0050,2028-04-05 02:00:00,370.07,3804.87,40.97,10402.0,9124.2,47.76,1,7.0
UNIT_0013,2026-08-14 04:00:00,370.28,3808.8,41.04,10412.2,9136.9,47.76,1,6.0
UNIT_0017,2026-10-15 10:00:00,369.15,3820.11,40.75,10443.8,9073.9,47.76,0,131.0
UNIT_0002,2026-01-28 14:00:00,369.14,3825.63,40.7,10449.8,9051.9,47.76,0,147.0
UNIT_0036,2027-08-18 22:00:00,370.44,3806.11,40.62,10387.6,9050.5,47.76,1,6.0
UNIT_0046,2028-01-17 16:00:00,369.13,3817.21,40.72,10432.0,9060.2,47.76,0,90.0
UNIT_0050,2028-03-29 06:00:00,370.01,3812.25,40.72,10429.0,9068.6,47.76,0,89.0
UNIT_0037,2027-08-22 00:00:00,369.24,3817.77,40.62,10426.2,9044.7,47.76,0,139.0
UNIT_0012,2026-07-24 22:00:00,369.32,3807.98,40.62,10423.8,9051.2,47.76,0,86.0
UNIT_0009,2026-05-28 20:00:00,369.15,3822.8,40.75,10434.8,9068.3,47.76,0,139.0
UNIT_0034,2027-07-07 08:00:00,369.19,3811.08,40.71,10439.2,9059.5,47.76,0,178.0
UNIT_0039,2027-09-26 00:00:00,370.12,3809.63,40.61,10414.8,9036.7,47.76,0,41.0
UNIT_0041,2027-10-28 12:00:00,369.26,3815.28,40.82,10420.4,9087.7,47.76,0,55.0
UNIT_0013,2026-08-12 20:00:00,369.92,3804.05,40.87,10410.2,9100.8,47.76,1,22.0
UNIT_0047,2028-02-02 06:00:00,369.0,3817.97,40.74,10445.2,9066.8,47.76,0,117.0
UNIT_0005,2026-03-24 10:00:00,369.25,3825.97,40.77,10441.2,9075.8,47.76,0,126.0
UNIT_0046,2028-01-24 20:00:00,370.59,3800.53,40.63,10396.6,9053.4,47.77,1,4.0
UNIT_0043,2027-11-27 16:00:00,368.77,3817.56,40.71,10431.0,9053.5,47.76,0,96.0
UNIT_0046,2028-01-10 14:00:00,369.3,3825.21,40.67,10450.6,9056.1,47.76,0,175.0
UNIT_0044,2027-12-14 12:00:00,369.28,3816.66,40.71,10435.2,9065.0,47.76,0,86.0
UNIT_0030,2027-04-29 20:00:00,368.57,3823.21,40.72,10454.2,9058.6,47.76,0,180.0
UNIT_0045,2027-12-29 18:00:00,369.69,3820.73,40.78,10436.0,9069.3,47.76,0,61.0
UNIT_0045,2027-12-26 18:00:00,368.78,3821.63,40.76,10442.2,9072.2,47.76,0,97.0
UNIT_0033,2027-07-02 20:00:00,369.54,3815.08,40.7,10427.0,9057.8,47.76,0,37.0
UNIT_0015,2026-09-12 08:00:00,369.97,3810.6,40.66,10423.4,9060.8,47.76,0,43.0
UNIT_0045,2027-12-21 18:00:00,369.25,3825.28,40.75,10449.8,9071.3,47.76,0,157.0
UNIT_0027,2027-04-01 04:00:00,370.65,3802.25,41.03,10397.4,9140.8,47.76,1,2.0
UNIT_0001,2026-01-15 10:00:00,369.49,3808.11,40.6,10404.4,9041.2,47.76,1,18.0
UNIT_0025,2027-02-17 20:00:00,369.32,3812.8,40.62,10433.2,9047.5,47.76,0,155.0
UNIT_0023,2027-01-20 14:00:00,369.42,3814.87,40.65,10429.6,9053.6,47.76,0,117.0
UNIT_0017,2026-10-04 18:00:00,369.05,3823.14,40.72,10441.4,9060.2,47.76,0,259.0
UNIT_0036,2027-08-12 18:00:00,369.87,3813.42,40.71,10424.2,9063.7,47.76,0,80.0
UNIT_0032,2027-06-05 12:00:00,369.24,3810.11,40.65,10430.6,9051.6,47.76,0,165.0
UNIT_0034,2027-07-17 02:00:00,370.01,3816.04,40.78,10410.8,9081.0,47.76,0,61.0
UNIT_0017,2026-10-09 00:00:00,369.57,3825.14,40.72,10441.8,9065.2,47.76,0,208.0
UNIT_0031,2027-05-20 00:00:00,369.22,3823.08,40.69,10447.6,9053.1,47.76,0,172.0
UNIT_0017,2026-10-03 22:00:00,368.39,3822.18,40.72,10446.2,9061.0,47.76,0,269.0
UNIT_0038,2027-09-11 00:00:00,369.71,3815.49,40.66,10434.8,9056.8,47.76,0,93.0
UNIT_0037,2027-08-31 18:00:00,369.81,3805.01,40.58,10403.8,9035.3,47.77,1,22.0
UNIT_0039,2027-09-25 00:00:00,369.95,3811.7,40.6,10421.4,9047.1,47.76,0,53.0
UNIT_0048,2028-02-21 10:00:00,369.08,3818.52,40.76,10440.0,9074.5,47.76,0,118.0
UNIT_0046,2028-01-05 06:00:00,368.66,3819.21,40.71,10454.2,9057.0,47.76,0,239.0
UNIT_0042,2027-11-12 00:00:00,369.55,3821.01,40.69,10425.4,9067.4,47.76,0,77.0
UNIT_0023,2027-01-25 22:00:00,370.33,3808.32,40.67,10410.6,9055.2,47.76,0,53.0
UNIT_0017,2026-10-11 14:00:00,369.08,3825.35,40.72,10445.8,9061.2,47.76,0,177.0
UNIT_0001,2026-01-02 12:00:00,368.64,3820.94,40.65,10437.8,9054.0,47.76,0,173.0
UNIT_0018,2026-11-04 14:00:00,369.38,3815.84,40.76,10451.4,9077.4,47.76,0,84.0
UNIT_0045,2027-12-23 04:00:00,369.32,3821.9,40.79,10445.2,9067.7,47.76,0,140.0
UNIT_0020,2026-12-08 08:00:00,370.08,3811.97,40.73,10412.4,9064.6,47.76,0,71.0
UNIT_0018,2026-10-30 08:00:00,369.29,3823.01,40.73,10451.2,9063.2,47.76,0,147.0
UNIT_0046,2028-01-09 12:00:00,368.91,3822.8,40.72,10443.8,9060.4,47.76,0,188.0
UNIT_0011,2026-07-01 04:00:00,369.58,3825.9,40.7,10443.6,9044.3,47.76,0,201.0
UNIT_0007,2026-04-24 00:00:00,369.23,3818.8,40.76,10446.0,9068.4,47.76,0,206.0
UNIT_0025,2027-02-21 20:00:00,369.91,3813.42,40.64,10432.6,9054.1,47.76,0,107.0
UNIT_0038,2027-09-08 22:00:00,369.38,3810.39,40.64,10434.4,9055.7,47.76,0,118.0
UNIT_0035,2027-07-31 20:00:00,369.75,3815.49,40.73,10432.4,9063.7,47.76,0,65.0
UNIT_0030,2027-05-01 06:00:00,368.78,3824.94,40.72,10450.6,9061.3,47.76,0,163.0
UNIT_0049,2028-03-02 20:00:00,369.64,3818.39,40.63,10426.2,9042.7,47.76,0,208.0
UNIT_0029,2027-04-18 12:00:00,369.6,3816.25,40.69,10440.4,9059.7,47.76,0,122.0
UNIT_0016,2026-09-17 08:00:00,369.15,3811.97,40.69,10432.8,9053.6,47.76,0,192.0
UNIT_0001,2026-01-16 04:00:00,370.09,3801.63,40.59,10401.0,9040.9,47.76,1,9.0
UNIT_0018,2026-10-31 12:00:00,369.37,3820.87,40.72,10435.4,9063.6,47.76,0,133.0
UNIT_0046,2028-01-09 02:00:00,368.59,3826.04,40.71,10454.2,9060.9,47.76,0,193.0
UNIT_0009,2026-06-01 00:00:00,369.09,3819.01,40.79,10443.6,9079.2,47.76,0,101.0
UNIT_0041,2027-10-19 06:00:00,369.18,3820.32,40.73,10441.8,9066.1,47.76,0,166.0
UNIT_0044,2027-12-10 02:00:00,368.68,3820.25,40.76,10447.6,9062.0,47.76,0,139.0
UNIT_0025,2027-02-14 08:00:00,369.39,3815.35,40.64,10427.4,9036.3,47.76,0,197.0
UNIT_0029,2027-04-18 08:00:00,369.02,3814.94,40.7,10438.0,9056.3,47.76,0,124.0
UNIT_0044,2027-12-13 20:00:00,369.34,3818.25,40.74,10427.4,9072.3,47.76,0,94.0
UNIT_0009,2026-05-31 00:00:00,368.56,3819.56,40.76,10444.0,9078.2,47.76,0,113.0
UNIT_0047,2028-02-10 22:00:00,370.45,3808.8,40.86,10410.6,9096.8,47.76,1,13.0
UNIT_0012,2026-07-22 10:00:00,369.44,3820.25,40.64,10428.0,9059.3,47.76,0,116.0
UNIT_0028,2027-04-02 20:00:00,368.97,3826.04,40.73,10436.4,9067.0,47.76,0,147.0
UNIT_0034,2027-07-18 10:00:00,370.31,3812.32,40.84,10422.4,9093.5,47.76,0,45.0
UNIT_0050,2028-03-30 22:00:00,369.67,3815.35,40.77,10419.8,9071.6,47.76,0,69.0
UNIT_0049,2028-03-13 22:00:00,369.43,3814.04,40.64,10426.2,9040.9,47.76,0,75.0
UNIT_0010,2026-06-14 00:00:00,368.61,3816.11,40.69,10450.4,9057.5,47.76,0,167.0
UNIT_0043,2027-11-26 22:00:00,368.89,3823.01,40.67,10431.2,9052.4,47.76,0,105.0
UNIT_0042,2027-11-10 10:00:00,369.32,3817.7,40.7,10432.0,9063.0,47.76,0,96.0
UNIT_0040,2027-10-04 08:00:00,369.9,3814.11,40.7,10426.6,9062.2,47.76,0,129.0
UNIT_0039,2027-09-21 10:00:00,369.77,3816.94,40.66,10425.2,9054.3,47.76,0,96.0
UNIT_0025,2027-02-20 14:00:00,369.62,3813.97,40.66,10439.0,9053.6,47.76,0,122.0
UNIT_0050,2028-03-24 00:00:00,369.11,3814.8,40.71,10436.0,9072.0,47.76,0,152.0
UNIT_0023,2027-01-23 12:00:00,369.66,3807.77,40.66,10430.0,9058.3,47.76,0,82.0
UNIT_0006,2026-04-07 14:00:00,369.27,3814.25,40.62,10429.0,9043.7,47.76,0,144.0
UNIT_0006,2026-04-12 02:00:00,369.67,3815.01,40.62,10425.4,9040.6,47.76,0,90.0
UNIT_0038,2027-09-04 08:00:00,369.09,3813.15,40.67,10431.6,9046.4,47.76,0,173.0
UNIT_0007,2026-04-21 10:00:00,368.29,3824.04,40.73,10440.4,9071.1,47.76,0,237.0
UNIT_0039,2027-09-19 00:00:00,369.11,3812.11,40.62,10443.0,9040.0,47.76,0,125.0
UNIT_0039,2027-09-24 16:00:00,369.37,3812.6,40.61,10413.0,9041.0,47.76,0,57.0
UNIT_0024,2027-02-04 16:00:00,369.83,3819.56,40.71,10430.4,9057.4,47.76,0,83.0
UNIT_0034,2027-07-21 08:00:00,370.1,3803.63,41.02,10409.2,9136.6,47.76,1,10.0
UNIT_0030,2027-04-30 00:00:00,369.13,3823.49,40.72,10450.4,9059.2,47.76,0,178.0
UNIT_0030,2027-05-11 06:00:00,369.5,3813.77,40.7,10422.0,9064.5,47.76,0,43.0
UNIT_0048,2028-02-13 14:00:00,369.42,3823.9,40.72,10449.2,9061.1,47.76,0,212.0
UNIT_0042,2027-11-10 16:00:00,369.32,3818.66,40.72,10434.0,9067.2,47.76,0,93.0
UNIT_0007,2026-05-02 06:00:00,369.41,3818.66,40.76,10437.8,9072.7,47.76,0,107.0
UNIT_0027,2027-03-27 20:00:00,370.12,3808.67,40.75,10425.2,9083.5,47.76,0,54.0
UNIT_0036,2027-08-18 02:00:00,370.14,3803.77,40.65,10409.6,9054.2,47.76,1,16.0
UNIT_0046,2028-01-12 00:00:00,369.3,3820.39,40.71,10445.4,9058.6,47.76,0,158.0
UNIT_0025,2027-02-18 12:00:00,369.56,3812.18,40.6,10434.8,9050.9,47.76,0,147.0
UNIT_0014,2026-08-22 08:00:00,369.59,3815.28,40.74,10429.4,9068.2,47.76,0,88.0
UNIT_0008,2026-05-18 00:00:00,369.96,3810.25,40.63,10424.6,9042.5,47.76,0,68.0
UNIT_0011,2026-06-28 08:00:00,369.17,3824.73,40.68,10451.2,9055.9,47.76,0,235.0
UNIT_0022,2027-01-14 00:00:00,370.15,3803.22,40.64,10410.8,9052.3,47.77,1,28.0
UNIT_0022,2027-01-07 10:00:00,369.78,3814.66,40.64,10428.0,9042.8,47.76,0,107.0
UNIT_0046,2028-01-16 22:00:00,369.26,3817.97,40.67,10435.6,9056.0,47.76,0,99.0
UNIT_0028,2027-04-11 12:00:00,369.31,3818.66,40.72,10430.6,9075.1,47.76,0,43.0
UNIT_0022,2026-12-31 20:00:00,369.27,3812.73,40.68,10420.2,9041.7,47.76,0,186.0
UNIT_0004,2026-03-02 18:00:00,369.54,3817.08,40.7,10430.0,9053.0,47.76,0,117.0
UNIT_0021,2026-12-30 02:00:00,370.82,3811.22,41.09,10402.2,9149.2,47.76,1,5.0
UNIT_0040,2027-10-08 16:00:00,369.71,3810.53,40.7,10416.0,9065.8,47.76,0,77.0
UNIT_0034,2027-07-14 16:00:00,369.71,3814.32,40.72,10427.8,9065.4,47.76,0,90.0
UNIT_0010,2026-06-11 08:00:00,369.21,3823.7,40.69,10447.0,9047.9,47.76,0,199.0
UNIT_0019,2026-11-13 02:00:00,370.02,3811.42,40.61,10420.4,9050.2,47.76,0,140.0
UNIT_0018,2026-11-08 08:00:00,369.41,3815.7,40.91,10439.4,9111.4,47.76,0,39.0
UNIT_0011,2026-07-08 10:00:00,368.75,3822.45,40.68,10450.0,9058.4,47.76,0,114.0
UNIT_0020,2026-11-30 18:00:00,369.58,3817.9,40.69,10436.2,9057.5,47.76,0,162.0
UNIT_0005,2026-04-03 12:00:00,370.62,3803.84,41.04,10396.6,9149.7,47.76,1,5.0
UNIT_0046,2028-01-23 08:00:00,369.66,3807.91,40.65,10400.6,9061.9,47.76,1,22.0
UNIT_0028,2027-04-02 16:00:00,368.71,3827.21,40.72,10445.4,9062.0,47.76,0,149.0
UNIT_0015,2026-09-07 20:00:00,369.07,3822.87,40.69,10443.4,9059.8,47.76,0,97.0
UNIT_0012,2026-07-19 12:00:00,369.53,3814.46,40.64,10424.8,9047.0,47.76,0,151.0
UNIT_0006,2026-04-09 18:00:00,369.91,3813.49,40.61,10421.8,9038.5,47.76,0,118.0
UNIT_0010,2026-06-17 06:00:00,368.91,3822.8,40.7,10449.8,9057.5,47.76,0,128.0
UNIT_0002,2026-01-17 02:00:00,368.67,3825.01,40.66,10454.0,9051.3,47.76,0,285.0
UNIT_0028,2027-04-13 14:00:00,370.15,3810.6,40.79,10412.2,9083.7,47.76,1,18.0
UNIT_0015,2026-08-30 18:00:00,369.06,3828.04,40.71,10450.6,9056.7,47.76,0,194.0
UNIT_0003,2026-02-18 04:00:00,369.14,3826.18,40.74,10440.2,9071.5,47.76,0,79.0
UNIT_0031,2027-06-03 06:00:00,370.26,3801.01,40.59,10393.6,9048.9,47.77,1,1.0
UNIT_0028,2027-04-06 10:00:00,369.4,3821.01,40.72,10449.6,9066.9,47.76,0,104.0
UNIT_0004,2026-03-06 06:00:00,369.35,3819.01,40.74,10433.0,9070.9,47.76,0,75.0
UNIT_0041,2027-10-16 06:00:00,369.54,3821.35,40.72,10443.4,9062.9,47.76,0,202.0
UNIT_0012,2026-07-19 14:00:00,369.74,3817.42,40.66,10433.4,9046.2,47.76,0,150.0
UNIT_0007,2026-05-04 04:00:00,369.53,3815.7,40.76,10431.8,9077.9,47.76,0,84.0
UNIT_0009,2026-06-03 20:00:00,369.46,3818.8,40.86,10448.4,9091.7,47.76,0,67.0
UNIT_0047,2028-01-30 00:00:00,368.53,3825.7,40.73,10439.4,9066.4,47.76,0,156.0
UNIT_0021,2026-12-23 04:00:00,369.42,3818.59,40.67,10432.8,9055.7,47.76,0,88.0
UNIT_0018,2026-11-08 16:00:00,369.82,3820.39,40.95,10437.0,9114.6,47.76,0,35.0
UNIT_0023,2027-01-19 08:00:00,369.12,3814.66,40.64,10422.4,9054.8,47.76,0,132.0
UNIT_0042,2027-11-05 22:00:00,369.45,3819.9,40.7,10441.0,9060.8,47.76,0,150.0
UNIT_0045,2027-12-27 20:00:00,369.24,3818.66,40.75,10453.4,9069.2,47.76,0,84.0
UNIT_0034,2027-07-11 08:00:00,369.25,3813.42,40.68,10439.4,9058.8,47.76,0,130.0
UNIT_0032,2027-06-16 06:00:00,369.79,3808.32,40.7,10407.6,9063.3,47.76,0,36.0
UNIT_0042,2027-11-09 00:00:00,369.93,3817.63,40.75,10438.2,9065.4,47.76,0,113.0
UNIT_0049,2028-03-05 20:00:00,369.26,3815.35,40.64,10433.2,9049.5,47.76,0,172.0
UNIT_0025,2027-02-14 14:00:00,368.96,3817.7,40.63,10435.4,9047.5,47.76,0,194.0
UNIT_0010,2026-06-22 18:00:00,369.5,3817.56,40.76,10433.0,9071.7,47.76,0,62.0
UNIT_0024,2027-02-01 04:00:00,369.0,3821.77,40.73,10437.4,9060.3,47.76,0,125.0
UNIT_0009,2026-06-08 00:00:00,370.4,3818.8,41.15,10420.8,9163.5,47.76,1,17.0
UNIT_0044,2027-12-14 16:00:00,369.7,3817.84,40.78,10433.0,9073.4,47.76,0,84.0
UNIT_0034,2027-07-13 12:00:00,369.02,3815.01,40.74,10438.8,9063.0,47.76,0,104.0
UNIT_0032,2027-06-11 10:00:00,369.61,3812.18,40.7,10426.6,9058.2,47.76,0,94.0
UNIT_0018,2026-11-01 22:00:00,369.02,3824.25,40.74,10440.4,9069.1,47.76,0,116.0
UNIT_0033,2027-07-03 10:00:00,369.5,3811.29,40.68,10407.4,9062.5,47.76,1,30.0
UNIT_0012,2026-07-18 06:00:00,369.35,3810.53,40.62,10428.6,9046.3,47.76,0,166.0
UNIT_0007,2026-05-01 14:00:00,369.48,3818.8,40.76,10435.0,9072.8,47.76,0,115.0
UNIT_0002,2026-01-29 12:00:00,369.39,3817.35,40.72,10445.6,9055.3,47.76,0,136.0
UNIT_0026,2027-03-04 06:00:00,369.34,3820.94,40.65,10431.8,9050.4,47.76,0,181.0
UNIT_0016,2026-09-19 08:00:00,369.31,3811.63,40.67,10416.0,9061.4,47.76,0,168.0
UNIT_0012,2026-07-30 14:00:00,369.88,3804.94,40.62,10399.6,9049.8,47.76,1,18.0
UNIT_0004,2026-03-02 14:00:00,369.27,3816.94,40.68,10438.0,9054.7,47.76,0,119.0
UNIT_0023,2027-01-17 10:00:00,368.9,3814.04,40.68,10427.8,9056.9,47.76,0,155.0
UNIT_0005,2026-03-23 08:00:00,369.92,3818.04,40.77,10442.2,9073.9,47.76,0,139.0
UNIT_0043,2027-12-01 06:00:00,369.68,3809.91,40.65,10437.6,9054.2,47.76,0,53.0
UNIT_0027,2027-03-30 14:00:00,369.69,3814.73,40.86,10413.4,9100.6,47.76,1,21.0
UNIT_0046,2028-01-23 20:00:00,369.85,3801.15,40.64,10408.4,9054.2,47.76,1,16.0
UNIT_0017,2026-10-21 00:00:00,369.41,3816.66,40.87,10422.2,9098.5,47.76,0,64.0
UNIT_0041,2027-10-27 14:00:00,369.77,3813.7,40.78,10425.0,9081.9,47.76,0,66.0
UNIT_0050,2028-03-26 14:00:00,368.92,3817.01,40.75,10436.8,9066.9,47.76,0,121.0
UNIT_0020,2026-11-25 08:00:00,369.29,3822.45,40.71,10421.4,9058.4,47.76,0,227.0
UNIT_0006,2026-04-19 06:00:00,370.37,3801.15,40.55,10388.4,9031.1,47.76,1,4.0
UNIT_0050,2028-03-24 16:00:00,368.88,3816.53,40.71,10423.8,9065.5,47.76,0,144.0
UNIT_0007,2026-04-23 08:00:00,369.1,3820.18,40.76,10447.8,9071.5,47.76,0,214.0
UNIT_0004,2026-02-25 00:00:00,369.01,3816.39,40.66,10427.0,9052.6,47.76,0,186.0
UNIT_0030,2027-05-06 12:00:00,369.29,3821.35,40.7,10443.4,9064.0,47.76,0,100.0
UNIT_0007,2026-05-05 08:00:00,369.65,3814.46,40.76,10422.6,9077.1,47.76,0,70.0
UNIT_0051,2028-04-08 20:00:00,369.38,3821.42,40.71,10445.0,9068.2,47.76,0,175.0
UNIT_0023,2027-01-18 10:00:00,369.55,3822.04,40.69,10417.6,9055.4,47.76,0,143.0
UNIT_0044,2027-12-12 20:00:00,369.18,3817.56,40.76,10435.4,9067.9,47.76,0,106.0
UNIT_0026,2027-03-06 12:00:00,368.91,3814.11,40.65,10419.4,9050.8,47.76,0,154.0
UNIT_0011,2026-07-12 22:00:00,369.76,3814.39,40.79,10434.4,9076.4,47.76,0,60.0
UNIT_0049,2028-03-12 04:00:00,369.95,3813.63,40.66,10421.8,9050.8,47.76,0,96.0
UNIT_0049,2028-03-09 02:00:00,369.56,3810.94,40.64,10415.2,9041.5,47.76,0,133.0
UNIT_0036,2027-08-09 08:00:00,369.33,3811.01,40.68,10415.8,9062.3,47.76,0,121.0
UNIT_0005,2026-04-01 10:00:00,369.9,3816.53,40.93,10430.2,9120.7,47.76,1,30.0
UNIT_0012,2026-07-30 08:00:00,370.39,3804.8,40.63,10407.2,9046.6,47.76,1,21.0
UNIT_0046,2028-01-18 08:00:00,369.52,3819.97,40.72,10426.0,9066.0,47.76,0,82.0
UNIT_0027,2027-03-24 20:00:00,369.66,3818.32,40.71,10430.4,9065.5,47.76,0,90.0
UNIT_0016,2026-09-24 12:00:00,369.4,3807.91,40.69,10411.0,9061.8,47.76,0,106.0
UNIT_0029,2027-04-25 06:00:00,369.43,3812.94,40.69,10421.8,9059.4,47.76,0,41.0
UNIT_0020,2026-12-01 00:00:00,369.83,3815.35,40.67,10437.4,9060.4,47.76,0,159.0
UNIT_0029,2027-04-22 10:00:00,369.37,3812.25,40.68,10426.0,9059.0,47.76,0,75.0
UNIT_0034,2027-07-09 18:00:00,369.7,3817.49,40.71,10436.6,9057.0,47.76,0,149.0
UNIT_0048,2028-02-19 18:00:00,368.66,3822.32,40.76,10440.8,9063.2,47.76,0,138.0
UNIT_0045,2028-01-03 12:00:00,370.31,3801.08,40.82,10390.4,9087.8,47.76,1,4.0
UNIT_0001,2026-01-06 14:00:00,369.36,3819.97,40.66,10434.4,9051.8,47.76,0,124.0
UNIT_0041,2027-10-23 06:00:00,369.29,3819.35,40.75,10434.2,9063.6,47.76,0,118.0
UNIT_0001,2026-01-04 08:00:00,369.25,3817.77,40.69,10441.4,9049.0,47.76,0,151.0
UNIT_0011,2026-07-09 02:00:00,369.31,3813.7,40.74,10435.8,9069.3,47.76,0,106.0
UNIT_0012,2026-07-18 10:00:00,369.49,3819.56,40.66,10432.2,9051.3,47.76,0,164.0
UNIT_0038,2027-09-04 18:00:00,369.99,3809.35,40.64,10429.4,9044.4,47.76,0,168.0
UNIT_0051,2028-04-10 02:00:00,369.23,3824.73,40.77,10445.2,9064.9,47.76,0,160.0
UNIT_0025,2027-02-14 16:00:00,369.64,3813.63,40.65,10433.0,9045.2,47.76,0,193.0
UNIT_0027,2027-03-20 12:00:00,369.22,3818.46,40.76,10439.6,9056.6,47.76,0,142.0
UNIT_0029,2027-04-27 02:00:00,370.06,3806.05,40.63,10408.4,9049.1,47.77,1,19.0
UNIT_0032,2027-06-04 08:00:00,369.56,3814.87,40.66,10419.0,9051.1,47.76,0,179.0
UNIT_0035,2027-08-04 06:00:00,369.57,3808.67,40.77,10408.2,9075.9,47.76,1,24.0
UNIT_0017,2026-10-15 06:00:00,369.39,3814.25,40.75,10449.8,9069.5,47.76,0,133.0
UNIT_0035,2027-07-23 00:00:00,369.21,3821.77,40.68,10441.6,9058.3,47.76,0,171.0
UNIT_0011,2026-07-17 06:00:00,370.42,3809.35,41.05,10406.0,9138.9,47.76,1,8.0
UNIT_0041,2027-10-28 02:00:00,369.61,3821.01,40.84,10446.0,9088.7,47.76,0,60.0
UNIT_0042,2027-11-12 12:00:00,369.51,3811.84,40.69,10436.0,9060.5,47.76,0,71.0
UNIT_0012,2026-07-29 08:00:00,369.5,3809.22,40.63,10413.0,9049.4,47.76,0,33.0
UNIT_0049,2028-03-12 14:00:00,369.34,3812.8,40.59,10422.0,9047.0,47.76,0,91.0
UNIT_0014,2026-08-15 22:00:00,369.69,3815.42,40.67,10432.6,9059.6,47.76,0,165.0
UNIT_0030,2027-05-11 16:00:00,369.19,3815.9,40.68,10418.4,9060.8,47.76,0,38.0
UNIT_0047,2028-02-05 10:00:00,368.71,3811.22,40.76,10445.2,9082.2,47.76,0,79.0
UNIT_0046,2028-01-21 08:00:00,369.97,3812.04,40.68,10416.6,9053.0,47.76,0,46.0
UNIT_0006,2026-04-06 06:00:00,369.53,3815.7,40.61,10425.0,9040.9,47.76,0,160.0
UNIT_0050,2028-03-22 08:00:00,369.59,3820.8,40.73,10439.6,9074.1,47.76,0,172.0
UNIT_0037,2027-08-25 20:00:00,369.28,3815.15,40.59,10436.4,9047.2,47.76,0,93.0
UNIT_0043,2027-11-23 00:00:00,369.23,3819.63,40.72,10438.6,9048.7,47.76,0,152.0
UNIT_0047,2028-02-08 08:00:00,369.85,3815.28,40.77,10420.4,9080.4,47.76,0,44.0
UNIT_0023,2027-01-30 00:00:00,370.37,3801.29,40.68,10389.6,9058.4,47.77,1,4.0
UNIT_0028,2027-04-03 20:00:00,368.75,3823.28,40.74,10453.2,9060.8,47.76,0,135.0
UNIT_0029,2027-04-25 14:00:00,370.14,3811.42,40.68,10417.2,9062.0,47.76,0,37.0
UNIT_0039,2027-09-23 04:00:00,369.23,3813.42,40.62,10431.6,9046.6,47.76,0,75.0
UNIT_0019,2026-11-12 18:00:00,370.06,3814.66,40.62,10426.6,9050.0,47.76,0,144.0
UNIT_0011,2026-07-05 00:00:00,369.48,3821.7,40.7,10448.8,9063.4,47.76,0,155.0
UNIT_0025,2027-02-27 22:00:00,370.27,3802.74,40.84,10416.0,9093.5,47.76,0,34.0
UNIT_0011,2026-07-14 06:00:00,370.09,3811.84,40.84,10426.4,9090.2,47.76,0,44.0
UNIT_0027,2027-03-26 12:00:00,369.72,3818.04,40.75,10420.0,9070.1,47.76,0,70.0
UNIT_0038,2027-09-12 22:00:00,369.41,3815.9,40.71,10412.4,9061.4,47.76,0,70.0
UNIT_0042,2027-11-04 06:00:00,369.37,3820.39,40.71,10446.4,9061.2,47.76,0,170.0
UNIT_0036,2027-08-14 20:00:00,369.63,3810.6,40.67,10407.2,9059.1,47.76,0,55.0
UNIT_0048,2028-02-18 00:00:00,368.93,3823.76,40.73,10435.6,9065.2,47.76,0,159.0
UNIT_0020,2026-12-07 16:00:00,369.94,3808.46,40.69,10413.8,9059.4,47.76,0,79.0
UNIT_0010,2026-06-13 22:00:00,368.69,3823.21,40.71,10442.2,9051.8,47.76,0,168.0
UNIT_0048,2028-02-20 06:00:00,369.64,3820.59,40.77,10445.4,9077.3,47.76,0,132.0
UNIT_0050,2028-03-27 08:00:00,369.45,3814.73,40.72,10428.2,9064.4,47.76,0,112.0
UNIT_0034,2027-07-18 02:00:00,369.79,3811.08,40.84,10431.2,9093.3,47.76,0,49.0
UNIT_0049,2028-03-09 20:00:00,369.74,3816.04,40.64,10432.4,9042.6,47.76,0,124.0
UNIT_0022,2026-12-30 18:00:00,369.26,3810.53,40.63,10416.2,9056.5,47.76,0,199.0
UNIT_0036,2027-08-07 06:00:00,369.2,3815.9,40.72,10433.4,9062.3,47.76,0,146.0
UNIT_0002,2026-02-05 06:00:00,369.83,3816.46,40.76,10418.0,9070.7,47.76,0,55.0
UNIT_0002,2026-01-24 08:00:00,368.8,3820.94,40.68,10448.4,9054.7,47.76,0,198.0
UNIT_0009,2026-06-08 16:00:00,370.08,3808.04,41.26,10402.2,9189.5,47.76,1,9.0
UNIT_0003,2026-02-19 14:00:00,369.61,3818.59,40.76,10434.8,9086.9,47.76,0,62.0
UNIT_0044,2027-12-16 22:00:00,369.68,3812.32,40.75,10432.0,9080.4,47.76,0,57.0
UNIT_0019,2026-11-23 10:00:00,370.5,3801.49,40.6,10398.6,9042.0,47.76,1,16.0
UNIT_0031,2027-05-27 20:00:00,369.63,3817.77,40.65,10423.6,9061.0,47.76,0,78.0
UNIT_0029,2027-04-17 18:00:00,369.77,3816.59,40.68,10437.2,9052.3,47.76,0,131.0
UNIT_0029,2027-04-27 12:00:00,370.09,3806.94,40.64,10406.0,9053.0,47.76,1,14.0
UNIT_0018,2026-10-29 12:00:00,369.25,3822.94,40.73,10449.2,9055.9,47.76,0,157.0
UNIT_0035,2027-07-25 10:00:00,369.58,3819.63,40.72,10430.0,9059.1,47.76,0,142.0
UNIT_0004,2026-03-11 22:00:00,370.27,3804.32,41.15,10411.0,9166.2,47.76,1,7.0
UNIT_0023,2027-01-19 00:00:00,368.89,3816.04,40.64,10434.2,9048.0,47.76,0,136.0
UNIT_0038,2027-09-17 16:00:00,370.42,3804.8,40.98,10417.2,9126.0,47.76,1,13.0
UNIT_0001,2026-01-12 18:00:00,369.36,3813.56,40.62,10408.8,9046.6,47.76,0,50.0
UNIT_0013,2026-08-05 10:00:00,369.41,3814.59,40.7,10435.0,9055.3,47.76,0,111.0
UNIT_0034,2027-07-13 10:00:00,369.86,3819.63,40.74,10425.4,9066.2,47.76,0,105.0
UNIT_0040,2027-10-09 08:00:00,370.08,3810.73,40.77,10415.4,9079.8,47.76,0,69.0
UNIT_0007,2026-04-25 18:00:00,368.95,3817.28,40.76,10450.2,9073.8,47.76,0,185.0
UNIT_0018,2026-11-03 04:00:00,368.58,3824.04,40.74,10442.4,9054.9,47.76,0,101.0
UNIT_0045,2028-01-01 20:00:00,370.1,3810.6,40.77,10421.6,9088.2,47.76,1,24.0
UNIT_0050,2028-04-04 14:00:00,370.09,3805.63,40.93,10407.6,9114.8,47.76,1,13.0
UNIT_0032,2027-06-15 04:00:00,370.29,3804.39,40.73,10419.8,9069.4,47.76,0,49.0
UNIT_0024,2027-01-31 02:00:00,368.9,3820.18,40.7,10443.2,9062.9,47.76,0,138.0
UNIT_0019,2026-11-14 08:00:00,369.81,3814.18,40.67,10422.6,9047.3,47.76,0,125.0
UNIT_0006,2026-04-05 20:00:00,369.5,3812.32,40.61,10429.4,9039.1,47.76,0,165.0
UNIT_0011,2026-07-08 02:00:00,369.68,3818.39,40.72,10439.8,9059.8,47.76,0,118.0
UNIT_0041,2027-10-18 10:00:00,369.49,3821.21,40.76,10446.2,9065.4,47.76,0,176.0
UNIT_0009,2026-05-29 22:00:00,369.66,3819.97,40.75,10451.4,9065.0,47.76,0,126.0
UNIT_0020,2026-11-25 04:00:00,369.4,3813.22,40.68,10429.6,9054.1,47.76,0,229.0
UNIT_0048,2028-02-16 08:00:00,369.13,3827.56,40.75,10455.0,9074.7,47.76,0,179.0
UNIT_0023,2027-01-23 04:00:00,369.82,3815.28,40.65,10428.8,9055.9,47.76,0,86.0
UNIT_0002,2026-02-08 06:00:00,369.95,3806.6,40.81,10418.6,9085.1,47.76,1,19.0
UNIT_0031,2027-05-25 14:00:00,368.83,3817.15,40.72,10436.8,9059.6,47.76,0,105.0
UNIT_0049,2028-03-06 04:00:00,369.43,3817.08,40.65,10428.8,9045.1,47.76,0,168.0
UNIT_0005,2026-03-21 00:00:00,369.48,3824.11,40.74,10439.6,9072.2,47.76,0,167.0
UNIT_0018,2026-11-05 08:00:00,369.06,3821.21,40.76,10444.6,9070.9,47.76,0,75.0
UNIT_0007,2026-04-22 08:00:00,369.04,3822.94,40.75,10455.0,9065.6,47.76,0,226.0
UNIT_0032,2027-06-15 20:00:00,369.97,3808.18,40.69,10413.4,9063.6,47.76,0,41.0
UNIT_0023,2027-01-21 16:00:00,369.99,3812.32,40.65,10428.2,9053.2,47.76,0,104.0
UNIT_0032,2027-06-08 20:00:00,370.06,3814.46,40.61,10413.2,9052.9,47.76,0,125.0
UNIT_0030,2027-05-09 18:00:00,369.37,3819.42,40.7,10430.8,9059.6,47.76,0,61.0
UNIT_0030,2027-05-10 12:00:00,369.46,3816.04,40.72,10433.6,9060.6,47.76,0,52.0
UNIT_0031,2027-05-19 08:00:00,368.55,3823.63,40.7,10443.8,9057.2,47.76,0,180.0
UNIT_0002,2026-02-06 18:00:00,370.0,3812.8,40.77,10407.4,9076.4,47.76,0,37.0
UNIT_0034,2027-07-09 22:00:00,369.04,3821.21,40.71,10426.0,9063.2,47.76,0,147.0
UNIT_0008,2026-05-14 12:00:00,369.18,3814.18,40.62,10432.8,9050.6,47.76,0,110.0
UNIT_0011,2026-07-06 12:00:00,369.35,3818.25,40.72,10441.0,9056.2,47.76,0,137.0
UNIT_0003,2026-02-23 06:00:00,370.45,3811.56,41.01,10409.6,9146.2,47.76,1,18.0
UNIT_0050,2028-03-29 08:00:00,369.39,3815.08,40.73,10432.2,9068.8,47.76,0,88.0
UNIT_0019,2026-11-16 04:00:00,369.54,3812.53,40.65,10430.4,9045.3,47.76,0,103.0
UNIT_0048,2028-02-22 22:00:00,369.5,3817.77,40.8,10437.6,9079.8,47.76,0,100.0
UNIT_0031,2027-05-28 00:00:00,369.31,3816.39,40.66,10428.8,9055.8,47.76,0,76.0
UNIT_0041,2027-10-28 10:00:00,369.57,3817.15,40.84,10429.4,9093.6,47.76,0,56.0
UNIT_0047,2028-01-25 08:00:00,369.45,3826.94,40.73,10445.8,9066.0,47.76,0,212.0
UNIT_0032,2027-06-13 16:00:00,369.61,3811.56,40.69,10416.4,9059.3,47.76,0,67.0
UNIT_0012,2026-07-28 10:00:00,369.79,3811.97,40.65,10418.6,9050.6,47.76,0,44.0
UNIT_0010,2026-06-13 04:00:00,368.88,3824.73,40.68,10452.2,9051.4,47.76,0,177.0
UNIT_0005,2026-03-31 04:00:00,369.79,3812.8,40.9,10423.6,9105.9,47.76,0,45.0
UNIT_0001,2026-01-13 22:00:00,369.89,3814.46,40.64,10415.0,9044.2,47.77,0,36.0
UNIT_0011,2026-07-11 06:00:00,369.67,3814.11,40.74,10435.6,9072.8,47.76,0,80.0
UNIT_0050,2028-03-27 18:00:00,369.33,3814.59,40.73,10430.0,9066.8,47.76,0,107.0
UNIT_0023,2027-01-17 12:00:00,369.13,3813.22,40.66,10440.6,9053.3,47.76,0,154.0
UNIT_0005,2026-04-01 18:00:00,370.1,3812.46,40.94,10413.8,9125.4,47.76,1,26.0
UNIT_0031,2027-05-20 02:00:00,369.36,3824.18,40.7,10441.6,9053.8,47.76,0,171.0
UNIT_0033,2027-06-19 14:00:00,368.86,3820.32,40.71,10451.4,9059.7,47.76,0,196.0
UNIT_0015,2026-09-03 00:00:00,369.11,3821.28,40.71,10442.0,9065.9,47.76,0,155.0
UNIT_0004,2026-03-02 06:00:00,369.75,3820.59,40.67,10428.6,9061.6,47.76,0,123.0
UNIT_0022,2027-01-01 08:00:00,369.52,3813.35,40.66,10416.4,9042.1,47.76,0,180.0
UNIT_0005,2026-03-19 12:00:00,369.44,3825.63,40.76,10442.0,9066.3,47.76,0,185.0
UNIT_0015,2026-08-31 10:00:00,369.36,3823.01,40.72,10452.4,9056.4,47.76,0,186.0
UNIT_0041,2027-10-16 18:00:00,368.79,3820.8,40.76,10440.4,9061.2,47.76,0,196.0
UNIT_0034,2027-07-18 14:00:00,369.71,3811.15,40.83,10421.0,9088.5,47.76,0,43.0
UNIT_0043,2027-12-01 00:00:00,369.54,3815.56,40.65,10419.0,9046.6,47.76,0,56.0
UNIT_0033,2027-06-19 16:00:00,368.69,3822.32,40.74,10444.0,9067.5,47.76,0,195.0
UNIT_0005,2026-03-16 14:00:00,368.96,3824.11,40.77,10450.0,9069.2,47.76,0,220.0
UNIT_0016,2026-09-28 14:00:00,369.6,3805.36,40.69,10429.8,9061.6,47.76,0,57.0
UNIT_0011,2026-07-13 20:00:00,369.29,3811.22,40.84,10426.2,9082.6,47.76,0,49.0
UNIT_0036,2027-08-15 08:00:00,370.04,3811.29,40.69,10427.2,9057.1,47.76,0,49.0
UNIT_0049,2028-03-03 02:00:00,368.95,3814.73,40.65,10429.6,9045.1,47.76,0,205.0
UNIT_0039,2027-09-24 18:00:00,369.8,3810.46,40.63,10416.0,9039.2,47.76,0,56.0
UNIT_0050,2028-03-22 20:00:00,369.48,3815.35,40.74,10445.2,9060.9,47.76,0,166.0
UNIT_0025,2027-02-24 20:00:00,369.96,3812.32,40.73,10420.8,9067.5,47.76,0,71.0
UNIT_0033,2027-06-22 12:00:00,369.25,3825.21,40.71,10456.0,9066.0,47.76,0,161.0
UNIT_0020,2026-12-11 16:00:00,370.35,3807.91,40.71,10409.2,9071.4,47.76,0,31.0
UNIT_0047,2028-02-10 16:00:00,369.6,3806.11,40.83,10407.8,9086.8,47.76,1,16.0
UNIT_0009,2026-05-23 22:00:00,369.35,3824.87,40.7,10452.6,9057.6,47.76,0,198.0
UNIT_0008,2026-05-22 12:00:00,370.4,3803.36,40.6,10397.6,9045.0,47.76,1,14.0
UNIT_0049,2028-03-18 12:00:00,370.67,3800.94,40.67,10398.6,9051.7,47.76,1,20.0
UNIT_0049,2028-03-06 18:00:00,369.42,3819.42,40.61,10428.0,9043.7,47.76,0,161.0
UNIT_0051,2028-04-10 22:00:00,368.92,3818.94,40.76,10448.0,9061.2,47.76,0,150.0
UNIT_0042,2027-11-17 08:00:00,370.36,3803.84,40.72,10397.0,9055.8,47.76,1,13.0
UNIT_0019,2026-11-16 06:00:00,369.71,3815.35,40.61,10424.4,9049.7,47.76,0,102.0
UNIT_0032,2027-06-09 22:00:00,369.56,3813.08,40.64,10432.6,9047.0,47.76,0,112.0
UNIT_0017,2026-10-07 00:00:00,368.68,3823.83,40.7,10442.2,9065.5,47.76,0,232.0
UNIT_0049,2028-03-04 04:00:00,369.12,3816.73,40.64,10428.8,9035.0,47.76,0,192.0
UNIT_0005,2026-03-24 02:00:00,369.18,3827.21,40.77,10444.0,9082.5,47.76,0,130.0
UNIT_0009,2026-06-01 18:00:00,369.03,3821.08,40.76,10442.8,9074.0,47.76,0,92.0
UNIT_0023,2027-01-16 22:00:00,369.2,3815.22,40.67,10421.6,9049.2,47.76,0,161.0
UNIT_0003,2026-02-18 22:00:00,369.33,3825.97,40.75,10431.8,9073.8,47.76,0,70.0
UNIT_0050,2028-03-24 02:00:00,369.63,3814.59,40.71,10445.0,9061.2,47.76,0,151.0
UNIT_0025,2027-02-28 02:00:00,370.15,3806.94,40.81,10407.4,9090.7,47.76,0,32.0
UNIT_0040,2027-10-11 12:00:00,369.72,3813.49,40.81,10408.8,9087.3,47.76,0,43.0
UNIT_0043,2027-11-25 14:00:00,368.91,3815.77,40.7,10433.6,9053.9,47.76,0,121.0
UNIT_0049,2028-03-04 12:00:00,369.26,3817.56,40.61,10432.0,9046.1,47.76,0,188.0
UNIT_0051,2028-04-10 14:00:00,369.21,3819.63,40.74,10446.8,9070.6,47.76,0,154.0
UNIT_0028,2027-04-02 22:00:00,368.71,3827.9,40.72,10441.2,9066.6,47.76,0,146.0
UNIT_0040,2027-10-08 12:00:00,369.5,3814.53,40.71,10425.2,9076.1,47.76,0,79.0
UNIT_0048,2028-02-13 08:00:00,368.98,3823.97,40.72,10453.2,9062.8,47.76,0,215.0
UNIT_0028,2027-04-05 12:00:00,368.78,3819.21,40.72,10443.0,9053.3,47.76,0,115.0
UNIT_0049,2028-03-04 22:00:00,369.78,3811.97,40.64,10427.4,9042.0,47.76,0,183.0
UNIT_0046,2028-01-10 06:00:00,369.1,3824.94,40.7,10441.2,9059.0,47.76,0,179.0
UNIT_0028,2027-04-08 18:00:00,368.81,3820.66,40.74,10445.2,9061.6,47.76,0,76.0
UNIT_0017,2026-10-24 10:00:00,370.07,3812.73,41.01,10418.0,9131.2,47.76,1,23.0
UNIT_0007,2026-04-27 06:00:00,369.3,3821.63,40.74,10437.8,9067.4,47.76,0,167.0
UNIT_0002,2026-01-23 00:00:00,368.58,3822.52,40.71,10459.0,9057.4,47.76,0,214.0
UNIT_0017,2026-10-23 14:00:00,370.32,3813.49,40.97,10419.2,9120.7,47.76,0,33.0
UNIT_0035,2027-07-25 08:00:00,368.78,3821.77,40.69,10434.0,9059.6,47.76,0,143.0
UNIT_0039,2027-09-28 16:00:00,370.64,3806.11,40.59,10391.4,9039.6,47.76,1,9.0
UNIT_0034,2027-07-20 16:00:00,370.07,3808.94,40.97,10418.2,9124.0,47.76,1,18.0
UNIT_0015,2026-09-13 18:00:00,369.71,3807.98,40.65,10416.6,9053.0,47.76,1,26.0
UNIT_0025,2027-02-23 18:00:00,369.4,3811.01,40.72,10431.8,9065.1,47.76,0,84.0
UNIT_0043,2027-12-01 16:00:00,369.29,3811.15,40.63,10419.8,9048.1,47.76,0,48.0
UNIT_0019,2026-11-19 00:00:00,369.62,3803.98,40.65,10413.2,9043.3,47.76,0,69.0
UNIT_0047,2028-01-27 00:00:00,368.73,3824.25,40.74,10440.2,9059.0,47.76,0,192.0
UNIT_0012,2026-07-20 00:00:00,369.22,3814.11,40.63,10431.0,9047.3,47.76,0,145.0
UNIT_0032,2027-06-07 20:00:00,369.49,3814.94,40.64,10427.8,9054.4,47.76,0,137.0
UNIT_0044,2027-12-09 00:00:00,368.86,3824.11,40.75,10442.2,9068.5,47.76,0,152.0
UNIT_0018,2026-11-06 06:00:00,369.94,3814.53,40.79,10439.4,9085.3,47.76,0,64.0
UNIT_0002,2026-01-21 12:00:00,369.18,3823.42,40.67,10454.0,9044.6,47.76,0,232.0
UNIT_0008,2026-05-13 20:00:00,369.72,3812.25,40.63,10431.6,9049.2,47.76,0,118.0
UNIT_0049,2028-03-17 20:00:00,370.31,3814.04,40.64,10405.6,9045.1,47.76,1,28.0
UNIT_0007,2026-05-08 10:00:00,369.7,3809.29,40.75,10414.0,9076.7,47.76,0,33.0
UNIT_0042,2027-11-17 06:00:00,369.66,3808.18,40.69,10412.4,9066.2,47.76,1,14.0
UNIT_0005,2026-03-18 22:00:00,369.84,3824.45,40.72,10444.2,9069.5,47.76,0,192.0
UNIT_0039,2027-09-22 10:00:00,370.19,3814.8,40.64,10422.8,9037.2,47.76,0,84.0
UNIT_0022,2026-12-30 16:00:00,369.44,3812.25,40.66,10422.8,9044.0,47.76,0,200.0
UNIT_0004,2026-02-25 18:00:00,369.48,3822.39,40.65,10435.4,9053.1,47.76,0,177.0
UNIT_0018,2026-10-28 08:00:00,368.93,3825.07,40.72,10449.4,9059.0,47.76,0,171.0
UNIT_0025,2027-03-02 16:00:00,370.65,3803.29,41.06,10402.0,9146.6,47.76,1,1.0
UNIT_0009,2026-06-09 04:00:00,370.31,3811.84,41.36,10397.2,9214.6,47.76,1,3.0
UNIT_0043,2027-11-27 08:00:00,368.89,3817.97,40.69,10445.8,9054.4,47.76,0,100.0
UNIT_0026,2027-03-14 08:00:00,370.26,3815.56,40.72,10419.2,9070.3,47.76,0,60.0
UNIT_0037,2027-08-22 14:00:00,369.53,3816.87,40.62,10434.4,9045.3,47.76,0,132.0
UNIT_0020,2026-11-26 20:00:00,369.07,3818.66,40.71,10430.4,9051.9,47.76,0,209.0
UNIT_0035,2027-08-03 18:00:00,370.15,3807.84,40.77,10420.4,9073.1,47.76,1,30.0
UNIT_0031,2027-05-18 04:00:00,369.46,3817.42,40.71,10443.2,9056.1,47.76,0,194.0
UNIT_0029,2027-04-16 06:00:00,369.15,3814.46,40.7,10446.4,9060.5,47.76,0,149.0
UNIT_0013,2026-08-13 16:00:00,370.45,3805.77,40.98,10400.8,9126.0,47.76,1,12.0
UNIT_0013,2026-08-04 22:00:00,369.71,3813.63,40.68,10426.0,9045.6,47.76,0,117.0
UNIT_0030,2027-05-08 04:00:00,369.38,3821.9,40.73,10449.4,9063.1,47.76,0,80.0
UNIT_0009,2026-05-29 10:00:00,368.89,3824.73,40.74,10439.8,9066.5,47.76,0,132.0
UNIT_0033,2027-06-27 10:00:00,369.59,3821.97,40.72,10455.4,9064.9,47.76,0,102.0
UNIT_0015,2026-09-09 02:00:00,369.69,3812.94,40.67,10439.0,9057.1,47.76,0,82.0
UNIT_0036,2027-08-18 10:00:00,370.6,3801.01,40.65,10397.8,9061.9,47.76,1,12.0
UNIT_0011,2026-07-12 06:00:00,369.3,3820.46,40.78,10433.4,9082.2,47.76,0,68.0
UNIT_0037,2027-08-30 08:00:00,369.55,3810.04,40.59,10411.4,9043.2,47.76,0,39.0
UNIT_0018,2026-11-04 12:00:00,369.4,3813.77,40.8,10441.8,9069.0,47.76,0,85.0
UNIT_0004,2026-02-27 06:00:00,369.55,3820.32,40.66,10433.6,9055.7,47.76,0,159.0
UNIT_0031,2027-05-16 22:00:00,368.66,3826.8,40.7,10433.6,9053.4,47.76,0,209.0
UNIT_0036,2027-08-13 06:00:00,369.23,3813.7,40.67,10426.0,9062.2,47.76,0,74.0
UNIT_0003,2026-02-21 00:00:00,369.3,3821.14,40.85,10432.0,9091.1,47.76,0,45.0
UNIT_0037,2027-08-21 06:00:00,369.37,3819.9,40.6,10428.8,9044.7,47.76,0,148.0
UNIT_0047,2028-02-07 02:00:00,369.95,3819.08,40.77,10434.2,9075.0,47.76,0,59.0
UNIT_0016,2026-09-24 16:00:00,369.61,3813.97,40.68,10425.4,9071.0,47.76,0,104.0
UNIT_0011,2026-07-08 22:00:00,368.96,3821.56,40.71,10443.4,9058.6,47.76,0,108.0
UNIT_0050,2028-03-26 02:00:00,368.85,3816.53,40.75,10434.4,9063.6,47.76,0,127.0
UNIT_0034,2027-07-07 10:00:00,369.01,3815.22,40.67,10444.2,9051.3,47.76,0,177.0
UNIT_0020,2026-12-11 14:00:00,369.88,3807.91,40.72,10405.8,9071.7,47.76,0,32.0
UNIT_0009,2026-06-08 04:00:00,370.01,3808.67,41.19,10425.8,9171.2,47.76,1,15.0
UNIT_0049,2028-03-05 04:00:00,370.3,3816.66,40.65,10439.8,9045.2,47.76,0,180.0
UNIT_0042,2027-11-11 10:00:00,369.95,3819.56,40.7,10429.6,9058.5,47.76,0,84.0
UNIT_0002,2026-01-22 12:00:00,369.02,3826.52,40.69,10451.6,9049.0,47.76,0,220.0
UNIT_0015,2026-09-01 16:00:00,369.41,3822.52,40.71,10458.4,9047.4,47.76,0,171.0
UNIT_0048,2028-02-25 08:00:00,369.24,3817.08,40.84,10436.8,9087.6,47.76,0,71.0
UNIT_0025,2027-02-16 22:00:00,369.28,3814.66,40.64,10430.8,9044.9,47.76,0,166.0
UNIT_0014,2026-08-24 04:00:00,369.96,3812.8,40.74,10429.4,9070.5,47.76,0,66.0
UNIT_0033,2027-06-29 02:00:00,369.3,3818.73,40.75,10446.0,9063.5,47.76,0,82.0
UNIT_0017,2026-10-06 06:00:00,369.19,3819.42,40.73,10439.6,9063.3,47.76,0,241.0
UNIT_0017,2026-10-21 18:00:00,369.53,3814.8,40.9,10423.8,9101.4,47.76,0,55.0
UNIT_0022,2027-01-16 06:00:00,370.55,3800.67,40.61,10392.2,9053.0,47.77,1,1.0
UNIT_0049,2028-03-15 16:00:00,370.56,3812.32,40.67,10414.8,9050.5,47.76,0,54.0
UNIT_0041,2027-10-22 00:00:00,369.28,3817.28,40.75,10447.4,9070.1,47.76,0,133.0
UNIT_0027,2027-03-21 02:00:00,369.41,3818.73,40.71,10441.4,9067.9,47.76,0,135.0
UNIT_0026,2027-03-12 06:00:00,369.59,3812.18,40.7,10424.2,9061.9,47.76,0,85.0
UNIT_0011,2026-07-10 10:00:00,368.91,3817.49,40.72,10437.8,9066.0,47.76,0,90.0
UNIT_0031,2027-05-21 06:00:00,368.95,3819.49,40.66,10438.8,9058.2,47.76,0,157.0
UNIT_0023,2027-01-23 20:00:00,369.79,3815.28,40.66,10419.0,9057.2,47.76,0,78.0
UNIT_0025,2027-02-21 16:00:00,369.25,3812.6,40.66,10426.6,9060.6,47.76,0,109.0
UNIT_0034,2027-07-14 04:00:00,369.28,3814.73,40.74,10443.8,9069.4,47.76,0,96.0
UNIT_0048,2028-02-17 00:00:00,368.81,3818.32,40.73,10443.0,9064.0,47.76,0,171.0
UNIT_0003,2026-02-10 08:00:00,369.5,3825.63,40.69,10451.6,9048.6,47.76,0,173.0
UNIT_0011,2026-07-04 06:00:00,368.92,3818.18,40.7,10435.8,9059.0,47.76,0,164.0
UNIT_0027,2027-03-28 08:00:00,369.35,3814.8,40.76,10425.6,9078.2,47.76,0,48.0
UNIT_0039,2027-09-23 06:00:00,369.48,3812.6,40.62,10417.2,9044.2,47.76,0,74.0
UNIT_0013,2026-08-01 22:00:00,369.16,3810.39,40.66,10437.2,9055.9,47.76,0,153.0
UNIT_0001,2026-01-01 14:00:00,369.41,3818.66,40.66,10449.4,9040.8,47.76,0,184.0
UNIT_0018,2026-11-01 18:00:00,369.35,3825.63,40.72,10443.6,9063.0,47.76,0,118.0
UNIT_0032,2027-06-19 06:00:00,370.2,3802.12,40.78,10393.0,9089.9,47.76,1,0.0
UNIT_0047,2028-02-03 16:00:00,369.04,3818.04,40.73,10441.0,9067.9,47.76,0,100.0
UNIT_0024,2027-02-11 04:00:00,370.81,3799.56,40.62,10401.8,9049.7,47.77,1,5.0
UNIT_0022,2027-01-02 20:00:00,369.4,3814.32,40.62,10419.0,9039.3,47.76,0,162.0
UNIT_0046,2028-01-14 00:00:00,369.17,3819.83,40.7,10431.6,9059.4,47.76,0,134.0
UNIT_0028,2027-04-08 04:00:00,369.36,3817.28,40.73,10440.0,9060.4,47.76,0,83.0
UNIT_0026,2027-03-18 10:00:00,370.0,3807.01,40.99,10396.0,9131.9,47.76,1,11.0
UNIT_0012,2026-07-22 04:00:00,369.95,3818.11,40.61,10428.0,9046.1,47.76,0,119.0
UNIT_0034,2027-07-17 00:00:00,369.24,3813.15,40.79,10419.4,9083.0,47.76,0,62.0
UNIT_0009,2026-06-01 04:00:00,369.18,3821.83,40.81,10443.8,9076.5,47.76,0,99.0
UNIT_0035,2027-07-23 12:00:00,368.97,3818.66,40.68,10437.2,9054.3,47.76,0,165.0
UNIT_0049,2028-03-13 02:00:00,369.31,3812.53,40.62,10433.8,9045.1,47.76,0,85.0
UNIT_0011,2026-07-09 12:00:00,368.81,3820.8,40.75,10438.2,9068.8,47.76,0,101.0
UNIT_0005,2026-03-26 06:00:00,369.38,3818.94,40.79,10440.6,9086.9,47.76,0,104.0
UNIT_0008,2026-05-12 10:00:00,369.46,3813.22,40.63,10429.6,9043.8,47.76,0,135.0
UNIT_0037,2027-08-29 08:00:00,370.01,3815.15,40.61,10420.2,9039.3,47.76,0,51.0
UNIT_0005,2026-03-30 22:00:00,369.69,3814.87,40.9,10413.4,9102.5,47.76,0,48.0
UNIT_0010,2026-06-15 22:00:00,369.09,3823.28,40.69,10442.2,9056.9,47.76,0,144.0
UNIT_0020,2026-11-27 20:00:00,369.71,3814.66,40.7,10421.0,9057.4,47.76,0,197.0
UNIT_0047,2028-01-27 02:00:00,369.18,3824.45,40.72,10445.6,9074.1,47.76,0,191.0
UNIT_0030,2027-05-05 22:00:00,368.87,3820.39,40.73,10448.8,9065.8,47.76,0,107.0
UNIT_0043,2027-12-04 12:00:00,370.36,3801.56,40.62,10407.6,9042.6,47.76,1,14.0
UNIT_0022,2027-01-14 12:00:00,370.11,3806.32,40.65,10402.2,9059.1,47.77,1,22.0
UNIT_0048,2028-02-17 04:00:00,368.73,3821.7,40.72,10446.4,9061.8,47.76,0,169.0
UNIT_0037,2027-08-23 10:00:00,369.18,3816.94,40.62,10431.8,9048.6,47.76,0,122.0
UNIT_0019,2026-11-19 06:00:00,369.63,3813.56,40.64,10421.8,9041.8,47.76,0,66.0
UNIT_0048,2028-02-24 14:00:00,369.18,3817.49,40.84,10429.0,9085.1,47.76,0,80.0
UNIT_0035,2027-07-23 14:00:00,369.16,3821.14,40.7,10437.4,9050.6,47.76,0,164.0
UNIT_0015,2026-09-12 00:00:00,369.56,3812.25,40.67,10422.6,9054.9,47.76,0,47.0
UNIT_0004,2026-03-07 02:00:00,369.49,3810.73,40.76,10426.6,9073.3,47.76,0,65.0
UNIT_0034,2027-07-17 06:00:00,369.41,3812.11,40.77,10429.0,9085.2,47.76,0,59.0
UNIT_0013,2026-08-11 22:00:00,369.9,3811.49,40.82,10406.6,9091.8,47.76,0,33.0
UNIT_0009,2026-05-26 18:00:00,369.2,3818.59,40.74,10443.8,9069.0,47.76,0,164.0
UNIT_0032,2027-06-03 12:00:00,369.54,3815.9,40.66,10433.6,9055.5,47.76,0,189.0
UNIT_0041,2027-10-25 04:00:00,369.53,3819.7,40.75,10440.8,9079.5,47.76,0,95.0
UNIT_0014,2026-08-21 14:00:00,369.49,3813.77,40.7,10425.2,9053.0,47.76,0,97.0
UNIT_0033,2027-06-28 06:00:00,369.14,3826.25,40.7,10446.4,9059.5,47.76,0,92.0
UNIT_0029,2027-04-27 04:00:00,369.91,3802.05,40.68,10405.2,9059.6,47.76,1,18.0
UNIT_0032,2027-06-14 18:00:00,369.6,3811.63,40.67,10412.0,9068.1,47.76,0,54.0
UNIT_0025,2027-02-19 22:00:00,369.4,3813.97,40.65,10432.8,9051.8,47.76,0,130.0
UNIT_0039,2027-09-25 08:00:00,369.79,3812.39,40.63,10426.6,9048.8,47.76,0,49.0
UNIT_0005,2026-04-01 22:00:00,369.98,3809.08,40.98,10410.8,9114.2,47.76,1,24.0
UNIT_0033,2027-06-28 20:00:00,369.29,3822.59,40.72,10431.8,9055.5,47.76,0,85.0
UNIT_0049,2028-03-11 14:00:00,369.6,3814.18,40.64,10428.0,9039.9,47.76,0,103.0
UNIT_0023,2027-01-21 14:00:00,369.42,3816.11,40.64,10428.6,9054.0,47.76,0,105.0
UNIT_0011,2026-07-13 16:00:00,369.3,3812.39,40.85,10421.2,9083.7,47.76,0,51.0
UNIT_0033,2027-06-29 12:00:00,369.32,3816.11,40.72,10435.6,9047.5,47.76,0,77.0
UNIT_0046,2028-01-18 14:00:00,369.37,3816.94,40.72,10429.8,9060.2,47.76,0,79.0
UNIT_0025,2027-02-26 06:00:00,369.76,3812.46,40.77,10420.2,9077.2,47.76,0,54.0
UNIT_0013,2026-08-06 08:00:00,369.46,3814.32,40.67,10442.8,9060.4,47.76,0,100.0
UNIT_0046,2028-01-22 16:00:00,369.66,3813.22,40.67,10422.4,9055.1,47.76,1,30.0
UNIT_0011,2026-07-10 20:00:00,369.08,3816.8,40.74,10441.0,9068.4,47.76,0,85.0
UNIT_0009,2026-05-24 22:00:00,368.74,3826.66,40.73,10451.0,9069.8,47.76,0,186.0
UNIT_0003,2026-02-20 20:00:00,369.2,3812.8,40.83,10424.4,9095.2,47.76,0,47.0
UNIT_0023,2027-01-24 20:00:00,370.31,3814.73,40.65,10411.6,9060.4,47.76,0,66.0
UNIT_0042,2027-11-02 22:00:00,369.31,3818.52,40.71,10438.8,9064.2,47.76,0,186.0
UNIT_0027,2027-03-28 02:00:00,369.63,3813.28,40.8,10431.4,9072.3,47.76,0,51.0
UNIT_0002,2026-01-29 14:00:00,369.23,3818.73,40.68,10441.2,9052.6,47.76,0,135.0
UNIT_0023,2027-01-26 06:00:00,369.71,3809.35,40.68,10415.8,9056.0,47.76,0,49.0
UNIT_0045,2028-01-03 00:00:00,369.76,3801.29,40.77,10403.0,9085.3,47.76,1,10.0
UNIT_0018,2026-11-09 12:00:00,369.89,3822.18,41.05,10422.8,9140.4,47.76,1,25.0
UNIT_0044,2027-12-06 10:00:00,368.88,3823.83,40.74,10444.2,9071.2,47.76,0,183.0
UNIT_0048,2028-02-15 14:00:00,368.8,3818.94,40.72,10438.8,9068.9,47.76,0,188.0
UNIT_0031,2027-05-15 22:00:00,368.91,3821.42,40.7,10453.2,9059.3,47.76,0,221.0
UNIT_0016,2026-09-25 22:00:00,369.82,3803.7,40.7,10406.0,9063.6,47.76,0,89.0
UNIT_0001,2026-01-09 02:00:00,368.85,3811.08,40.64,10446.2,9045.5,47.76,0,94.0
UNIT_0038,2027-09-08 14:00:00,369.99,3814.18,40.67,10431.0,9050.9,47.76,0,122.0
UNIT_0040,2027-10-01 18:00:00,369.96,3815.01,40.67,10421.0,9057.0,47.76,0,160.0
UNIT_0026,2027-03-08 08:00:00,369.72,3815.84,40.68,10427.8,9044.1,47.76,0,132.0
UNIT_0037,2027-08-30 14:00:00,369.78,3810.94,40.63,10416.6,9046.1,47.76,0,36.0
UNIT_0031,2027-05-29 18:00:00,369.16,3816.87,40.68,10418.6,9055.1,47.76,0,55.0
UNIT_0007,2026-05-09 02:00:00,370.36,3811.7,40.76,10411.0,9080.0,47.76,1,25.0
UNIT_0018,2026-10-27 00:00:00,369.05,3824.04,40.7,10453.0,9060.9,47.76,0,187.0
UNIT_0048,2028-02-26 20:00:00,368.9,3819.42,40.92,10423.8,9116.1,47.76,0,53.0
UNIT_0035,2027-08-06 02:00:00,370.65,3801.49,40.83,10392.2,9101.0,47.76,1,2.0
UNIT_0018,2026-11-01 00:00:00,368.9,3820.87,40.72,10444.6,9064.5,47.76,0,127.0
UNIT_0013,2026-08-10 10:00:00,369.75,3807.98,40.76,10425.8,9074.1,47.76,0,51.0
UNIT_0050,2028-03-29 20:00:00,369.5,3817.28,40.75,10434.2,9069.3,47.76,0,82.0
UNIT_0007,2026-05-07 10:00:00,369.72,3815.63,40.74,10428.8,9070.0,47.76,0,45.0
UNIT_0025,2027-02-26 18:00:00,369.88,3808.67,40.75,10426.2,9072.7,47.76,0,48.0
UNIT_0048,2028-02-19 02:00:00,369.38,3823.42,40.74,10450.2,9074.1,47.76,0,146.0
UNIT_0023,2027-01-21 08:00:00,369.67,3813.63,40.65,10430.8,9041.0,47.76,0,108.0
UNIT_0021,2026-12-23 00:00:00,369.54,3819.63,40.7,10430.0,9052.3,47.76,0,90.0
UNIT_0018,2026-11-02 18:00:00,369.23,3819.28,40.73,10436.2,9073.4,47.76,0,106.0
UNIT_0033,2027-07-02 04:00:00,370.0,3814.32,40.7,10422.6,9055.7,47.76,0,45.0
UNIT_0030,2027-04-29 08:00:00,368.68,3819.42,40.72,10448.8,9054.5,47.76,0,186.0
UNIT_0010,2026-06-24 04:00:00,369.83,3809.15,40.76,10427.4,9075.3,47.76,0,45.0
UNIT_0036,2027-08-15 10:00:00,369.6,3807.84,40.67,10412.0,9054.3,47.76,0,48.0
UNIT_0031,2027-05-30 06:00:00,369.78,3811.84,40.67,10419.4,9062.7,47.76,0,49.0
UNIT_0003,2026-02-17 16:00:00,369.43,3824.94,40.74,10438.8,9069.0,47.76,0,85.0
UNIT_0049,2028-03-07 12:00:00,369.04,3815.08,40.64,10417.0,9051.7,47.76,0,152.0
UNIT_0023,2027-01-26 16:00:00,370.19,3811.01,40.66,10422.8,9050.4,47.76,0,44.0
UNIT_0047,2028-01-27 04:00:00,368.82,3824.45,40.72,10442.0,9068.9,47.76,0,190.0
UNIT_0015,2026-09-13 04:00:00,370.23,3810.66,40.67,10441.4,9051.8,47.76,0,33.0
UNIT_0048,2028-02-14 10:00:00,368.72,3818.59,40.74,10449.0,9066.4,47.76,0,202.0
UNIT_0033,2027-06-24 04:00:00,369.01,3820.32,40.74,10447.2,9056.6,47.76,0,141.0
UNIT_0037,2027-08-20 16:00:00,369.19,3816.25,40.63,10434.4,9045.0,47.76,0,155.0
UNIT_0034,2027-07-07 18:00:00,369.4,3817.77,40.68,10428.8,9062.4,47.76,0,173.0
UNIT_0044,2027-12-09 14:00:00,369.56,3820.87,40.78,10432.2,9069.1,47.76,0,145.0
UNIT_0041,2027-10-23 10:00:00,369.72,3820.18,40.75,10443.0,9066.5,47.76,0,116.0
UNIT_0038,2027-09-05 02:00:00,369.29,3814.94,40.62,10425.4,9051.8,47.76,0,164.0
UNIT_0032,2027-06-10 08:00:00,369.52,3812.53,40.66,10420.2,9055.4,47.76,0,107.0
UNIT_0041,2027-10-21 08:00:00,368.82,3816.87,40.76,10427.6,9056.2,47.76,0,141.0
UNIT_0048,2028-02-26 14:00:00,369.64,3819.56,40.92,10432.2,9102.8,47.76,0,56.0
UNIT_0042,2027-11-14 02:00:00,369.64,3816.53,40.72,10406.6,9055.6,47.76,0,52.0
UNIT_0022,2027-01-09 06:00:00,369.41,3806.67,40.61,10422.6,9050.2,47.76,0,85.0
UNIT_0025,2027-02-17 08:00:00,369.1,3817.9,40.64,10429.6,9046.3,47.76,0,161.0
UNIT_0030,2027-05-14 00:00:00,370.26,3808.94,40.64,10401.6,9055.4,47.76,1,10.0
UNIT_0002,2026-01-31 20:00:00,369.18,3818.73,40.7,10449.6,9061.0,47.76,0,108.0
UNIT_0010,2026-06-11 12:00:00,369.61,3828.11,40.69,10440.8,9060.4,47.76,0,197.0
UNIT_0011,2026-07-16 00:00:00,369.79,3810.32,40.93,10412.2,9108.3,47.76,1,23.0
UNIT_0036,2027-08-17 22:00:00,370.86,3808.11,40.67,10403.0,9059.6,47.76,1,18.0
UNIT_0009,2026-05-27 02:00:00,369.08,3822.73,40.75,10448.0,9060.5,47.76,0,160.0
UNIT_0018,2026-11-02 20:00:00,369.59,3826.38,40.75,10441.4,9070.4,47.76,0,105.0
UNIT_0037,2027-09-01 04:00:00,370.29,3810.39,40.61,10402.6,9043.8,47.76,1,17.0
UNIT_0018,2026-11-01 08:00:00,369.09,3825.07,40.74,10448.6,9061.3,47.76,0,123.0
UNIT_0026,2027-03-10 10:00:00,368.85,3815.15,40.68,10422.0,9060.9,47.76,0,107.0
UNIT_0041,2027-10-22 02:00:00,369.99,3819.83,40.76,10450.4,9068.4,47.76,0,132.0
UNIT_0011,2026-07-16 18:00:00,370.11,3809.29,40.98,10400.8,9127.0,47.76,1,14.0
UNIT_0021,2026-12-22 00:00:00,369.73,3813.22,40.67,10428.0,9060.0,47.76,0,102.0
UNIT_0027,2027-03-29 16:00:00,369.87,3812.18,40.81,10422.4,9091.2,47.76,0,32.0
UNIT_0032,2027-06-08 18:00:00,369.99,3811.01,40.63,10428.8,9048.1,47.76,0,126.0
UNIT_0025,2027-02-20 22:00:00,369.05,3814.59,40.65,10437.2,9058.4,47.76,0,118.0
UNIT_0039,2027-09-26 08:00:00,369.9,3811.42,40.62,10417.8,9043.2,47.76,0,37.0
UNIT_0048,2028-02-28 12:00:00,369.21,3819.01,41.04,10432.4,9139.4,47.76,0,33.0
UNIT_0018,2026-11-08 10:00:00,369.47,3813.42,40.91,10429.8,9106.4,47.76,0,38.0
UNIT_0039,2027-09-19 16:00:00,369.61,3814.94,40.63,10424.0,9043.6,47.76,0,117.0
UNIT_0044,2027-12-15 06:00:00,369.45,3816.18,40.74,10442.6,9070.9,47.76,0,77.0
UNIT_0046,2028-01-14 20:00:00,369.21,3822.87,40.67,10433.8,9058.5,47.76,0,124.0
UNIT_0051,2028-04-12 12:00:00,369.51,3817.97,40.74,10438.8,9069.0,47.76,0,131.0
UNIT_0028,2027-04-11 22:00:00,369.42,3815.35,40.76,10430.2,9079.0,47.76,0,38.0
UNIT_0006,2026-04-08 14:00:00,369.38,3815.56,40.6,10422.2,9039.3,47.76,0,132.0
UNIT_0038,2027-09-07 04:00:00,369.98,3814.46,40.67,10438.8,9045.1,47.76,0,139.0
UNIT_0041,2027-10-24 10:00:00,368.92,3817.01,40.78,10440.4,9072.2,47.76,0,104.0
UNIT_0042,2027-11-05 20:00:00,369.5,3823.76,40.67,10439.6,9062.8,47.76,0,151.0
UNIT_0007,2026-04-29 12:00:00,368.69,3818.46,40.76,10440.4,9068.0,47.76,0,140.0
UNIT_0034,2027-07-20 04:00:00,369.41,3807.63,40.92,10417.0,9116.7,47.76,1,24.0
UNIT_0048,2028-02-26 22:00:00,369.23,3814.94,40.91,10435.0,9102.3,47.76,0,52.0
UNIT_0042,2027-11-10 06:00:00,369.12,3815.63,40.68,10430.4,9057.2,47.76,0,98.0
UNIT_0048,2028-02-19 04:00:00,368.95,3821.14,40.77,10442.6,9070.6,47.76,0,145.0
UNIT_0041,2027-10-31 04:00:00,370.21,3809.91,40.95,10422.6,9116.0,47.76,1,23.0
UNIT_0032,2027-06-13 06:00:00,369.86,3813.56,40.69,10421.8,9057.5,47.76,0,72.0
UNIT_0049,2028-03-14 22:00:00,369.78,3808.67,40.65,10421.6,9050.7,47.76,0,63.0
UNIT_0005,2026-03-14 20:00:00,368.82,3823.83,40.74,10448.0,9069.7,47.76,0,241.0
UNIT_0011,2026-07-11 10:00:00,369.27,3818.04,40.75,10424.0,9071.0,47.76,0,78.0
UNIT_0013,2026-08-09 06:00:00,369.74,3815.7,40.73,10431.4,9073.7,47.76,0,65.0
UNIT_0039,2027-09-20 14:00:00,368.98,3814.46,40.64,10426.8,9041.2,47.76,0,106.0
UNIT_0009,2026-05-24 06:00:00,368.51,3816.59,40.74,10451.4,9063.1,47.76,0,194.0
UNIT_0027,2027-03-22 14:00:00,369.11,3817.21,40.73,10438.8,9060.1,47.76,0,117.0
UNIT_0030,2027-05-10 08:00:00,368.94,3815.15,40.69,10429.8,9058.2,47.76,0,54.0
UNIT_0004,2026-03-12 00:00:00,371.35,3803.15,41.2,10403.4,9175.7,47.76,1,6.0
UNIT_0051,2028-04-08 02:00:00,368.85,3821.42,40.73,10447.0,9069.5,47.76,0,184.0
UNIT_0003,2026-02-18 10:00:00,369.13,3815.42,40.77,10441.0,9075.6,47.76,0,76.0
UNIT_0002,2026-01-18 00:00:00,368.63,3824.45,40.7,10446.6,9053.6,47.76,0,274.0
UNIT_0008,2026-05-17 18:00:00,370.03,3809.7,40.58,10408.4,9039.7,47.76,0,71.0
UNIT_0010,2026-06-17 20:00:00,368.71,3823.63,40.69,10451.2,9063.2,47.76,0,121.0
UNIT_0016,2026-09-29 02:00:00,369.92,3809.15,40.69,10410.0,9058.0,47.76,0,51.0
UNIT_0039,2027-09-21 08:00:00,369.38,3814.94,40.61,10419.0,9045.0,47.76,0,97.0
UNIT_0005,2026-03-17 10:00:00,368.9,3822.45,40.75,10449.2,9066.9,47.76,0,210.0
UNIT_0003,2026-02-22 14:00:00,369.74,3817.15,40.96,10421.2,9114.3,47.76,1,26.0
UNIT_0043,2027-12-03 16:00:00,369.79,3810.6,40.66,10415.2,9045.4,47.76,1,24.0
UNIT_0040,2027-10-14 22:00:00,370.45,3803.01,40.99,10394.6,9133.3,47.76,1,2.0
UNIT_0010,2026-06-14 12:00:00,369.13,3822.39,40.72,10447.4,9057.6,47.76,0,161.0
UNIT_0001,2026-01-14 12:00:00,369.7,3808.73,40.62,10406.0,9049.2,47.76,1,29.0
UNIT_0025,2027-02-21 12:00:00,369.61,3815.63,40.7,10427.6,9052.5,47.76,0,111.0
UNIT_0006,2026-04-14 14:00:00,369.76,3810.46,40.57,10426.6,9039.4,47.76,0,60.0
UNIT_0048,2028-02-27 12:00:00,369.25,3820.59,40.96,10447.8,9115.5,47.76,0,45.0
UNIT_0040,2027-10-10 00:00:00,369.84,3813.49,40.74,10430.8,9073.0,47.76,0,61.0
UNIT_0023,2027-01-28 18:00:00,370.05,3803.84,40.65,10407.2,9046.0,47.76,1,19.0
UNIT_0005,2026-03-14 22:00:00,369.33,3824.04,40.74,10455.6,9068.6,47.76,0,240.0
UNIT_0007,2026-04-30 06:00:00,369.36,3819.01,40.75,10432.0,9072.2,47.76,0,131.0
UNIT_0045,2027-12-30 04:00:00,369.58,3817.15,40.78,10438.6,9080.9,47.76,0,56.0
UNIT_0035,2027-07-27 08:00:00,369.27,3810.8,40.7,10436.6,9058.7,47.76,0,119.0
UNIT_0023,2027-01-22 22:00:00,369.86,3818.11,40.65,10418.6,9048.6,47.76,0,89.0
UNIT_0025,2027-02-28 08:00:00,370.36,3812.66,40.88,10413.8,9098.7,47.76,1,29.0
UNIT_0029,2027-04-27 22:00:00,370.26,3802.18,40.65,10392.4,9057.6,47.76,1,9.0
UNIT_0047,2028-02-01 12:00:00,369.49,3821.7,40.74,10456.8,9066.3,47.76,0,126.0
UNIT_0039,2027-09-27 16:00:00,370.01,3807.98,40.56,10410.8,9044.1,47.76,1,21.0
UNIT_0041,2027-11-01 22:00:00,370.92,3798.87,41.08,10392.0,9155.4,47.76,1,2.0
UNIT_0041,2027-10-25 22:00:00,369.65,3818.59,40.78,10440.0,9082.7,47.76,0,86.0
UNIT_0048,2028-02-26 10:00:00,369.75,3824.94,40.9,10434.4,9101.8,47.76,0,58.0
UNIT_0014,2026-08-27 00:00:00,369.55,3809.08,40.81,10413.4,9089.6,47.76,0,32.0
UNIT_0009,2026-06-05 02:00:00,369.45,3821.35,40.89,10447.6,9106.8,47.76,0,52.0
UNIT_0013,2026-08-10 14:00:00,369.73,3813.35,40.76,10416.6,9077.6,47.76,0,49.0
UNIT_0017,2026-10-10 00:00:00,369.32,3821.14,40.7,10438.8,9067.3,47.76,0,196.0
UNIT_0049,2028-03-08 00:00:00,369.1,3814.11,40.65,10434.4,9040.0,47.76,0,146.0
UNIT_0050,2028-03-25 16:00:00,369.37,3816.39,40.71,10439.6,9065.0,47.76,0,132.0
UNIT_0042,2027-11-06 04:00:00,368.81,3816.59,40.73,10440.2,9063.4,47.76,0,147.0
UNIT_0043,2027-11-27 14:00:00,369.6,3817.97,40.71,10441.6,9053.0,47.76,0,97.0
UNIT_0038,2027-09-14 20:00:00,370.44,3813.35,40.78,10419.4,9078.8,47.76,0,47.0
UNIT_0035,2027-07-28 20:00:00,369.35,3824.25,40.71,10430.4,9066.3,47.76,0,101.0
UNIT_0024,2027-01-30 10:00:00,369.02,3819.7,40.73,10441.6,9066.6,47.76,0,146.0
UNIT_0017,2026-10-05 14:00:00,369.21,3824.59,40.72,10438.8,9063.2,47.76,0,249.0
UNIT_0046,2028-01-21 12:00:00,369.8,3816.32,40.69,10417.4,9053.7,47.76,0,44.0
UNIT_0044,2027-12-21 14:00:00,370.98,3799.98,40.75,10403.6,9084.0,47.76,1,1.0
UNIT_0032,2027-06-18 16:00:00,370.62,3801.7,40.78,10407.4,9089.4,47.76,1,7.0
UNIT_0043,2027-11-27 12:00:00,369.43,3815.42,40.68,10431.4,9053.9,47.76,0,98.0
UNIT_0048,2028-02-28 16:00:00,369.27,3823.76,41.06,10428.2,9132.5,47.76,0,31.0
UNIT_0036,2027-08-12 08:00:00,370.02,3812.6,40.67,10426.2,9055.0,47.76,0,85.0
UNIT_0010,2026-06-24 16:00:00,369.27,3814.94,40.8,10424.6,9075.7,47.76,0,39.0
UNIT_0010,2026-06-16 22:00:00,368.8,3821.01,40.7,10440.6,9061.8,47.76,0,132.0
UNIT_0046,2028-01-04 16:00:00,368.74,3822.32,40.7,10445.6,9055.4,47.76,0,246.0
UNIT_0050,2028-03-22 00:00:00,369.24,3819.97,40.72,10429.4,9063.7,47.76,0,176.0
UNIT_0023,2027-01-25 16:00:00,369.75,3814.66,40.64,10420.8,9051.3,47.76,0,56.0
UNIT_0025,2027-02-23 02:00:00,369.21,3814.18,40.69,10434.8,9060.4,47.76,0,92.0
UNIT_0038,2027-09-15 10:00:00,370.02,3810.11,40.8,10417.8,9085.1,47.76,0,40.0
UNIT_0003,2026-02-15 12:00:00,369.79,3822.66,40.71,10442.8,9056.6,47.76,0,111.0
UNIT_0007,2026-05-01 18:00:00,369.63,3819.9,40.78,10435.6,9072.5,47.76,0,113.0
UNIT_0020,2026-11-29 04:00:00,369.53,3815.9,40.71,10439.8,9056.1,47.76,0,181.0
UNIT_0035,2027-07-30 00:00:00,369.91,3814.53,40.69,10429.4,9065.0,47.76,0,87.0
UNIT_0013,2026-08-06 12:00:00,369.45,3813.08,40.66,10431.8,9062.3,47.76,0,98.0
UNIT_0009,2026-06-08 08:00:00,369.68,3811.63,41.2,10415.8,9172.0,47.76,1,13.0
UNIT_0019,2026-11-23 16:00:00,369.64,3805.63,40.58,10389.2,9042.6,47.77,1,13.0
UNIT_0014,2026-08-18 18:00:00,369.69,3811.97,40.73,10428.4,9069.0,47.76,0,131.0
UNIT_0031,2027-05-26 08:00:00,369.47,3821.49,40.71,10447.4,9060.3,47.76,0,96.0
UNIT_0032,2027-06-18 02:00:00,370.25,3807.42,40.75,10397.0,9084.6,47.76,1,14.0
UNIT_0009,2026-06-07 02:00:00,369.42,3818.59,41.05,10428.6,9131.4,47.76,1,28.0
UNIT_0050,2028-03-29 14:00:00,369.43,3816.04,40.71,10425.8,9069.8,47.76,0,85.0
UNIT_0029,2027-04-24 04:00:00,369.59,3815.42,40.69,10418.8,9064.1,47.76,0,54.0
UNIT_0045,2027-12-24 06:00:00,368.84,3822.11,40.77,10442.0,9075.7,47.76,0,127.0
UNIT_0030,2027-05-06 20:00:00,369.5,3821.83,40.71,10440.4,9053.1,47.76,0,96.0
UNIT_0010,2026-06-24 18:00:00,370.13,3808.53,40.76,10419.2,9082.2,47.76,0,38.0
UNIT_0048,2028-02-14 02:00:00,368.89,3822.25,40.75,10445.2,9058.0,47.76,0,206.0
UNIT_0029,2027-04-20 08:00:00,369.27,3817.77,40.68,10423.2,9055.2,47.76,0,100.0
UNIT_0003,2026-02-11 14:00:00,369.03,3821.9,40.69,10453.4,9052.9,47.76,0,158.0
UNIT_0028,2027-04-14 16:00:00,370.17,3801.7,40.81,10397.8,9085.0,47.76,1,5.0
UNIT_0004,2026-03-11 16:00:00,370.45,3807.22,41.12,10410.4,9156.6,47.76,1,10.0
UNIT_0017,2026-10-17 06:00:00,369.21,3818.94,40.74,10434.4,9082.6,47.76,0,109.0
UNIT_0023,2027-01-27 10:00:00,369.59,3808.73,40.66,10411.4,9053.0,47.76,0,35.0
UNIT_0032,2027-06-08 08:00:00,369.45,3815.84,40.66,10434.0,9048.5,47.76,0,131.0
UNIT_0046,2028-01-11 06:00:00,368.79,3823.01,40.72,10440.6,9057.3,47.76,0,167.0
UNIT_0011,2026-06-30 22:00:00,368.84,3818.73,40.68,10435.8,9055.1,47.76,0,204.0
UNIT_0047,2028-02-09 06:00:00,370.1,3813.28,40.8,10428.6,9086.5,47.76,0,33.0
UNIT_0029,2027-04-19 04:00:00,369.27,3816.8,40.73,10427.6,9061.3,47.76,0,114.0
UNIT_0047,2028-02-05 08:00:00,369.69,3815.84,40.76,10439.6,9067.4,47.76,0,80.0
UNIT_0002,2026-02-03 04:00:00,369.58,3813.22,40.73,10431.0,9067.8,47.76,0,80.0
UNIT_0010,2026-06-17 12:00:00,368.7,3818.73,40.69,10442.6,9064.8,47.76,0,125.0
UNIT_0026,2027-03-07 12:00:00,369.67,3812.94,40.64,10427.2,9045.2,47.76,0,142.0
UNIT_0030,2027-05-05 06:00:00,368.84,3822.25,40.72,10437.2,9064.1,47.76,0,115.0
UNIT_0050,2028-03-27 00:00:00,369.29,3818.87,40.73,10443.6,9066.0,47.76,0,116.0
UNIT_0006,2026-04-17 22:00:00,369.72,3808.53,40.57,10403.4,9028.0,47.77,1,20.0
UNIT_0043,2027-12-01 04:00:00,369.62,3814.46,40.65,10424.8,9050.1,47.76,0,54.0
UNIT_0012,2026-07-24 00:00:00,369.47,3814.46,40.62,10443.6,9051.4,47.76,0,97.0
UNIT_0021,2026-12-21 16:00:00,368.96,3817.28,40.68,10431.6,9054.3,47.76,0,106.0
UNIT_0009,2026-06-03 00:00:00,369.27,3818.52,40.81,10435.8,9086.5,47.76,0,77.0
UNIT_0049,2028-03-10 16:00:00,369.49,3814.66,40.66,10418.4,9044.2,47.76,0,114.0
UNIT_0005,2026-03-26 22:00:00,369.46,3822.66,40.82,10442.2,9077.7,47.76,0,96.0
UNIT_0025,2027-02-27 04:00:00,369.95,3807.84,40.8,10412.4,9091.0,47.76,0,43.0
UNIT_0007,2026-04-21 12:00:00,368.61,3822.32,40.73,10449.6,9067.1,47.76,0,236.0
UNIT_0045,2027-12-31 08:00:00,370.35,3814.59,40.78,10424.8,9081.5,47.76,0,42.0
UNIT_0002,2026-02-09 14:00:00,370.76,3805.63,40.83,10399.0,9089.9,47.76,1,3.0
UNIT_0014,2026-08-23 04:00:00,369.68,3813.35,40.76,10425.4,9068.4,47.76,0,78.0
UNIT_0044,2027-12-21 08:00:00,370.61,3802.32,40.76,10393.6,9080.4,47.76,1,4.0
UNIT_0008,2026-05-18 14:00:00,369.74,3812.73,40.61,10427.4,9043.8,47.76,0,61.0
UNIT_0049,2028-03-11 22:00:00,369.66,3809.7,40.66,10421.8,9046.4,47.76,0,99.0
UNIT_0006,2026-04-08 10:00:00,369.85,3816.73,40.61,10418.2,9037.2,47.76,0,134.0
UNIT_0012,2026-07-30 16:00:00,369.91,3800.39,40.65,10405.0,9051.4,47.76,1,17.0
UNIT_0006,2026-04-11 12:00:00,370.09,3811.97,40.6,10436.6,9048.4,47.76,0,97.0
UNIT_0032,2027-06-06 08:00:00,369.39,3813.91,40.65,10431.8,9042.2,47.76,0,155.0
UNIT_0041,2027-10-23 12:00:00,369.93,3821.97,40.78,10441.0,9077.0,47.76,0,115.0
UNIT_0028,2027-04-01 18:00:00,369.24,3822.45,40.7,10459.0,9060.8,47.76,0,160.0
UNIT_0048,2028-02-21 22:00:00,369.03,3821.56,40.77,10441.4,9072.9,47.76,0,112.0
UNIT_0002,2026-02-05 22:00:00,369.46,3814.04,40.76,10423.6,9077.8,47.76,0,47.0
UNIT_0040,2027-10-04 16:00:00,369.53,3813.08,40.73,10430.4,9062.0,47.76,0,125.0
UNIT_0005,2026-03-14 06:00:00,368.9,3822.25,40.75,10448.0,9061.7,47.76,0,248.0
UNIT_0015,2026-09-05 20:00:00,368.79,3820.39,40.72,10449.0,9066.6,47.76,0,121.0
UNIT_0026,2027-03-13 08:00:00,369.62,3813.63,40.68,10420.0,9064.6,47.76,0,72.0
UNIT_0025,2027-03-01 10:00:00,369.69,3802.25,40.91,10405.8,9117.0,47.76,1,16.0
UNIT_0027,2027-03-29 18:00:00,370.15,3815.35,40.82,10428.0,9088.5,47.76,0,31.0
UNIT_0003,2026-02-15 02:00:00,368.95,3823.9,40.75,10445.4,9052.2,47.76,0,116.0
UNIT_0026,2027-03-09 22:00:00,369.81,3810.87,40.66,10435.2,9060.6,47.76,0,113.0
UNIT_0006,2026-04-05 08:00:00,369.96,3811.77,40.61,10427.0,9042.3,47.76,0,171.0
UNIT_0050,2028-03-30 18:00:00,369.58,3812.6,40.79,10437.6,9068.8,47.76,0,71.0
UNIT_0022,2027-01-11 02:00:00,369.78,3809.98,40.65,10410.0,9054.7,47.76,0,63.0
UNIT_0032,2027-06-14 12:00:00,370.07,3809.7,40.71,10416.6,9062.6,47.76,0,57.0
UNIT_0048,2028-02-17 18:00:00,369.02,3822.11,40.76,10446.4,9068.0,47.76,0,162.0
UNIT_0017,2026-10-10 12:00:00,369.08,3819.97,40.73,10442.8,9063.0,47.76,0,190.0
UNIT_0019,2026-11-21 00:00:00,370.61,3806.39,40.61,10423.4,9051.0,47.76,0,45.0
UNIT_0015,2026-09-04 20:00:00,369.18,3818.73,40.7,10456.6,9054.1,47.76,0,133.0
UNIT_0020,2026-12-13 06:00:00,370.37,3805.36,40.75,10401.4,9070.3,47.76,1,12.0
UNIT_0016,2026-09-29 14:00:00,369.73,3803.36,40.69,10402.8,9062.0,47.76,0,45.0
UNIT_0032,2027-06-10 04:00:00,369.97,3816.53,40.67,10426.4,9051.5,47.76,0,109.0
UNIT_0031,2027-05-18 20:00:00,369.01,3826.87,40.69,10450.6,9053.9,47.76,0,186.0
UNIT_0041,2027-10-22 20:00:00,368.75,3822.73,40.76,10435.0,9071.4,47.76,0,123.0
UNIT_0051,2028-04-08 00:00:00,369.06,3815.15,40.72,10453.4,9066.8,47.76,0,185.0
UNIT_0013,2026-08-04 06:00:00,369.54,3817.08,40.68,10431.0,9049.9,47.76,0,125.0
UNIT_0014,2026-08-23 10:00:00,369.91,3813.56,40.74,10420.8,9067.6,47.76,0,75.0
UNIT_0020,2026-11-26 22:00:00,369.33,3816.73,40.69,10426.8,9054.6,47.76,0,208.0
UNIT_0015,2026-09-03 14:00:00,368.66,3822.73,40.73,10451.8,9060.4,47.76,0,148.0
UNIT_0034,2027-07-08 14:00:00,369.43,3816.46,40.69,10431.4,9064.1,47.76,0,163.0
UNIT_0026,2027-03-08 04:00:00,369.65,3808.25,40.66,10430.0,9042.5,47.76,0,134.0
UNIT_0035,2027-07-25 02:00:00,369.43,3822.73,40.68,10432.2,9052.8,47.76,0,146.0
UNIT_0043,2027-11-23 12:00:00,368.9,3822.52,40.69,10448.2,9050.8,47.76,0,146.0
UNIT_0018,2026-10-26 20:00:00,368.71,3823.01,40.73,10452.6,9055.4,47.76,0,189.0
UNIT_0047,2028-02-09 00:00:00,369.85,3815.63,40.78,10415.0,9088.1,47.76,0,36.0
UNIT_0041,2027-10-28 16:00:00,369.22,3819.01,40.83,10417.0,9092.8,47.76,0,53.0
UNIT_0013,2026-08-02 14:00:00,368.93,3816.53,40.65,10430.8,9054.2,47.76,0,145.0
UNIT_0013,2026-08-08 04:00:00,369.38,3816.59,40.72,10420.8,9061.2,47.76,0,78.0
UNIT_0016,2026-09-23 20:00:00,369.85,3813.7,40.68,10411.4,9064.3,47.76,0,114.0
UNIT_0040,2027-10-11 04:00:00,369.26,3807.01,40.77,10416.8,9073.2,47.76,0,47.0
UNIT_0040,2027-09-30 02:00:00,369.63,3821.14,40.67,10422.6,9056.0,47.76,0,180.0
UNIT_0025,2027-02-24 16:00:00,369.78,3810.18,40.74,10429.0,9062.0,47.76,0,73.0
UNIT_0005,2026-04-01 00:00:00,369.19,3810.94,40.91,10421.4,9118.3,47.76,0,35.0
UNIT_0021,2026-12-23 22:00:00,369.7,3813.7,40.71,10436.0,9058.2,47.76,0,79.0
UNIT_0050,2028-03-20 06:00:00,368.97,3818.04,40.71,10439.4,9058.0,47.76,0,197.0
UNIT_0036,2027-08-14 10:00:00,369.2,3810.94,40.73,10409.8,9056.2,47.76,0,60.0
UNIT_0010,2026-06-23 18:00:00,369.75,3813.63,40.78,10422.2,9083.3,47.76,0,50.0
UNIT_0032,2027-06-13 18:00:00,369.8,3813.35,40.67,10422.0,9057.4,47.76,0,66.0
UNIT_0012,2026-07-24 08:00:00,370.12,3819.9,40.62,10426.6,9045.5,47.76,0,93.0
UNIT_0025,2027-02-18 20:00:00,369.7,3817.01,40.65,10427.8,9044.1,47.76,0,143.0
UNIT_0010,2026-06-18 14:00:00,368.97,3818.32,40.73,10440.2,9064.1,47.76,0,112.0
UNIT_0042,2027-11-04 14:00:00,369.4,3825.28,40.72,10430.8,9072.3,47.76,0,166.0
UNIT_0046,2028-01-19 22:00:00,369.45,3816.32,40.68,10421.2,9060.0,47.76,0,63.0
UNIT_0045,2027-12-28 12:00:00,369.63,3822.11,40.78,10432.2,9073.7,47.76,0,76.0
UNIT_0038,2027-09-03 02:00:00,369.73,3813.15,40.63,10431.2,9041.2,47.76,0,188.0
UNIT_0002,2026-01-19 20:00:00,368.22,3824.73,40.71,10440.0,9057.3,47.76,0,252.0
UNIT_0005,2026-03-26 10:00:00,369.39,3822.73,40.79,10446.6,9076.4,47.76,0,102.0
UNIT_0034,2027-07-11 14:00:00,369.73,3816.8,40.7,10429.8,9057.2,47.76,0,127.0
UNIT_0010,2026-06-10 18:00:00,368.72,3824.18,40.69,10447.0,9052.2,47.76,0,206.0
UNIT_0005,2026-03-28 22:00:00,369.28,3815.56,40.8,10429.4,9081.2,47.76,0,72.0
UNIT_0026,2027-03-14 14:00:00,369.62,3813.56,40.76,10429.8,9074.6,47.76,0,57.0
UNIT_0007,2026-04-28 00:00:00,368.9,3819.28,40.72,10450.6,9070.6,47.76,0,158.0
UNIT_0011,2026-07-01 14:00:00,369.07,3822.04,40.66,10450.4,9056.4,47.76,0,196.0
UNIT_0004,2026-02-28 02:00:00,369.62,3818.11,40.67,10444.0,9053.6,47.76,0,149.0
UNIT_0006,2026-04-04 16:00:00,370.21,3816.53,40.63,10444.2,9040.9,47.76,0,179.0
UNIT_0038,2027-09-07 20:00:00,369.29,3813.08,40.64,10440.0,9044.2,47.76,0,131.0
UNIT_0019,2026-11-21 14:00:00,370.29,3809.77,40.63,10406.0,9047.0,47.76,0,38.0
UNIT_0042,2027-11-16 18:00:00,370.02,3808.53,40.72,10406.8,9068.3,47.76,1,20.0
UNIT_0026,2027-03-02 20:00:00,369.35,3812.32,40.63,10430.6,9041.2,47.76,0,198.0
UNIT_0009,2026-05-29 04:00:00,369.05,3822.25,40.74,10446.2,9068.6,47.76,0,135.0
UNIT_0040,2027-10-11 20:00:00,369.62,3815.28,40.81,10420.2,9085.5,47.76,0,39.0
UNIT_0013,2026-08-08 12:00:00,369.63,3813.84,40.7,10419.4,9064.3,47.76,0,74.0
UNIT_0037,2027-08-22 22:00:00,369.58,3815.63,40.65,10440.6,9034.3,47.76,0,128.0
UNIT_0039,2027-09-21 16:00:00,369.55,3817.84,40.6,10422.4,9044.0,47.76,0,93.0
UNIT_0039,2027-09-26 16:00:00,369.75,3810.87,40.59,10416.4,9040.7,47.76,0,33.0
UNIT_0017,2026-10-18 18:00:00,369.41,3816.46,40.82,10437.4,9093.0,47.76,0,91.0
UNIT_0043,2027-11-20 06:00:00,368.75,3821.97,40.68,10443.0,9056.2,47.76,0,185.0
UNIT_0005,2026-03-28 10:00:00,369.25,3813.49,40.82,10433.6,9084.0,47.76,0,78.0
UNIT_0031,2027-05-23 18:00:00,369.11,3820.25,40.71,10440.2,9059.0,47.76,0,127.0
UNIT_0011,2026-07-08 00:00:00,369.61,3817.7,40.72,10446.2,9062.4,47.76,0,119.0
UNIT_0042,2027-11-14 08:00:00,369.68,3814.39,40.7,10416.4,9068.2,47.76,0,49.0
UNIT_0013,2026-08-06 18:00:00,369.9,3822.39,40.71,10421.2,9056.7,47.76,0,95.0
UNIT_0002,2026-01-27 02:00:00,368.93,3818.46,40.68,10439.2,9051.0,47.76,0,165.0
UNIT_0013,2026-08-09 18:00:00,369.21,3810.39,40.74,10425.2,9074.4,47.76,0,59.0
UNIT_0011,2026-07-10 02:00:00,368.98,3818.66,40.74,10439.2,9070.6,47.76,0,94.0
UNIT_0034,2027-07-16 18:00:00,369.95,3813.01,40.79,10427.4,9081.1,47.76,0,65.0
UNIT_0015,2026-09-06 06:00:00,369.31,3820.66,40.71,10453.0,9057.2,47.76,0,116.0
UNIT_0013,2026-08-01 06:00:00,369.46,3813.35,40.68,10429.0,9053.4,47.76,0,161.0
UNIT_0028,2027-04-05 08:00:00,368.88,3821.77,40.71,10448.2,9062.6,47.76,0,117.0
UNIT_0026,2027-03-04 16:00:00,369.41,3821.9,40.65,10430.8,9047.5,47.76,0,176.0
UNIT_0011,2026-06-29 22:00:00,369.0,3820.46,40.71,10442.0,9057.7,47.76,0,216.0
UNIT_0036,2027-08-14 00:00:00,369.35,3816.53,40.7,10418.8,9056.5,47.76,0,65.0
UNIT_0016,2026-09-19 10:00:00,369.73,3818.59,40.67,10429.6,9060.9,47.76,0,167.0
UNIT_0047,2028-01-27 14:00:00,368.83,3820.25,40.74,10445.4,9070.6,47.76,0,185.0
UNIT_0030,2027-05-03 12:00:00,368.97,3821.35,40.74,10451.8,9060.1,47.76,0,136.0
UNIT_0050,2028-04-02 02:00:00,369.27,3813.77,40.8,10419.8,9090.8,47.76,0,43.0
UNIT_0033,2027-06-22 02:00:00,369.11,3820.46,40.73,10447.4,9070.0,47.76,0,166.0
UNIT_0020,2026-11-27 14:00:00,369.53,3814.66,40.68,10427.0,9064.0,47.76,0,200.0
UNIT_0007,2026-04-30 00:00:00,369.47,3819.42,40.77,10434.0,9067.5,47.76,0,134.0
UNIT_0043,2027-12-03 20:00:00,369.96,3804.74,40.64,10402.8,9047.8,47.76,1,22.0
UNIT_0012,2026-07-30 00:00:00,369.67,3799.7,40.62,10413.2,9045.1,47.76,1,25.0
UNIT_0041,2027-10-16 02:00:00,369.37,3825.56,40.71,10447.0,9061.8,47.76,0,204.0
UNIT_0025,2027-02-19 02:00:00,369.76,3816.73,40.65,10427.8,9048.7,47.76,0,140.0
UNIT_0009,2026-06-04 14:00:00,369.01,3821.97,40.88,10449.8,9099.5,47.76,0,58.0
UNIT_0046,2028-01-11 08:00:00,369.11,3825.9,40.69,10441.2,9058.1,47.76,0,166.0
UNIT_0028,2027-04-12 20:00:00,370.13,3807.84,40.77,10413.0,9070.9,47.76,1,27.0
UNIT_0048,2028-02-18 16:00:00,368.95,3825.63,40.75,10447.8,9071.2,47.76,0,151.0
UNIT_0050,2028-04-02 08:00:00,369.6,3807.49,40.84,10414.2,9093.6,47.76,0,40.0
UNIT_0002,2026-02-07 08:00:00,369.91,3807.22,40.79,10419.0,9086.8,47.76,1,30.0
UNIT_0040,2027-10-04 22:00:00,369.51,3810.73,40.69,10426.6,9063.2,47.76,0,122.0
UNIT_0006,2026-04-18 00:00:00,370.97,3806.46,40.57,10405.4,9032.3,47.77,1,19.0
UNIT_0031,2027-05-15 14:00:00,368.69,3820.32,40.67,10438.0,9055.0,47.76,0,225.0
UNIT_0041,2027-10-21 06:00:00,369.39,3816.32,40.74,10431.2,9065.0,47.76,0,142.0
UNIT_0018,2026-11-07 14:00:00,369.22,3815.49,40.9,10441.2,9097.4,47.76,0,48.0
UNIT_0038,2027-09-05 18:00:00,369.81,3812.66,40.64,10417.4,9046.6,47.76,0,156.0
UNIT_0002,2026-01-31 02:00:00,368.99,3818.59,40.7,10447.2,9065.7,47.76,0,117.0
UNIT_0032,2027-06-08 06:00:00,369.85,3809.98,40.67,10431.2,9054.4,47.76,0,132.0
UNIT_0026,2027-03-12 20:00:00,369.73,3810.94,40.69,10425.4,9068.1,47.76,0,78.0
UNIT_0046,2028-01-16 04:00:00,368.83,3817.56,40.73,10447.8,9063.8,47.76,0,108.0
UNIT_0037,2027-08-31 22:00:00,370.14,3800.67,40.6,10413.4,9040.8,47.76,1,20.0
UNIT_0046,2028-01-11 22:00:00,369.1,3823.9,40.71,10437.6,9049.6,47.76,0,159.0
UNIT_0039,2027-09-20 20:00:00,369.58,3815.7,40.67,10425.6,9045.8,47.76,0,103.0
UNIT_0032,2027-06-05 22:00:00,370.0,3813.15,40.62,10431.2,9048.3,47.76,0,160.0
UNIT_0030,2027-05-09 20:00:00,369.05,3819.01,40.7,10430.4,9064.6,47.76,0,60.0
UNIT_0026,2027-03-06 02:00:00,368.67,3813.08,40.63,10434.8,9051.7,47.76,0,159.0
UNIT_0012,2026-07-25 00:00:00,369.45,3815.7,40.62,10428.0,9045.7,47.76,0,85.0
UNIT_0001,2026-01-02 20:00:00,368.99,3819.56,40.64,10430.4,9046.3,47.76,0,169.0
UNIT_0010,2026-06-22 04:00:00,368.74,3817.97,40.75,10431.8,9072.5,47.76,0,69.0
UNIT_0008,2026-05-18 18:00:00,369.7,3814.94,40.61,10422.0,9047.2,47.76,0,59.0
UNIT_0004,2026-02-28 12:00:00,369.43,3818.94,40.67,10439.2,9050.9,47.76,0,144.0
UNIT_0044,2027-12-09 12:00:00,368.74,3818.8,40.75,10436.2,9066.2,47.76,0,146.0
UNIT_0014,2026-08-17 14:00:00,369.75,3817.77,40.68,10427.4,9061.5,47.76,0,145.0
UNIT_0007,2026-04-25 16:00:00,368.97,3822.39,40.76,10435.4,9066.6,47.76,0,186.0
UNIT_0009,2026-05-24 16:00:00,368.48,3822.18,40.75,10451.2,9066.3,47.76,0,189.0
UNIT_0012,2026-07-25 16:00:00,370.0,3816.46,40.62,10431.4,9050.0,47.76,0,77.0
UNIT_0018,2026-11-09 20:00:00,369.64,3813.08,41.08,10414.6,9152.1,47.76,1,21.0
UNIT_0011,2026-07-13 18:00:00,369.59,3815.08,40.82,10433.8,9083.7,47.76,0,50.0
UNIT_0002,2026-02-08 08:00:00,369.96,3800.94,40.8,10394.8,9086.7,47.76,1,18.0
UNIT_0026,2027-03-07 06:00:00,369.34,3818.39,40.63,10439.8,9056.1,47.76,0,145.0
UNIT_0021,2026-12-15 14:00:00,369.38,3817.42,40.62,10429.6,9043.0,47.76,0,179.0
UNIT_0028,2027-04-06 12:00:00,369.07,3825.35,40.71,10447.2,9063.3,47.76,0,103.0
UNIT_0020,2026-12-07 04:00:00,369.91,3817.77,40.7,10433.8,9064.4,47.76,0,85.0
UNIT_0007,2026-05-04 20:00:00,369.65,3811.56,40.74,10430.0,9075.4,47.76,0,76.0
UNIT_0018,2026-11-03 12:00:00,369.39,3821.28,40.75,10435.2,9066.6,47.76,0,97.0
UNIT_0002,2026-01-24 12:00:00,368.94,3818.25,40.67,10449.6,9045.9,47.76,0,196.0
UNIT_0033,2027-07-03 06:00:00,369.41,3818.39,40.7,10413.4,9052.5,47.76,0,32.0
UNIT_0022,2027-01-15 20:00:00,370.06,3807.63,40.65,10399.4,9056.9,47.77,1,6.0
UNIT_0021,2026-12-26 00:00:00,369.37,3814.18,40.76,10421.6,9073.2,47.76,0,54.0
UNIT_0034,2027-07-12 00:00:00,369.26,3817.01,40.73,10438.8,9064.1,47.76,0,122.0
UNIT_0024,2027-02-10 10:00:00,370.6,3802.67,40.62,10413.0,9048.9,47.77,1,14.0
UNIT_0017,2026-10-22 18:00:00,369.88,3811.91,40.91,10421.8,9115.8,47.76,0,43.0
UNIT_0019,2026-11-19 08:00:00,369.75,3812.8,40.64,10408.6,9050.2,47.76,0,65.0
UNIT_0036,2027-08-07 14:00:00,369.53,3814.87,40.69,10427.2,9058.4,47.76,0,142.0
UNIT_0013,2026-08-04 02:00:00,369.43,3816.25,40.66,10428.8,9047.9,47.76,0,127.0
UNIT_0007,2026-04-25 00:00:00,369.16,3820.46,40.75,10443.6,9071.4,47.76,0,194.0
UNIT_0048,2028-02-29 02:00:00,369.5,3811.15,41.08,10423.2,9151.4,47.76,1,26.0
UNIT_0042,2027-11-15 02:00:00,370.03,3811.22,40.7,10414.8,9061.6,47.76,0,40.0
UNIT_0003,2026-02-19 18:00:00,368.85,3816.04,40.79,10434.4,9075.8,47.76,0,60.0
UNIT_0021,2026-12-29 14:00:00,370.36,3806.25,41.02,10409.6,9133.0,47.76,1,11.0
UNIT_0032,2027-06-13 20:00:00,369.8,3811.63,40.69,10428.6,9059.9,47.76,0,65.0
UNIT_0046,2028-01-19 00:00:00,369.65,3820.04,40.67,10421.4,9056.9,47.76,0,74.0
UNIT_0032,2027-06-16 14:00:00,370.1,3803.77,40.71,10393.8,9073.6,47.76,0,32.0
UNIT_0024,2027-02-01 12:00:00,369.15,3824.32,40.75,10435.4,9064.1,47.76,0,121.0
UNIT_0003,2026-02-23 20:00:00,370.31,3806.18,41.11,10415.0,9154.6,47.76,1,11.0
UNIT_0032,2027-06-16 18:00:00,370.08,3804.8,40.75,10402.2,9074.3,47.76,1,30.0
UNIT_0039,2027-09-20 06:00:00,369.62,3818.8,40.61,10417.0,9037.1,47.76,0,110.0
UNIT_0049,2028-03-19 02:00:00,370.11,3801.84,40.67,10404.2,9053.9,47.76,1,13.0
UNIT_0031,2027-05-17 22:00:00,368.38,3824.66,40.68,10440.2,9054.7,47.76,0,197.0
UNIT_0041,2027-10-25 20:00:00,369.11,3817.15,40.75,10428.8,9078.5,47.76,0,87.0
UNIT_0037,2027-08-21 02:00:00,369.17,3814.39,40.62,10427.0,9041.9,47.76,0,150.0
UNIT_0017,2026-10-17 00:00:00,369.07,3819.15,40.78,10452.8,9071.3,47.76,0,112.0
UNIT_0040,2027-10-12 18:00:00,369.72,3810.18,40.84,10397.6,9092.6,47.76,1,28.0
UNIT_0040,2027-10-04 10:00:00,369.75,3813.35,40.69,10424.6,9056.0,47.76,0,128.0
UNIT_0015,2026-09-07 04:00:00,368.75,3816.66,40.74,10438.8,9060.9,47.76,0,105.0
UNIT_0048,2028-02-23 22:00:00,369.38,3823.76,40.82,10446.4,9085.1,47.76,0,88.0
UNIT_0024,2027-02-11 06:00:00,370.72,3799.22,40.62,10392.6,9046.4,47.77,1,4.0
UNIT_0012,2026-08-01 00:00:00,370.19,3801.98,40.6,10386.4,9047.8,47.76,1,1.0
UNIT_0044,2027-12-18 06:00:00,370.03,3812.66,40.74,10433.2,9070.8,47.76,0,41.0
UNIT_0027,2027-03-22 02:00:00,368.91,3813.01,40.73,10435.0,9060.4,47.76,0,123.0
UNIT_0008,2026-05-11 14:00:00,369.98,3817.01,40.59,10430.0,9043.0,47.76,0,145.0
UNIT_0051,2028-04-12 20:00:00,369.27,3822.87,40.75,10440.8,9068.3,47.76,0,127.0
UNIT_0020,2026-12-05 20:00:00,369.43,3814.11,40.69,10427.0,9058.5,47.76,0,101.0
UNIT_0020,2026-11-29 08:00:00,369.52,3814.87,40.68,10433.2,9057.9,47.76,0,179.0
UNIT_0036,2027-08-09 22:00:00,369.76,3817.84,40.7,10429.2,9052.7,47.76,0,114.0
UNIT_0011,2026-06-30 00:00:00,368.58,3829.07,40.69,10452.8,9055.9,47.76,0,215.0
UNIT_0004,2026-02-27 02:00:00,369.44,3818.25,40.66,10434.4,9049.0,47.76,0,161.0
UNIT_0039,2027-09-26 12:00:00,369.47,3807.84,40.61,10404.6,9050.0,47.76,0,35.0
UNIT_0040,2027-10-11 16:00:00,370.16,3810.32,40.82,10420.4,9085.2,47.76,0,41.0
UNIT_0016,2026-09-28 06:00:00,369.45,3810.18,40.67,10414.2,9056.8,47.76,0,61.0
UNIT_0030,2027-05-03 00:00:00,368.95,3824.25,40.71,10446.4,9063.5,47.76,0,142.0
UNIT_0047,2028-02-08 06:00:00,369.87,3813.91,40.77,10415.6,9083.5,47.76,0,45.0
UNIT_0012,2026-07-25 02:00:00,369.22,3808.53,40.62,10415.8,9046.4,47.76,0,84.0
UNIT_0020,2026-12-07 06:00:00,369.55,3815.22,40.71,10418.4,9062.2,47.76,0,84.0
UNIT_0014,2026-08-25 10:00:00,370.32,3813.63,40.76,10428.4,9079.5,47.76,0,51.0
UNIT_0018,2026-11-05 02:00:00,368.91,3819.01,40.8,10446.2,9080.1,47.76,0,78.0
UNIT_0036,2027-08-18 00:00:00,370.09,3808.32,40.68,10398.2,9060.5,47.76,1,17.0
UNIT_0032,2027-06-07 06:00:00,369.43,3820.18,40.63,10421.2,9046.9,47.76,0,144.0
UNIT_0025,2027-02-16 18:00:00,369.64,3816.53,40.66,10433.0,9050.3,47.76,0,168.0
UNIT_0030,2027-05-11 12:00:00,369.4,3814.25,40.67,10426.2,9061.0,47.76,0,40.0
UNIT_0023,2027-01-17 22:00:00,369.82,3814.46,40.66,10419.4,9057.0,47.76,0,149.0
UNIT_0029,2027-04-28 00:00:00,370.71,3803.43,40.64,10387.0,9055.4,47.76,1,8.0
UNIT_0020,2026-12-03 16:00:00,369.41,3811.91,40.68,10422.2,9062.1,47.76,0,127.0
UNIT_0011,2026-07-05 20:00:00,369.52,3824.04,40.72,10449.2,9053.8,47.76,0,145.0
UNIT_0039,2027-09-23 18:00:00,369.81,3815.77,40.65,10430.4,9047.7,47.76,0,68.0
UNIT_0005,2026-03-19 22:00:00,369.39,3821.77,40.76,10446.6,9063.8,47.76,0,180.0
UNIT_0011,2026-07-13 08:00:00,369.7,3814.59,40.77,10428.2,9082.2,47.76,0,55.0
UNIT_0024,2027-02-11 12:00:00,370.69,3800.81,40.62,10390.8,9045.2,47.77,1,1.0
UNIT_0003,2026-02-13 10:00:00,369.43,3820.94,40.69,10434.0,9062.0,47.76,0,136.0
UNIT_0003,2026-02-13 12:00:00,369.06,3822.8,40.72,10449.4,9060.4,47.76,0,135.0
UNIT_0027,2027-03-22 10:00:00,369.54,3823.08,40.71,10436.2,9067.5,47.76,0,119.0
UNIT_0050,2028-04-03 00:00:00,370.11,3810.73,40.85,10422.0,9095.3,47.76,0,32.0
UNIT_0017,2026-10-07 22:00:00,368.93,3817.77,40.73,10435.2,9054.8,47.76,0,221.0
UNIT_0007,2026-04-20 06:00:00,369.26,3820.04,40.73,10445.2,9064.8,47.76,0,251.0
UNIT_0020,2026-11-28 22:00:00,369.41,3816.87,40.66,10421.2,9057.1,47.76,0,184.0
UNIT_0033,2027-06-26 04:00:00,368.8,3818.8,40.73,10457.0,9051.1,47.76,0,117.0
UNIT_0049,2028-03-07 16:00:00,369.18,3816.94,40.66,10426.6,9048.6,47.76,0,150.0
UNIT_0009,2026-05-24 00:00:00,368.89,3827.9,40.73,10457.0,9062.0,47.76,0,197.0
UNIT_0004,2026-03-07 00:00:00,369.41,3815.7,40.72,10433.4,9067.3,47.76,0,66.0
UNIT_0046,2028-01-04 04:00:00,368.85,3826.94,40.73,10444.2,9067.3,47.76,0,252.0
UNIT_0042,2027-11-17 22:00:00,370.23,3804.18,40.67,10399.0,9061.8,47.77,1,6.0
UNIT_0028,2027-04-13 06:00:00,369.97,3810.66,40.77,10413.4,9072.2,47.76,1,22.0
UNIT_0030,2027-05-14 04:00:00,370.11,3806.53,40.62,10394.8,9056.8,47.76,1,8.0
UNIT_0003,2026-02-24 06:00:00,370.49,3807.01,41.17,10414.0,9174.8,47.76,1,6.0
UNIT_0018,2026-11-09 06:00:00,369.19,3810.8,41.01,10436.6,9127.4,47.76,1,28.0
UNIT_0011,2026-07-03 00:00:00,368.91,3818.52,40.69,10446.2,9053.9,47.76,0,179.0
UNIT_0043,2027-12-03 12:00:00,370.51,3807.63,40.62,10419.2,9046.9,47.76,1,26.0
UNIT_0002,2026-01-31 18:00:00,369.28,3818.52,40.73,10439.4,9056.8,47.76,0,109.0
UNIT_0050,2028-04-03 16:00:00,370.17,3807.7,40.86,10411.2,9105.8,47.76,1,24.0
UNIT_0041,2027-10-30 02:00:00,369.49,3817.21,40.88,10438.2,9100.2,47.76,0,36.0
UNIT_0021,2026-12-18 04:00:00,369.4,3813.42,40.63,10434.6,9052.2,47.76,0,148.0
UNIT_0002,2026-02-01 10:00:00,369.65,3822.59,40.73,10436.4,9063.4,47.76,0,101.0
UNIT_0048,2028-02-27 04:00:00,369.86,3814.59,40.93,10441.8,9107.4,47.76,0,49.0
UNIT_0011,2026-07-04 16:00:00,369.39,3825.21,40.68,10445.4,9055.1,47.76,0,159.0
UNIT_0045,2027-12-25 12:00:00,370.02,3824.25,40.76,10433.6,9062.8,47.76,0,112.0
UNIT_0008,2026-05-15 10:00:00,369.15,3812.53,40.6,10423.4,9048.7,47.76,0,99.0
UNIT_0035,2027-08-05 14:00:00,369.92,3800.53,40.81,10408.4,9088.3,47.76,1,8.0
UNIT_0039,2027-09-22 02:00:00,369.68,3810.25,40.63,10428.0,9041.8,47.76,0,88.0
UNIT_0009,2026-06-02 06:00:00,369.45,3824.59,40.79,10434.4,9079.4,47.76,0,86.0
UNIT_0018,2026-10-30 16:00:00,368.61,3820.04,40.73,10445.0,9051.4,47.76,0,143.0
UNIT_0005,2026-03-22 04:00:00,368.39,3826.25,40.74,10447.6,9067.4,47.76,0,153.0
UNIT_0015,2026-09-07 10:00:00,369.03,3825.14,40.7,10446.8,9058.1,47.76,0,102.0
UNIT_0033,2027-07-05 12:00:00,370.39,3802.8,40.66,10395.4,9049.6,47.76,1,5.0
UNIT_0049,2028-03-17 00:00:00,370.25,3808.53,40.65,10406.0,9054.1,47.76,0,38.0
UNIT_0012,2026-07-18 00:00:00,369.24,3820.39,40.65,10418.8,9052.1,47.76,0,169.0
UNIT_0046,2028-01-11 00:00:00,368.86,3819.01,40.7,10442.0,9061.7,47.76,0,170.0
UNIT_0002,2026-01-30 22:00:00,369.4,3821.9,40.68,10437.8,9055.9,47.76,0,119.0
UNIT_0019,2026-11-16 22:00:00,369.86,3818.04,40.63,10419.8,9055.9,47.76,0,94.0
UNIT_0042,2027-11-14 00:00:00,369.66,3814.87,40.71,10424.6,9067.4,47.76,0,53.0
UNIT_0006,2026-04-14 20:00:00,370.16,3808.04,40.6,10415.2,9040.9,47.76,0,57.0
UNIT_0038,2027-09-18 08:00:00,370.77,3802.8,41.05,10408.8,9147.5,47.76,1,5.0
UNIT_0043,2027-11-27 18:00:00,369.01,3823.42,40.68,10432.6,9055.8,47.76,0,95.0
UNIT_0033,2027-06-27 14:00:00,369.07,3819.63,40.72,10431.2,9060.0,47.76,0,100.0
UNIT_0025,2027-02-28 22:00:00,371.03,3810.8,40.89,10410.8,9110.5,47.76,1,22.0
UNIT_0018,2026-11-04 20:00:00,369.08,3815.7,40.79,10437.2,9073.9,47.76,0,81.0
UNIT_0008,2026-05-12 02:00:00,369.15,3819.97,40.63,10420.0,9040.9,47.76,0,139.0
UNIT_0032,2027-06-08 10:00:00,370.06,3811.08,40.64,10430.4,9049.0,47.76,0,130.0
UNIT_0027,2027-03-30 06:00:00,369.48,3807.22,40.86,10424.8,9096.0,47.76,1,25.0
UNIT_0013,2026-08-02 22:00:00,369.87,3816.11,40.69,10431.2,9056.6,47.76,0,141.0
UNIT_0017,2026-10-13 06:00:00,369.25,3816.73,40.74,10442.8,9075.6,47.76,0,157.0
UNIT_0010,2026-06-19 18:00:00,369.65,3819.28,40.74,10437.0,9060.6,47.76,0,98.0
UNIT_0047,2028-02-10 06:00:00,370.65,3809.08,40.84,10420.2,9087.1,47.76,1,21.0
UNIT_0004,2026-03-06 08:00:00,369.96,3812.04,40.75,10435.4,9064.6,47.76,0,74.0
UNIT_0027,2027-03-25 08:00:00,369.7,3814.73,40.71,10440.6,9070.4,47.76,0,84.0
UNIT_0049,2028-03-08 08:00:00,369.68,3821.01,40.63,10433.4,9048.8,47.76,0,142.0
UNIT_0017,2026-10-24 20:00:00,370.53,3810.53,41.06,10419.4,9143.6,47.76,1,18.0
UNIT_0003,2026-02-16 20:00:00,369.03,3819.77,40.71,10443.8,9062.8,47.76,0,95.0
UNIT_0034,2027-07-11 22:00:00,369.13,3811.08,40.72,10432.6,9057.6,47.76,0,123.0
UNIT_0013,2026-08-01 04:00:00,368.79,3820.66,40.66,10417.4,9051.6,47.76,0,162.0
UNIT_0028,2027-04-05 04:00:00,369.09,3822.87,40.72,10443.0,9074.3,47.76,0,119.0
UNIT_0027,2027-03-21 04:00:00,369.6,3811.84,40.73,10440.0,9059.1,47.76,0,134.0
UNIT_0049,2028-03-16 14:00:00,370.17,3811.97,40.68,10424.4,9052.9,47.76,0,43.0
UNIT_0022,2027-01-13 14:00:00,370.37,3805.63,40.64,10413.2,9046.8,47.76,0,33.0
UNIT_0008,2026-05-20 12:00:00,369.75,3811.91,40.6,10411.2,9045.4,47.76,0,38.0
UNIT_0038,2027-09-09 06:00:00,369.07,3815.84,40.65,10429.4,9048.8,47.76,0,114.0
UNIT_0002,2026-01-31 10:00:00,369.19,3818.04,40.72,10437.0,9066.4,47.76,0,113.0
UNIT_0041,2027-10-31 00:00:00,370.02,3810.39,40.91,10416.8,9114.7,47.76,1,25.0
UNIT_0048,2028-02-21 08:00:00,369.31,3821.08,40.79,10444.6,9081.0,47.76,0,119.0
UNIT_0021,2026-12-27 14:00:00,369.91,3807.98,40.83,10420.2,9093.5,47.76,0,35.0
UNIT_0051,2028-04-11 22:00:00,368.78,3820.87,40.77,10450.6,9066.1,47.76,0,138.0
UNIT_0001,2026-01-13 06:00:00,369.87,3811.7,40.62,10421.6,9040.9,47.76,0,44.0
UNIT_0008,2026-05-20 00:00:00,369.59,3802.53,40.6,10409.0,9046.6,47.76,0,44.0
UNIT_0015,2026-09-15 08:00:00,370.59,3806.6,40.58,10410.8,9043.8,47.76,1,7.0
UNIT_0046,2028-01-08 00:00:00,368.73,3821.9,40.71,10437.0,9061.7,47.76,0,206.0
UNIT_0040,2027-09-30 12:00:00,369.79,3810.11,40.67,10432.2,9056.5,47.76,0,175.0
UNIT_0002,2026-02-03 22:00:00,369.31,3812.87,40.72,10443.8,9064.0,47.76,0,71.0
UNIT_0049,2028-03-09 16:00:00,369.2,3818.25,40.64,10420.6,9046.0,47.76,0,126.0
UNIT_0040,2027-10-12 00:00:00,369.69,3809.35,40.83,10412.4,9082.0,47.76,0,37.0
UNIT_0017,2026-10-16 00:00:00,368.89,3822.18,40.77,10441.2,9080.0,47.76,0,124.0
UNIT_0031,2027-05-31 12:00:00,369.84,3811.63,40.64,10414.8,9058.7,47.76,0,34.0
UNIT_0021,2026-12-15 12:00:00,369.48,3815.97,40.65,10431.2,9046.5,47.76,0,180.0
UNIT_0017,2026-10-26 00:00:00,369.98,3806.8,41.14,10401.6,9167.3,47.76,1,4.0
UNIT_0016,2026-09-30 14:00:00,370.01,3803.15,40.69,10411.8,9056.4,47.76,0,33.0
UNIT_0025,2027-02-16 16:00:00,369.05,3817.42,40.65,10423.4,9048.3,47.76,0,169.0
UNIT_0005,2026-03-27 22:00:00,369.34,3814.53,40.84,10436.2,9090.8,47.76,0,84.0
UNIT_0046,2028-01-10 08:00:00,369.19,3827.35,40.72,10442.6,9056.4,47.76,0,178.0
UNIT_0032,2027-06-04 04:00:00,369.5,3816.94,40.63,10424.2,9056.4,47.76,0,181.0
UNIT_0033,2027-07-04 08:00:00,369.72,3805.08,40.69,10417.2,9058.8,47.76,1,19.0
UNIT_0046,2028-01-13 04:00:00,368.96,3816.39,40.71,10446.6,9052.5,47.76,0,144.0
UNIT_0050,2028-03-28 14:00:00,369.7,3813.7,40.72,10430.4,9063.8,47.76,0,97.0
UNIT_0034,2027-07-15 08:00:00,369.35,3814.25,40.72,10422.6,9072.8,47.76,0,82.0
UNIT_0041,2027-11-01 02:00:00,369.88,3804.74,41.0,10411.2,9131.2,47.76,1,12.0
UNIT_0042,2027-11-03 00:00:00,369.71,3820.87,40.72,10446.2,9053.8,47.76,0,185.0
UNIT_0005,2026-03-13 06:00:00,368.54,3824.32,40.74,10451.6,9062.6,47.76,0,260.0
UNIT_0019,2026-11-24 04:00:00,370.79,3801.77,40.6,10396.4,9043.2,47.77,1,7.0
UNIT_0044,2027-12-14 06:00:00,368.89,3821.01,40.75,10443.2,9073.9,47.76,0,89.0
UNIT_0001,2026-01-07 12:00:00,368.97,3818.11,40.68,10437.0,9047.9,47.76,0,113.0
UNIT_0036,2027-08-14 16:00:00,369.69,3811.84,40.7,10410.0,9059.3,47.76,0,57.0
UNIT_0011,2026-07-07 06:00:00,369.48,3819.97,40.68,10447.2,9054.5,47.76,0,128.0
UNIT_0043,2027-11-20 14:00:00,369.42,3822.73,40.69,10444.2,9059.2,47.76,0,181.0
UNIT_0020,2026-12-02 12:00:00,369.51,3815.63,40.71,10425.4,9058.8,47.76,0,141.0
UNIT_0051,2028-04-09 02:00:00,369.22,3826.45,40.78,10444.4,9070.7,47.76,0,172.0
UNIT_0049,2028-03-08 14:00:00,369.39,3810.8,40.62,10428.8,9046.6,47.76,0,139.0
UNIT_0048,2028-02-14 14:00:00,369.13,3818.73,40.75,10439.8,9067.0,47.76,0,200.0
UNIT_0004,2026-03-01 12:00:00,369.15,3816.25,40.66,10436.8,9051.4,47.76,0,132.0
UNIT_0038,2027-09-13 22:00:00,369.48,3817.9,40.73,10426.8,9067.5,47.76,0,58.0
UNIT_0004,2026-03-07 16:00:00,369.66,3816.59,40.78,10423.4,9071.1,47.76,0,58.0
UNIT_0011,2026-07-09 22:00:00,369.46,3821.63,40.75,10442.4,9072.2,47.76,0,96.0
UNIT_0020,2026-12-08 06:00:00,369.99,3807.98,40.72,10417.4,9057.2,47.76,0,72.0
UNIT_0019,2026-11-21 18:00:00,370.76,3805.77,40.62,10410.4,9046.7,47.76,0,36.0
UNIT_0041,2027-10-25 00:00:00,369.56,3823.83,40.75,10444.2,9072.6,47.76,0,97.0
UNIT_0037,2027-08-22 02:00:00,369.49,3818.46,40.63,10437.2,9036.3,47.76,0,138.0
UNIT_0047,2028-01-27 08:00:00,368.86,3820.87,40.73,10448.8,9065.9,47.76,0,188.0
UNIT_0048,2028-02-27 16:00:00,369.19,3817.9,40.99,10436.4,9125.5,47.76,0,43.0
UNIT_0018,2026-10-30 14:00:00,369.47,3824.52,40.72,10445.0,9061.0,47.76,0,144.0
UNIT_0044,2027-12-20 16:00:00,370.08,3807.84,40.75,10405.8,9075.7,47.76,1,12.0
UNIT_0037,2027-09-01 02:00:00,369.87,3802.12,40.6,10400.0,9045.4,47.77,1,18.0
UNIT_0032,2027-06-07 16:00:00,369.67,3814.11,40.66,10425.8,9047.8,47.76,0,139.0
UNIT_0002,2026-02-05 08:00:00,369.81,3816.18,40.73,10432.6,9070.7,47.76,0,54.0
UNIT_0002,2026-02-02 16:00:00,369.16,3821.42,40.72,10437.6,9062.6,47.76,0,86.0
UNIT_0016,2026-09-23 22:00:00,369.9,3811.97,40.66,10426.2,9051.3,47.76,0,113.0
UNIT_0001,2026-01-02 08:00:00,369.43,3818.32,40.69,10437.8,9054.9,47.76,0,175.0
UNIT_0032,2027-06-12 22:00:00,369.92,3812.73,40.66,10424.0,9054.8,47.76,0,76.0
UNIT_0021,2026-12-17 00:00:00,368.93,3820.11,40.64,10431.4,9051.8,47.76,0,162.0
UNIT_0013,2026-08-11 16:00:00,369.56,3810.8,40.79,10415.4,9082.4,47.76,0,36.0
UNIT_0012,2026-07-23 16:00:00,369.63,3814.11,40.63,10419.6,9043.7,47.76,0,101.0
UNIT_0034,2027-07-13 02:00:00,369.78,3813.35,40.72,10423.4,9061.2,47.76,0,109.0
UNIT_0031,2027-05-29 16:00:00,369.68,3817.56,40.67,10417.2,9059.0,47.76,0,56.0
UNIT_0013,2026-08-05 18:00:00,369.06,3813.84,40.71,10437.4,9063.0,47.76,0,107.0
UNIT_0017,2026-10-19 02:00:00,369.28,3816.53,40.82,10440.4,9089.4,47.76,0,87.0
UNIT_0031,2027-05-19 16:00:00,369.24,3824.52,40.71,10446.4,9053.1,47.76,0,176.0
UNIT_0007,2026-05-02 14:00:00,369.33,3817.35,40.74,10438.4,9072.2,47.76,0,103.0
UNIT_0019,2026-11-14 00:00:00,368.76,3815.35,40.59,10428.8,9043.3,47.76,0,129.0
UNIT_0050,2028-03-31 10:00:00,369.75,3811.42,40.76,10421.6,9073.3,47.76,0,63.0
UNIT_0038,2027-09-09 04:00:00,369.91,3815.35,40.65,10430.6,9061.0,47.76,0,115.0
UNIT_0024,2027-02-08 06:00:00,369.95,3817.08,40.71,10419.2,9055.2,47.76,0,40.0
UNIT_0042,2027-11-07 22:00:00,369.34,3819.7,40.7,10442.0,9059.3,47.76,0,126.0
UNIT_0019,2026-11-16 14:00:00,369.53,3812.18,40.61,10415.2,9041.6,47.76,0,98.0
UNIT_0048,2028-02-16 02:00:00,369.39,3820.18,40.75,10448.2,9063.1,47.76,0,182.0
UNIT_0029,2027-04-19 14:00:00,369.4,3816.94,40.72,10425.6,9052.6,47.76,0,109.0
UNIT_0045,2027-12-31 00:00:00,369.6,3822.04,40.78,10424.0,9075.7,47.76,0,46.0
UNIT_0030,2027-05-01 14:00:00,369.19,3821.63,40.71,10446.0,9065.3,47.76,0,159.0
UNIT_0050,2028-03-23 08:00:00,369.13,3816.94,40.71,10442.4,9065.8,47.76,0,160.0
UNIT_0023,2027-01-29 16:00:00,370.36,3803.08,40.65,10412.0,9054.7,47.76,1,8.0
UNIT_0045,2027-12-31 22:00:00,369.55,3809.98,40.79,10426.6,9082.3,47.76,0,35.0
UNIT_0030,2027-05-06 14:00:00,368.93,3817.49,40.7,10439.4,9058.1,47.76,0,99.0
UNIT_0011,2026-07-16 06:00:00,370.03,3807.84,40.96,10414.0,9114.7,47.76,1,20.0
UNIT_0031,2027-05-19 00:00:00,369.35,3823.14,40.69,10444.8,9049.6,47.76,0,184.0
UNIT_0024,2027-02-04 20:00:00,369.29,3821.21,40.72,10425.8,9060.7,47.76,0,81.0
UNIT_0012,2026-07-23 12:00:00,369.66,3813.97,40.66,10423.8,9049.5,47.76,0,103.0
UNIT_0045,2027-12-22 10:00:00,369.33,3826.11,40.75,10451.4,9077.9,47.76,0,149.0
UNIT_0023,2027-01-18 16:00:00,369.23,3816.11,40.67,10429.6,9056.2,47.76,0,140.0
UNIT_0045,2028-01-02 00:00:00,369.61,3813.08,40.8,10410.8,9083.4,47.76,1,22.0
UNIT_0002,2026-02-08 16:00:00,370.56,3809.15,40.82,10394.4,9094.1,47.76,1,14.0
UNIT_0001,2026-01-14 14:00:00,370.02,3805.22,40.62,10412.6,9048.9,47.76,1,28.0
UNIT_0047,2028-02-11 18:00:00,369.81,3804.32,40.87,10403.6,9097.8,47.76,1,3.0
UNIT_0048,2028-02-26 02:00:00,369.66,3817.77,40.9,10447.2,9095.9,47.76,0,62.0
UNIT_0043,2027-12-02 10:00:00,370.21,3811.63,40.65,10409.8,9048.3,47.76,0,39.0
UNIT_0050,2028-03-25 18:00:00,369.4,3813.91,40.7,10417.2,9077.0,47.76,0,131.0
UNIT_0048,2028-02-29 20:00:00,369.98,3812.25,41.18,10408.8,9167.8,47.76,1,17.0
UNIT_0038,2027-09-08 00:00:00,369.74,3814.25,40.65,10441.2,9057.2,47.76,0,129.0
UNIT_0034,2027-07-08 00:00:00,368.9,3813.56,40.68,10438.2,9049.9,47.76,0,170.0
UNIT_0002,2026-01-21 02:00:00,368.87,3824.73,40.69,10443.2,9051.6,47.76,0,237.0
UNIT_0010,2026-06-17 10:00:00,368.94,3822.32,40.73,10444.2,9059.5,47.76,0,126.0
UNIT_0032,2027-06-14 16:00:00,369.51,3806.18,40.7,10414.6,9064.0,47.76,0,55.0
UNIT_0015,2026-09-15 00:00:00,370.6,3803.36,40.64,10399.2,9045.4,47.76,1,11.0
UNIT_0031,2027-06-02 08:00:00,370.07,3804.39,40.65,10400.6,9047.4,47.77,1,12.0
UNIT_0005,2026-03-17 00:00:00,368.99,3821.01,40.75,10445.0,9062.7,47.76,0,215.0
UNIT_0028,2027-04-07 20:00:00,369.06,3822.45,40.78,10440.4,9068.9,47.76,0,87.0
UNIT_0031,2027-05-16 14:00:00,369.28,3821.77,40.69,10439.8,9057.2,47.76,0,213.0
UNIT_0040,2027-09-29 12:00:00,369.56,3812.11,40.67,10425.0,9051.8,47.76,0,187.0
UNIT_0034,2027-07-21 02:00:00,370.21,3808.04,41.0,10407.8,9131.6,47.76,1,13.0
UNIT_0046,2028-01-10 02:00:00,369.19,3825.21,40.7,10441.0,9062.6,47.76,0,181.0
UNIT_0040,2027-10-09 12:00:00,369.51,3814.46,40.76,10414.4,9072.4,47.76,0,67.0
UNIT_0024,2027-02-08 02:00:00,369.86,3813.28,40.7,10423.0,9062.0,47.76,0,42.0
UNIT_0011,2026-07-11 02:00:00,369.32,3815.77,40.76,10431.4,9073.0,47.76,0,82.0
UNIT_0033,2027-06-30 16:00:00,369.23,3819.42,40.71,10439.0,9063.6,47.76,0,63.0
UNIT_0041,2027-10-21 04:00:00,369.85,3820.73,40.76,10443.8,9071.8,47.76,0,143.0
UNIT_0041,2027-10-27 18:00:00,369.76,3818.46,40.78,10426.0,9084.8,47.76,0,64.0
UNIT_0022,2027-01-09 10:00:00,370.02,3810.53,40.61,10425.2,9049.4,47.76,0,83.0
UNIT_0026,2027-03-18 20:00:00,370.17,3804.39,41.02,10396.0,9139.8,47.76,1,6.0
UNIT_0023,2027-01-19 18:00:00,369.3,3816.18,40.68,10424.0,9056.4,47.76,0,127.0
UNIT_0018,2026-11-06 16:00:00,369.17,3817.7,40.86,10446.6,9089.9,47.76,0,59.0
UNIT_0047,2028-01-26 22:00:00,368.65,3820.59,40.72,10455.6,9067.5,47.76,0,193.0
UNIT_0031,2027-05-27 16:00:00,369.42,3821.97,40.71,10437.2,9055.2,47.76,0,80.0
UNIT_0009,2026-05-28 00:00:00,368.64,3826.04,40.74,10441.2,9072.8,47.76,0,149.0
UNIT_0033,2027-07-04 20:00:00,369.81,3801.77,40.66,10401.8,9063.8,47.76,1,13.0
UNIT_0007,2026-05-10 02:00:00,370.26,3807.49,40.74,10399.4,9075.2,47.76,1,13.0
UNIT_0015,2026-09-10 10:00:00,369.22,3816.59,40.68,10434.0,9056.1,47.76,0,66.0
UNIT_0045,2027-12-23 02:00:00,368.91,3820.8,40.76,10452.4,9070.5,47.76,0,141.0
UNIT_0032,2027-06-09 20:00:00,369.3,3814.18,40.68,10418.4,9057.8,47.76,0,113.0
UNIT_0034,2027-07-10 04:00:00,369.17,3811.42,40.7,10432.2,9068.7,47.76,0,144.0
UNIT_0034,2027-07-07 04:00:00,369.4,3823.28,40.69,10436.8,9059.2,47.76,0,180.0
UNIT_0010,2026-06-20 08:00:00,369.18,3821.7,40.72,10444.0,9056.5,47.76,0,91.0
UNIT_0004,2026-03-05 22:00:00,369.32,3818.73,40.74,10434.8,9068.9,47.76,0,79.0
UNIT_0029,2027-04-20 10:00:00,369.57,3820.32,40.68,10438.6,9064.0,47.76,0,99.0
UNIT_0041,2027-10-18 20:00:00,368.82,3820.25,40.74,10450.8,9072.1,47.76,0,171.0
UNIT_0040,2027-10-12 14:00:00,369.81,3802.94,40.82,10403.8,9090.2,47.76,1,30.0
UNIT_0007,2026-05-06 16:00:00,369.63,3812.46,40.74,10432.4,9076.5,47.76,0,54.0
UNIT_0037,2027-08-26 12:00:00,369.25,3817.21,40.62,10436.4,9056.4,47.76,0,85.0
UNIT_0041,2027-10-17 18:00:00,368.8,3819.9,40.75,10439.8,9065.9,47.76,0,184.0
UNIT_0016,2026-10-03 04:00:00,370.71,3800.39,40.67,10385.8,9058.3,47.77,1,2.0
UNIT_0022,2027-01-12 10:00:00,370.02,3812.94,40.61,10406.4,9051.8,47.76,0,47.0
UNIT_0021,2026-12-18 14:00:00,369.66,3816.53,40.64,10431.0,9047.9,47.76,0,143.0
UNIT_0047,2028-01-27 12:00:00,369.24,3825.56,40.73,10446.0,9064.2,47.76,0,186.0
UNIT_0051,2028-04-08 08:00:00,368.75,3816.94,40.73,10439.2,9069.0,47.76,0,181.0
UNIT_0016,2026-10-02 08:00:00,370.61,3802.87,40.69,10395.8,9069.2,47.77,1,12.0
UNIT_0004,2026-03-10 06:00:00,369.76,3818.8,40.95,10418.2,9127.0,47.76,1,27.0
UNIT_0007,2026-04-27 22:00:00,369.0,3825.63,40.75,10436.8,9070.0,47.76,0,159.0
UNIT_0007,2026-04-26 04:00:00,369.33,3819.08,40.72,10435.6,9070.1,47.76,0,180.0
UNIT_0011,2026-06-29 00:00:00,369.38,3824.04,40.7,10442.0,9051.7,47.76,0,227.0
UNIT_0035,2027-08-01 08:00:00,369.92,3812.8,40.74,10426.4,9068.4,47.76,0,59.0
UNIT_0029,2027-04-18 14:00:00,369.39,3821.28,40.68,10434.6,9056.6,47.76,0,121.0
UNIT_0008,2026-05-17 12:00:00,369.54,3816.66,40.64,10423.4,9042.0,47.76,0,74.0
UNIT_0030,2027-05-06 22:00:00,369.27,3820.11,40.73,10438.0,9064.0,47.76,0,95.0
UNIT_0038,2027-09-11 22:00:00,369.81,3819.08,40.71,10414.6,9060.4,47.76,0,82.0
UNIT_0003,2026-02-20 16:00:00,369.42,3816.32,40.84,10431.0,9089.7,47.76,0,49.0
UNIT_0035,2027-07-30 14:00:00,368.96,3815.08,40.67,10433.4,9066.3,47.76,0,80.0
UNIT_0002,2026-02-03 06:00:00,369.45,3813.42,40.7,10432.8,9062.0,47.76,0,79.0
UNIT_0037,2027-08-27 22:00:00,369.67,3810.73,40.61,10425.6,9032.7,47.76,0,68.0
UNIT_0032,2027-06-18 20:00:00,369.89,3800.94,40.76,10400.4,9092.4,47.77,1,5.0
UNIT_0005,2026-03-15 12:00:00,368.15,3820.66,40.75,10439.2,9067.7,47.76,0,233.0
UNIT_0017,2026-10-25 02:00:00,370.72,3805.98,41.06,10412.2,9144.2,47.76,1,15.0
UNIT_0021,2026-12-24 02:00:00,369.85,3816.94,40.72,10428.4,9054.7,47.76,0,77.0
UNIT_0006,2026-04-09 06:00:00,370.04,3816.8,40.63,10411.4,9038.8,47.76,0,124.0
UNIT_0027,2027-03-31 00:00:00,369.88,3806.8,40.9,10406.0,9106.1,47.76,1,16.0
UNIT_0021,2026-12-20 16:00:00,369.94,3819.63,40.66,10429.0,9053.5,47.76,0,118.0
UNIT_0026,2027-03-11 20:00:00,369.56,3813.08,40.71,10432.8,9056.4,47.76,0,90.0
UNIT_0020,2026-11-28 08:00:00,369.1,3815.63,40.68,10420.8,9057.9,47.76,0,191.0
UNIT_0010,2026-06-27 12:00:00,371.2,3804.25,40.86,10403.0,9114.2,47.76,1,5.0
UNIT_0025,2027-02-28 04:00:00,370.33,3808.04,40.85,10412.6,9094.3,47.76,0,31.0
UNIT_0002,2026-02-08 00:00:00,369.88,3809.01,40.8,10405.4,9085.7,47.76,1,22.0
UNIT_0028,2027-04-11 04:00:00,369.44,3813.84,40.74,10434.8,9071.8,47.76,0,47.0
UNIT_0026,2027-03-08 06:00:00,369.66,3816.04,40.64,10434.2,9051.1,47.76,0,133.0
UNIT_0010,2026-06-12 12:00:00,368.82,3822.04,40.69,10440.0,9050.6,47.76,0,185.0
UNIT_0027,2027-03-24 16:00:00,369.44,3819.15,40.73,10437.4,9068.6,47.76,0,92.0
UNIT_0004,2026-02-27 10:00:00,368.95,3818.32,40.67,10435.2,9047.2,47.76,0,157.0
UNIT_0046,2028-01-08 16:00:00,368.72,3820.39,40.68,10451.2,9058.5,47.76,0,198.0
UNIT_0033,2027-06-28 18:00:00,368.76,3820.46,40.72,10441.8,9062.2,47.76,0,86.0
UNIT_0050,2028-03-29 10:00:00,369.2,3819.9,40.75,10416.0,9077.2,47.76,0,87.0
UNIT_0033,2027-06-25 16:00:00,369.51,3826.38,40.72,10433.2,9062.1,47.76,0,123.0
UNIT_0035,2027-07-31 18:00:00,369.14,3813.49,40.73,10429.0,9064.3,47.76,0,66.0
UNIT_0010,2026-06-12 18:00:00,368.97,3821.14,40.67,10449.2,9057.7,47.76,0,182.0
UNIT_0039,2027-09-29 04:00:00,370.67,3791.08,40.56,10400.8,9048.8,47.77,1,3.0
UNIT_0029,2027-04-15 16:00:00,368.46,3817.42,40.7,10437.6,9060.7,47.76,0,156.0
UNIT_0037,2027-08-20 04:00:00,369.16,3819.42,40.6,10437.4,9043.4,47.76,0,161.0
UNIT_0043,2027-12-04 00:00:00,369.91,3805.36,40.62,10394.4,9045.9,47.76,1,20.0
UNIT_0033,2027-07-05 20:00:00,370.82,3799.43,40.63,10394.2,9059.4,47.77,1,1.0
UNIT_0014,2026-08-14 20:00:00,369.73,3818.66,40.71,10428.8,9055.1,47.76,0,178.0
UNIT_0045,2027-12-29 12:00:00,368.63,3817.35,40.78,10438.8,9076.5,47.76,0,64.0
UNIT_0016,2026-09-24 18:00:00,369.69,3813.08,40.7,10419.8,9059.3,47.76,0,103.0
UNIT_0021,2026-12-29 10:00:00,370.88,3802.12,41.03,10408.6,9126.2,47.76,1,13.0
UNIT_0020,2026-12-11 20:00:00,369.45,3809.01,40.71,10404.6,9075.8,47.76,1,29.0
UNIT_0009,2026-06-07 00:00:00,369.92,3816.46,41.01,10427.4,9133.2,47.76,1,29.0
UNIT_0045,2027-12-21 22:00:00,368.68,3825.63,40.78,10448.0,9072.9,47.76,0,155.0
UNIT_0022,2027-01-09 18:00:00,369.08,3809.98,40.61,10417.0,9048.0,47.76,0,79.0
UNIT_0012,2026-07-27 20:00:00,370.13,3811.42,40.63,10426.0,9050.2,47.76,0,51.0
UNIT_0030,2027-05-11 14:00:00,369.77,3814.59,40.68,10426.8,9058.5,47.76,0,39.0
UNIT_0015,2026-09-11 00:00:00,369.74,3813.97,40.7,10436.0,9057.2,47.76,0,59.0
UNIT_0029,2027-04-27 10:00:00,370.24,3807.63,40.64,10406.8,9051.3,47.76,1,15.0
UNIT_0018,2026-10-28 06:00:00,369.58,3825.07,40.76,10445.2,9062.1,47.76,0,172.0
UNIT_0004,2026-03-12 10:00:00,370.33,3804.6,41.26,10402.4,9192.9,47.76,1,1.0
UNIT_0003,2026-02-15 04:00:00,369.38,3819.01,40.72,10444.8,9061.3,47.76,0,115.0
UNIT_0018,2026-11-07 08:00:00,369.79,3816.59,40.88,10439.2,9099.5,47.76,0,51.0
UNIT_0021,2026-12-15 22:00:00,369.0,3819.56,40.63,10445.8,9044.2,47.76,0,175.0
UNIT_0018,2026-11-03 14:00:00,369.36,3819.56,40.75,10450.8,9071.1,47.76,0,96.0
UNIT_0046,2028-01-12 14:00:00,368.91,3819.21,40.71,10432.0,9060.9,47.76,0,151.0
UNIT_0041,2027-10-26 22:00:00,369.46,3816.8,40.78,10430.6,9081.6,47.76,0,74.0
UNIT_0044,2027-12-09 02:00:00,368.97,3821.49,40.76,10450.6,9060.2,47.76,0,151.0
UNIT_0031,2027-05-22 06:00:00,368.97,3819.42,40.68,10453.4,9059.7,47.76,0,145.0
UNIT_0038,2027-09-04 16:00:00,369.48,3815.77,40.63,10424.6,9038.9,47.76,0,169.0
UNIT_0042,2027-11-17 10:00:00,370.02,3804.05,40.69,10409.8,9067.1,47.76,1,12.0
UNIT_0037,2027-08-27 20:00:00,369.65,3815.7,40.64,10429.6,9042.4,47.76,0,69.0
UNIT_0049,2028-03-20 04:00:00,371.05,3797.08,40.69,10385.0,9058.2,47.77,1,0.0
UNIT_0043,2027-11-22 20:00:00,369.36,3822.04,40.68,10448.2,9058.0,47.76,0,154.0
UNIT_0036,2027-08-18 18:00:00,370.38,3807.36,40.65,10405.0,9061.6,47.76,1,8.0
UNIT_0015,2026-09-05 00:00:00,369.06,3824.59,40.73,10441.4,9061.5,47.76,0,131.0
UNIT_0039,2027-09-22 22:00:00,370.21,3815.42,40.64,10425.4,9043.6,47.76,0,78.0
UNIT_0012,2026-07-30 18:00:00,370.27,3806.11,40.64,10412.2,9042.9,47.77,1,16.0
UNIT_0037,2027-08-31 00:00:00,370.52,3809.91,40.61,10410.2,9046.7,47.76,0,31.0
UNIT_0029,2027-04-27 00:00:00,369.97,3808.46,40.68,10400.6,9052.2,47.76,1,20.0
UNIT_0005,2026-03-29 08:00:00,369.48,3816.73,40.82,10428.4,9088.8,47.76,0,67.0
UNIT_0036,2027-08-11 02:00:00,369.48,3818.59,40.7,10423.4,9060.1,47.76,0,100.0
UNIT_0010,2026-06-13 08:00:00,368.93,3819.9,40.72,10450.4,9057.0,47.76,0,175.0
UNIT_0012,2026-07-30 20:00:00,370.6,3806.05,40.62,10392.8,9048.2,47.76,1,15.0
UNIT_0046,2028-01-25 00:00:00,370.75,3795.57,40.61,10399.4,9054.0,47.76,1,2.0
UNIT_0039,2027-09-26 14:00:00,369.14,3809.42,40.63,10408.4,9043.5,47.76,0,34.0
UNIT_0033,2027-06-28 16:00:00,368.95,3826.25,40.72,10446.0,9065.0,47.76,0,87.0
UNIT_0002,2026-01-20 18:00:00,369.0,3823.42,40.7,10441.6,9053.3,47.76,0,241.0
UNIT_0025,2027-02-14 18:00:00,369.57,3817.08,40.65,10424.2,9043.2,47.76,0,192.0
UNIT_0033,2027-06-24 22:00:00,369.28,3824.66,40.76,10453.2,9064.1,47.76,0,132.0
UNIT_0006,2026-04-05 10:00:00,369.53,3808.87,40.59,10428.2,9036.7,47.76,0,170.0
UNIT_0035,2027-08-05 08:00:00,370.44,3806.73,40.8,10401.4,9090.7,47.76,1,11.0
UNIT_0030,2027-05-07 18:00:00,369.03,3816.04,40.7,10434.2,9060.1,47.76,0,85.0
UNIT_0047,2028-01-25 18:00:00,368.7,3824.04,40.73,10446.6,9066.6,47.76,0,207.0
UNIT_0021,2026-12-21 22:00:00,369.86,3817.97,40.7,10429.2,9058.3,47.76,0,103.0
UNIT_0046,2028-01-07 16:00:00,369.16,3818.66,40.7,10434.4,9059.0,47.76,0,210.0
UNIT_0035,2027-08-04 10:00:00,370.02,3802.8,40.81,10407.8,9080.0,47.76,1,22.0
UNIT_0051,2028-04-11 14:00:00,369.06,3825.28,40.75,10444.0,9068.3,47.76,0,142.0
UNIT_0004,2026-03-08 00:00:00,369.65,3813.77,40.78,10428.6,9086.6,47.76,0,54.0
UNIT_0010,2026-06-15 10:00:00,369.03,3820.94,40.69,10448.2,9052.0,47.76,0,150.0
UNIT_0029,2027-04-17 08:00:00,368.99,3816.8,40.71,10427.8,9066.1,47.76,0,136.0
UNIT_0045,2027-12-30 06:00:00,368.86,3815.28,40.74,10446.0,9076.1,47.76,0,55.0
UNIT_0041,2027-10-24 06:00:00,368.94,3821.9,40.79,10438.2,9071.5,47.76,0,106.0
UNIT_0031,2027-05-24 02:00:00,369.67,3819.08,40.7,10442.2,9057.3,47.76,0,123.0
UNIT_0030,2027-05-08 06:00:00,368.66,3821.9,40.72,10439.2,9059.8,47.76,0,79.0
UNIT_0038,2027-09-07 10:00:00,369.69,3816.73,40.68,10428.2,9044.7,47.76,0,136.0
UNIT_0042,2027-11-09 08:00:00,368.96,3814.73,40.74,10436.0,9061.2,47.76,0,109.0
UNIT_0015,2026-09-06 04:00:00,369.2,3818.52,40.69,10440.2,9063.5,47.76,0,117.0
UNIT_0046,2028-01-09 10:00:00,369.01,3816.59,40.7,10450.6,9049.3,47.76,0,189.0
UNIT_0048,2028-02-15 02:00:00,369.3,3815.49,40.73,10441.2,9064.3,47.76,0,194.0
UNIT_0034,2027-07-15 02:00:00,369.77,3812.11,40.74,10425.0,9073.4,47.76,0,85.0
UNIT_0041,2027-10-16 12:00:00,369.08,3823.97,40.73,10442.0,9059.7,47.76,0,199.0
UNIT_0028,2027-04-06 08:00:00,368.97,3822.8,40.74,10447.2,9060.3,47.76,0,105.0
UNIT_0045,2027-12-28 18:00:00,368.62,3821.01,40.78,10445.6,9077.1,47.76,0,73.0
UNIT_0043,2027-12-04 14:00:00,369.61,3803.43,40.62,10401.0,9040.1,47.77,1,13.0
UNIT_0046,2028-01-21 16:00:00,369.97,3810.53,40.71,10425.4,9060.0,47.76,0,42.0
UNIT_0044,2027-12-18 22:00:00,370.21,3815.28,40.77,10403.2,9083.0,47.76,0,33.0
UNIT_0037,2027-08-21 20:00:00,369.24,3823.28,40.66,10433.6,9049.2,47.76,0,141.0
UNIT_0019,2026-11-23 14:00:00,370.53,3803.01,40.61,10400.8,9038.6,47.77,1,14.0
UNIT_0016,2026-09-19 12:00:00,369.25,3811.01,40.69,10419.8,9063.5,47.76,0,166.0
UNIT_0048,2028-02-24 16:00:00,369.16,3823.49,40.82,10430.0,9094.3,47.76,0,79.0
UNIT_0051,2028-04-07 18:00:00,368.72,3827.07,40.73,10451.8,9057.6,47.76,0,188.0
UNIT_0029,2027-04-28 10:00:00,370.74,3803.43,40.64,10379.0,9049.6,47.77,1,3.0
UNIT_0020,2026-12-06 10:00:00,369.47,3816.59,40.71,10424.4,9067.6,47.76,0,94.0
UNIT_0016,2026-10-01 22:00:00,370.23,3806.11,40.67,10393.2,9060.2,47.77,1,17.0
UNIT_0016,2026-09-27 02:00:00,369.69,3809.01,40.68,10419.8,9056.6,47.76,0,75.0
UNIT_0009,2026-06-02 04:00:00,368.88,3820.11,40.8,10447.2,9077.5,47.76,0,87.0
UNIT_0028,2027-04-08 08:00:00,369.08,3819.7,40.74,10439.8,9075.5,47.76,0,81.0
UNIT_0003,2026-02-19 10:00:00,369.07,3816.53,40.76,10432.0,9076.3,47.76,0,64.0
UNIT_0014,2026-08-16 02:00:00,369.41,3812.25,40.7,10425.2,9050.6,47.76,0,163.0
UNIT_0020,2026-12-11 18:00:00,369.39,3806.18,40.7,10394.4,9067.0,47.76,1,30.0
UNIT_0003,2026-02-16 16:00:00,369.09,3817.63,40.74,10443.2,9071.2,47.76,0,97.0
UNIT_0038,2027-09-10 04:00:00,369.04,3816.25,40.65,10435.0,9045.5,47.76,0,103.0
UNIT_0046,2028-01-04 20:00:00,369.12,3818.87,40.71,10443.8,9064.5,47.76,0,244.0
UNIT_0043,2027-11-30 20:00:00,369.21,3817.21,40.66,10430.8,9051.9,47.76,0,58.0
UNIT_0002,2026-01-21 06:00:00,368.37,3824.94,40.67,10451.6,9056.2,47.76,0,235.0
UNIT_0037,2027-08-29 16:00:00,369.46,3807.63,40.58,10421.4,9042.6,47.76,0,47.0
UNIT_0027,2027-03-29 22:00:00,369.78,3811.49,40.84,10415.6,9095.3,47.76,1,29.0
UNIT_0022,2027-01-05 18:00:00,369.07,3814.87,40.63,10427.4,9038.5,47.76,0,127.0
UNIT_0049,2028-03-18 00:00:00,369.64,3806.32,40.67,10407.4,9056.7,47.76,1,26.0
UNIT_0042,2027-11-07 12:00:00,368.77,3820.59,40.7,10444.4,9062.8,47.76,0,131.0
UNIT_0002,2026-02-03 18:00:00,369.24,3818.73,40.74,10436.2,9062.7,47.76,0,73.0
UNIT_0007,2026-05-01 04:00:00,368.92,3821.9,40.75,10430.4,9069.7,47.76,0,120.0
UNIT_0002,2026-01-22 18:00:00,368.61,3822.94,40.67,10443.4,9049.8,47.76,0,217.0
UNIT_0022,2027-01-03 04:00:00,369.74,3810.46,40.63,10421.0,9038.0,47.76,0,158.0
UNIT_0039,2027-09-29 02:00:00,370.25,3803.77,40.55,10391.2,9035.4,47.77,1,4.0
UNIT_0049,2028-03-05 10:00:00,369.49,3817.56,40.63,10430.0,9049.0,47.76,0,177.0
UNIT_0008,2026-05-21 18:00:00,370.38,3804.46,40.58,10413.8,9040.9,47.76,1,23.0
UNIT_0050,2028-04-02 04:00:00,369.35,3810.73,40.81,10418.8,9091.4,47.76,0,42.0
UNIT_0009,2026-05-24 18:00:00,368.82,3818.59,40.75,10453.4,9062.8,47.76,0,188.0
UNIT_0046,2028-01-20 12:00:00,369.69,3816.11,40.69,10416.4,9054.9,47.76,0,56.0
UNIT_0025,2027-02-15 20:00:00,370.01,3819.35,40.64,10426.8,9046.9,47.76,0,179.0
UNIT_0030,2027-05-12 20:00:00,370.08,3809.22,40.66,10422.4,9063.2,47.76,1,24.0
UNIT_0012,2026-07-28 00:00:00,369.69,3813.15,40.64,10423.0,9051.5,47.76,0,49.0
UNIT_0046,2028-01-22 04:00:00,370.19,3809.22,40.66,10413.6,9053.3,47.76,0,36.0
UNIT_0035,2027-07-30 08:00:00,369.21,3816.66,40.7,10425.2,9065.0,47.76,0,83.0
UNIT_0031,2027-05-24 20:00:00,369.27,3823.7,40.7,10442.6,9056.2,47.76,0,114.0
UNIT_0042,2027-11-15 08:00:00,369.63,3811.01,40.71,10421.4,9054.4,47.76,0,37.0
UNIT_0002,2026-01-29 08:00:00,368.88,3818.59,40.69,10437.4,9057.8,47.76,0,138.0
UNIT_0012,2026-07-20 16:00:00,369.26,3813.49,40.62,10426.6,9044.7,47.76,0,137.0
UNIT_0008,2026-05-14 10:00:00,369.52,3812.94,40.62,10442.6,9045.8,47.76,0,111.0
UNIT_0050,2028-04-02 00:00:00,369.94,3816.66,40.8,10410.6,9090.9,47.76,0,44.0
UNIT_0043,2027-11-28 14:00:00,369.54,3817.9,40.68,10433.6,9051.4,47.76,0,85.0
UNIT_0029,2027-04-27 20:00:00,370.24,3808.18,40.62,10402.8,9048.5,47.77,1,10.0
UNIT_0023,2027-01-17 08:00:00,369.87,3818.39,40.66,10439.8,9049.6,47.76,0,156.0
UNIT_0041,2027-10-27 06:00:00,369.5,3817.15,40.79,10423.8,9086.5,47.76,0,70.0
UNIT_0018,2026-11-07 10:00:00,369.82,3818.25,40.87,10432.4,9087.6,47.76,0,50.0
UNIT_0013,2026-08-02 00:00:00,369.66,3815.77,40.66,10444.0,9057.1,47.76,0,152.0
UNIT_0014,2026-08-21 02:00:00,370.05,3811.29,40.71,10423.4,9065.1,47.76,0,103.0
UNIT_0007,2026-05-07 22:00:00,369.74,3814.18,40.73,10418.0,9073.6,47.76,0,39.0
UNIT_0040,2027-10-06 02:00:00,369.49,3817.08,40.71,10422.2,9063.4,47.76,0,108.0
UNIT_0012,2026-07-28 22:00:00,370.19,3812.8,40.64,10418.0,9049.7,47.76,0,38.0
UNIT_0014,2026-08-24 22:00:00,369.73,3816.46,40.76,10423.2,9072.9,47.76,0,57.0
UNIT_0005,2026-03-26 08:00:00,369.55,3822.52,40.8,10440.4,9079.5,47.76,0,103.0
UNIT_0026,2027-03-17 00:00:00,370.06,3811.08,40.86,10411.4,9105.3,47.76,1,28.0
UNIT_0025,2027-02-12 22:00:00,369.96,3816.46,40.66,10428.6,9045.3,47.76,0,214.0
UNIT_0009,2026-05-28 04:00:00,369.21,3821.63,40.76,10456.2,9072.9,47.76,0,147.0
UNIT_0022,2027-01-15 06:00:00,370.51,3800.94,40.61,10388.8,9049.7,47.77,1,13.0
UNIT_0036,2027-08-17 10:00:00,370.34,3807.42,40.67,10405.6,9062.0,47.76,1,24.0
UNIT_0033,2027-06-30 18:00:00,370.06,3817.42,40.73,10431.4,9063.2,47.76,0,62.0
UNIT_0020,2026-12-03 10:00:00,369.98,3813.63,40.7,10434.2,9060.6,47.76,0,130.0
UNIT_0043,2027-11-21 04:00:00,369.27,3819.7,40.7,10448.6,9046.8,47.76,0,174.0
UNIT_0001,2026-01-13 08:00:00,369.75,3809.63,40.62,10422.6,9057.2,47.76,0,43.0
UNIT_0002,2026-01-24 18:00:00,368.95,3823.35,40.71,10454.8,9055.0,47.76,0,193.0
UNIT_0040,2027-10-13 00:00:00,370.02,3807.22,40.82,10408.2,9103.6,47.76,1,25.0
UNIT_0049,2028-03-15 06:00:00,369.64,3808.39,40.65,10420.4,9049.4,47.76,0,59.0
UNIT_0002,2026-01-31 06:00:00,368.92,3817.56,40.67,10428.4,9055.7,47.76,0,115.0
UNIT_0027,2027-03-24 06:00:00,368.74,3812.73,40.73,10433.8,9063.8,47.76,0,97.0
UNIT_0051,2028-04-08 18:00:00,369.16,3819.21,40.72,10448.2,9066.7,47.76,0,176.0
UNIT_0043,2027-12-02 20:00:00,370.0,3808.39,40.64,10424.0,9046.7,47.76,0,34.0
UNIT_0048,2028-02-27 18:00:00,369.85,3817.01,40.97,10436.8,9119.9,47.76,0,42.0
UNIT_0023,2027-01-29 18:00:00,370.78,3803.56,40.66,10402.8,9064.6,47.77,1,7.0
UNIT_0037,2027-08-29 22:00:00,370.19,3812.46,40.6,10416.4,9044.8,47.76,0,44.0
UNIT_0034,2027-07-19 04:00:00,370.18,3811.56,40.85,10414.4,9097.5,47.76,0,36.0
UNIT_0022,2027-01-06 06:00:00,369.96,3815.42,40.63,10422.2,9048.0,47.76,0,121.0
UNIT_0038,2027-09-13 12:00:00,370.09,3814.11,40.72,10423.6,9073.0,47.76,0,63.0
UNIT_0002,2026-01-20 16:00:00,368.9,3821.08,40.71,10445.4,9060.4,47.76,0,242.0
UNIT_0040,2027-10-05 10:00:00,369.35,3818.32,40.7,10416.2,9059.7,47.76,0,116.0
UNIT_0049,2028-03-09 18:00:00,369.4,3814.87,40.65,10423.4,9037.6,47.76,0,125.0
UNIT_0013,2026-08-02 12:00:00,369.86,3814.32,40.68,10434.6,9050.4,47.76,0,146.0
UNIT_0036,2027-08-17 14:00:00,370.07,3807.22,40.65,10397.0,9059.4,47.76,1,22.0
UNIT_0044,2027-12-13 08:00:00,369.2,3820.46,40.74,10429.0,9075.8,47.76,0,100.0
UNIT_0049,2028-03-11 04:00:00,369.5,3814.59,40.64,10428.6,9049.0,47.76,0,108.0
UNIT_0028,2027-04-05 22:00:00,368.96,3821.28,40.72,10443.2,9067.4,47.76,0,110.0
UNIT_0049,2028-03-12 02:00:00,369.74,3813.01,40.62,10423.2,9047.6,47.76,0,97.0
UNIT_0015,2026-09-14 22:00:00,370.15,3803.01,40.63,10404.8,9051.3,47.76,1,12.0
UNIT_0015,2026-09-04 14:00:00,369.45,3824.87,40.71,10456.8,9055.8,47.76,0,136.0
UNIT_0010,2026-06-25 04:00:00,370.47,3807.77,40.8,10411.0,9080.7,47.76,0,33.0
UNIT_0003,2026-02-22 16:00:00,370.0,3814.59,40.96,10429.6,9123.0,47.76,1,25.0
UNIT_0035,2027-07-22 18:00:00,369.25,3818.39,40.71,10437.0,9055.4,47.76,0,174.0
UNIT_0012,2026-07-27 18:00:00,370.55,3811.15,40.63,10420.4,9050.6,47.76,0,52.0
UNIT_0013,2026-08-11 02:00:00,369.25,3812.18,40.81,10418.0,9080.9,47.76,0,43.0
UNIT_0044,2027-12-09 20:00:00,369.12,3823.63,40.75,10446.4,9063.7,47.76,0,142.0
UNIT_0043,2027-12-04 02:00:00,369.96,3802.6,40.6,10396.4,9043.2,47.76,1,19.0
UNIT_0048,2028-02-12 04:00:00,368.91,3820.46,40.72,10449.6,9065.1,47.76,0,229.0
UNIT_0021,2026-12-17 22:00:00,369.31,3820.46,40.64,10431.0,9047.4,47.76,0,151.0
UNIT_0019,2026-11-19 20:00:00,369.83,3812.6,40.63,10427.2,9042.5,47.76,0,59.0
UNIT_0014,2026-08-23 18:00:00,370.15,3817.63,40.73,10419.8,9071.6,47.76,0,71.0
UNIT_0043,2027-11-21 00:00:00,369.01,3822.94,40.7,10442.4,9050.1,47.76,0,176.0
UNIT_0050,2028-03-28 22:00:00,369.54,3818.87,40.72,10430.4,9070.5,47.76,0,93.0
UNIT_0038,2027-09-11 20:00:00,369.99,3818.52,40.68,10418.6,9060.6,47.76,0,83.0
UNIT_0044,2027-12-18 20:00:00,369.82,3815.08,40.75,10425.2,9071.1,47.76,0,34.0
UNIT_0044,2027-12-08 06:00:00,368.93,3822.45,40.73,10449.0,9065.7,47.76,0,161.0
UNIT_0009,2026-05-25 14:00:00,368.26,3823.63,40.74,10445.4,9064.8,47.76,0,178.0
UNIT_0038,2027-09-09 10:00:00,369.09,3822.32,40.66,10421.8,9050.4,47.76,0,112.0
UNIT_0021,2026-12-21 14:00:00,369.03,3816.25,40.68,10427.6,9050.1,47.76,0,107.0
UNIT_0043,2027-11-22 16:00:00,369.02,3821.97,40.66,10443.8,9062.0,47.76,0,156.0
UNIT_0012,2026-07-26 06:00:00,369.78,3815.42,40.61,10421.4,9050.2,47.76,0,70.0
UNIT_0051,2028-04-12 00:00:00,368.25,3823.76,40.75,10443.4,9057.1,47.76,0,137.0
UNIT_0018,2026-11-06 10:00:00,369.51,3818.87,40.84,10442.0,9089.3,47.76,0,62.0
UNIT_0046,2028-01-19 04:00:00,369.28,3813.22,40.66,10425.4,9053.3,47.76,0,72.0
UNIT_0009,2026-05-31 08:00:00,368.87,3822.52,40.76,10450.8,9080.5,47.76,0,109.0
UNIT_0004,2026-02-28 22:00:00,368.9,3809.56,40.69,10437.0,9058.1,47.76,0,139.0
UNIT_0047,2028-02-05 22:00:00,369.5,3819.9,40.75,10436.6,9074.5,47.76,0,73.0
UNIT_0026,2027-03-09 10:00:00,369.45,3814.73,40.64,10420.6,9049.2,47.76,0,119.0
UNIT_0028,2027-04-02 00:00:00,369.06,3822.52,40.72,10447.6,9054.4,47.76,0,157.0
UNIT_0001,2026-01-07 00:00:00,369.14,3818.87,40.65,10440.8,9049.6,47.76,0,119.0
UNIT_0041,2027-10-16 14:00:00,368.81,3819.28,40.74,10450.8,9068.2,47.76,0,198.0
UNIT_0025,2027-03-02 02:00:00,370.59,3803.36,40.99,10410.2,9133.2,47.76,1,8.0
UNIT_0034,2027-07-18 16:00:00,369.92,3807.91,40.84,10412.8,9091.6,47.76,0,42.0
UNIT_0006,2026-04-04 18:00:00,369.66,3814.73,40.61,10421.6,9034.8,47.76,0,178.0
UNIT_0006,2026-04-14 10:00:00,370.23,3808.94,40.6,10409.8,9038.7,47.77,0,62.0
UNIT_0043,2027-11-19 18:00:00,368.3,3819.9,40.69,10443.2,9045.7,47.76,0,191.0
UNIT_0011,2026-07-15 18:00:00,370.09,3813.42,40.89,10416.2,9105.9,47.76,1,26.0
UNIT_0033,2027-07-05 04:00:00,370.01,3800.74,40.67,10400.2,9057.1,47.76,1,9.0
UNIT_0034,2027-07-20 00:00:00,370.04,3809.91,40.92,10405.6,9108.7,47.76,1,26.0
UNIT_0021,2026-12-30 04:00:00,370.37,3807.15,41.06,10402.2,9158.3,47.76,1,4.0
UNIT_0007,2026-04-22 22:00:00,368.99,3826.32,40.77,10452.6,9063.6,47.76,0,219.0
UNIT_0051,2028-04-12 08:00:00,368.93,3818.11,40.76,10451.2,9072.8,47.76,0,133.0
UNIT_0045,2027-12-25 06:00:00,369.02,3826.38,40.76,10452.0,9071.8,47.76,0,115.0
UNIT_0049,2028-03-08 22:00:00,369.56,3817.28,40.65,10423.8,9051.0,47.76,0,135.0
UNIT_0034,2027-07-09 08:00:00,368.63,3817.84,40.7,10434.4,9055.1,47.76,0,154.0
UNIT_0005,2026-04-02 16:00:00,370.15,3802.32,40.99,10401.4,9133.9,47.76,1,15.0
UNIT_0038,2027-09-03 14:00:00,370.09,3808.25,40.64,10428.4,9050.2,47.76,0,182.0
UNIT_0039,2027-09-28 04:00:00,370.05,3807.49,40.57,10395.8,9027.4,47.77,1,15.0
UNIT_0005,2026-03-24 06:00:00,368.59,3822.73,40.76,10437.6,9070.4,47.76,0,128.0
UNIT_0014,2026-08-26 16:00:00,369.79,3813.56,40.78,10419.6,9085.9,47.76,0,36.0
UNIT_0003,2026-02-22 12:00:00,370.19,3816.87,40.93,10419.8,9116.1,47.76,1,27.0
UNIT_0006,2026-04-15 02:00:00,370.13,3807.77,40.56,10420.0,9045.4,47.76,0,54.0
UNIT_0016,2026-09-22 22:00:00,370.14,3815.01,40.66,10427.8,9060.5,47.76,0,125.0
UNIT_0003,2026-02-10 04:00:00,369.35,3823.01,40.7,10446.2,9060.4,47.76,0,175.0
UNIT_0015,2026-09-11 08:00:00,369.06,3817.9,40.67,10437.8,9057.5,47.76,0,55.0
UNIT_0025,2027-02-22 12:00:00,369.45,3815.22,40.68,10425.2,9051.0,47.76,0,99.0
UNIT_0045,2027-12-29 06:00:00,369.22,3819.63,40.78,10444.2,9081.3,47.76,0,67.0
UNIT_0036,2027-08-07 08:00:00,369.51,3816.53,40.69,10432.8,9052.8,47.76,0,145.0
UNIT_0016,2026-09-30 18:00:00,370.41,3805.56,40.65,10408.0,9061.7,47.76,0,31.0
UNIT_0037,2027-08-26 06:00:00,369.5,3813.91,40.62,10430.0,9044.4,47.76,0,88.0
UNIT_0018,2026-11-03 22:00:00,369.44,3816.87,40.77,10433.8,9076.2,47.76,0,92.0
UNIT_0034,2027-07-11 04:00:00,370.19,3819.28,40.72,10429.8,9063.0,47.76,0,132.0
UNIT_0035,2027-07-22 06:00:00,369.1,3819.28,40.69,10424.4,9061.4,47.76,0,180.0
UNIT_0050,2028-03-22 12:00:00,369.13,3815.84,40.7,10431.8,9068.0,47.76,0,170.0
UNIT_0007,2026-04-20 16:00:00,369.32,3823.9,40.72,10451.0,9065.5,47.76,0,246.0
UNIT_0016,2026-09-26 18:00:00,369.79,3809.35,40.69,10416.8,9055.8,47.76,0,79.0
UNIT_0005,2026-03-31 08:00:00,369.56,3815.77,40.89,10426.6,9107.2,47.76,0,43.0
UNIT_0024,2027-02-06 06:00:00,368.85,3817.35,40.69,10435.6,9052.4,47.76,0,64.0
UNIT_0044,2027-12-06 22:00:00,369.31,3827.28,40.73,10445.2,9071.0,47.76,0,177.0
UNIT_0029,2027-04-25 08:00:00,369.53,3805.22,40.68,10425.2,9063.6,47.76,0,40.0
UNIT_0047,2028-02-02 02:00:00,369.06,3820.8,40.75,10430.0,9060.5,47.76,0,119.0
UNIT_0023,2027-01-20 16:00:00,369.29,3816.94,40.68,10425.6,9049.6,47.76,0,116.0
UNIT_0016,2026-09-16 02:00:00,369.28,3816.18,40.67,10425.4,9054.6,47.76,0,207.0
UNIT_0035,2027-07-27 10:00:00,369.19,3813.63,40.67,10436.4,9059.9,47.76,0,118.0
UNIT_0006,2026-04-19 08:00:00,370.63,3801.29,40.55,10390.0,9035.5,47.77,1,3.0
UNIT_0037,2027-08-31 02:00:00,369.97,3806.32,40.59,10403.8,9045.0,47.76,1,30.0
UNIT_0032,2027-06-08 16:00:00,369.62,3812.25,40.66,10425.4,9050.0,47.76,0,127.0
UNIT_0028,2027-04-03 22:00:00,369.44,3819.08,40.73,10444.2,9060.0,47.76,0,134.0
UNIT_0026,2027-03-17 22:00:00,369.99,3806.25,40.92,10415.6,9123.1,47.76,1,17.0
UNIT_0009,2026-05-30 20:00:00,368.52,3818.18,40.76,10444.4,9066.2,47.76,0,115.0
UNIT_0026,2027-03-10 14:00:00,369.97,3816.94,40.68,10417.6,9053.5,47.76,0,105.0
UNIT_0042,2027-11-17 14:00:00,370.17,3801.84,40.72,10393.8,9069.9,47.76,1,10.0
UNIT_0025,2027-02-25 14:00:00,369.33,3808.6,40.74,10426.4,9068.9,47.76,0,62.0
UNIT_0033,2027-06-21 18:00:00,368.58,3821.01,40.71,10444.2,9060.9,47.76,0,170.0
UNIT_0042,2027-11-07 10:00:00,368.41,3817.63,40.66,10438.2,9060.6,47.76,0,132.0
UNIT_0011,2026-07-16 14:00:00,370.04,3810.18,40.97,10425.2,9125.9,47.76,1,16.0
UNIT_0048,2028-02-21 16:00:00,369.09,3821.77,40.77,10455.2,9078.7,47.76,0,115.0
UNIT_0018,2026-11-01 12:00:00,368.95,3823.56,40.74,10443.4,9066.5,47.76,0,121.0
UNIT_0036,2027-08-11 16:00:00,369.01,3813.28,40.71,10431.6,9068.8,47.76,0,93.0
UNIT_0006,2026-04-18 04:00:00,370.67,3801.63,40.56,10408.8,9034.8,47.76,1,17.0
UNIT_0047,2028-01-31 12:00:00,369.31,3823.97,40.73,10444.2,9064.4,47.76,0,138.0
UNIT_0022,2027-01-06 10:00:00,369.49,3814.25,40.64,10424.4,9045.6,47.76,0,119.0
UNIT_0011,2026-06-28 02:00:00,368.66,3824.04,40.69,10446.6,9058.2,47.76,0,238.0
UNIT_0034,2027-07-20 14:00:00,370.26,3812.25,40.96,10420.6,9122.5,47.76,1,19.0
UNIT_0050,2028-03-23 16:00:00,368.67,3822.32,40.72,10443.4,9068.5,47.76,0,156.0
UNIT_0044,2027-12-11 04:00:00,369.13,3821.97,40.76,10442.0,9068.0,47.76,0,126.0
UNIT_0049,2028-03-05 22:00:00,369.31,3811.91,40.61,10428.6,9037.6,47.76,0,171.0
UNIT_0035,2027-07-29 12:00:00,369.25,3817.63,40.72,10425.4,9063.7,47.76,0,93.0
UNIT_0044,2027-12-16 02:00:00,369.25,3818.04,40.74,10429.4,9070.1,47.76,0,67.0
UNIT_0037,2027-08-19 22:00:00,368.66,3815.28,40.65,10438.0,9044.6,47.76,0,164.0
UNIT_0005,2026-03-22 06:00:00,369.42,3822.45,40.76,10430.8,9076.9,47.76,0,152.0
UNIT_0031,2027-05-17 00:00:00,369.34,3820.04,40.68,10446.6,9057.3,47.76,0,208.0
UNIT_0025,2027-02-11 20:00:00,369.2,3817.84,40.65,10429.0,9047.5,47.76,0,227.0
UNIT_0001,2026-01-12 16:00:00,369.24,3815.9,40.6,10421.2,9050.9,47.76,0,51.0
UNIT_0046,2028-01-23 16:00:00,370.05,3802.74,40.66,10399.6,9048.0,47.76,1,18.0
UNIT_0035,2027-08-02 00:00:00,369.29,3815.7,40.71,10422.0,9075.8,47.76,0,51.0
UNIT_0033,2027-06-30 04:00:00,368.67,3818.39,40.73,10428.6,9058.0,47.76,0,69.0
UNIT_0026,2027-03-13 22:00:00,370.31,3810.66,40.73,10416.2,9064.2,47.76,0,65.0
UNIT_0022,2027-01-05 06:00:00,370.38,3813.84,40.62,10417.8,9043.1,47.76,0,133.0
UNIT_0002,2026-02-03 20:00:00,369.82,3817.97,40.71,10420.4,9071.1,47.76,0,72.0
UNIT_0042,2027-11-16 08:00:00,369.68,3812.66,40.71,10410.2,9055.9,47.76,1,25.0
UNIT_0043,2027-11-30 00:00:00,369.52,3818.32,40.66,10437.8,9049.1,47.76,0,68.0
UNIT_0044,2027-12-20 22:00:00,370.32,3807.08,40.76,10410.2,9075.2,47.76,1,9.0
UNIT_0042,2027-11-18 04:00:00,370.8,3802.25,40.7,10402.8,9063.6,47.77,1,3.0
UNIT_0022,2027-01-02 14:00:00,369.16,3815.9,40.62,10416.6,9048.2,47.76,0,165.0
UNIT_0026,2027-03-14 16:00:00,369.36,3811.42,40.76,10415.0,9073.0,47.76,0,56.0
UNIT_0001,2026-01-01 22:00:00,368.91,3823.28,40.67,10436.0,9049.4,47.76,0,180.0
UNIT_0024,2027-02-01 16:00:00,368.86,3813.01,40.73,10432.6,9063.6,47.76,0,119.0
UNIT_0006,2026-04-09 02:00:00,369.44,3813.01,40.6,10419.4,9040.6,47.76,0,126.0
UNIT_0014,2026-08-27 14:00:00,370.26,3805.36,40.83,10402.2,9098.5,47.76,1,25.0
UNIT_0033,2027-06-24 06:00:00,369.35,3827.35,40.75,10441.0,9061.7,47.76,0,140.0
UNIT_0032,2027-06-04 00:00:00,369.74,3812.11,40.66,10427.0,9054.3,47.76,0,183.0
UNIT_0015,2026-09-07 02:00:00,369.23,3822.18,40.7,10449.8,9056.9,47.76,0,106.0
UNIT_0036,2027-08-17 02:00:00,370.16,3804.32,40.68,10412.4,9064.1,47.76,1,28.0
UNIT_0036,2027-08-08 04:00:00,369.99,3814.39,40.69,10442.6,9066.2,47.76,0,135.0
UNIT_0044,2027-12-15 02:00:00,369.43,3818.87,40.77,10427.0,9065.0,47.76,0,79.0
UNIT_0007,2026-05-01 00:00:00,368.87,3816.87,40.76,10435.6,9070.4,47.76,0,122.0
UNIT_0050,2028-03-23 06:00:00,369.51,3823.83,40.76,10433.6,9064.1,47.76,0,161.0
UNIT_0014,2026-08-28 14:00:00,370.42,3808.53,40.92,10403.6,9114.9,47.76,1,13.0
UNIT_0047,2028-01-29 04:00:00,368.79,3822.25,40.73,10446.0,9064.5,47.76,0,166.0
UNIT_0045,2028-01-03 08:00:00,370.27,3806.53,40.78,10403.0,9092.1,47.76,1,6.0
UNIT_0037,2027-08-26 16:00:00,369.23,3811.29,40.6,10419.6,9041.2,47.76,0,83.0
UNIT_0018,2026-11-07 12:00:00,369.54,3820.66,40.89,10431.6,9098.3,47.76,0,49.0
UNIT_0014,2026-08-20 00:00:00,369.84,3815.77,40.72,10428.6,9063.8,47.76,0,116.0
UNIT_0002,2026-02-07 20:00:00,370.01,3811.49,40.8,10420.8,9080.0,47.76,1,24.0
UNIT_0042,2027-11-14 10:00:00,369.5,3810.18,40.7,10426.8,9062.9,47.76,0,48.0
UNIT_0007,2026-04-24 22:00:00,369.39,3822.66,40.75,10439.2,9065.2,47.76,0,195.0
UNIT_0018,2026-11-06 08:00:00,369.67,3822.25,40.79,10429.0,9086.0,47.76,0,63.0
UNIT_0050,2028-04-01 00:00:00,370.36,3813.22,40.78,10427.8,9082.1,47.76,0,56.0
UNIT_0007,2026-04-26 16:00:00,369.6,3825.56,40.73,10445.8,9068.1,47.76,0,174.0
UNIT_0005,2026-03-25 08:00:00,369.09,3822.94,40.76,10438.2,9072.7,47.76,0,115.0
UNIT_0040,2027-10-09 18:00:00,370.04,3812.8,40.75,10418.4,9071.5,47.76,0,64.0
UNIT_0017,2026-10-24 02:00:00,369.9,3812.66,41.03,10423.0,9129.0,47.76,1,27.0
UNIT_0020,2026-12-09 20:00:00,369.93,3812.94,40.74,10422.0,9061.4,47.76,0,53.0
UNIT_0008,2026-05-19 22:00:00,369.49,3810.53,40.61,10420.4,9047.6,47.76,0,45.0
UNIT_0016,2026-09-22 10:00:00,369.52,3812.6,40.71,10428.6,9060.6,47.76,0,131.0
UNIT_0048,2028-02-23 02:00:00,369.59,3823.01,40.81,10449.4,9085.2,47.76,0,98.0
UNIT_0003,2026-02-10 16:00:00,369.57,3821.63,40.65,10448.0,9053.4,47.76,0,169.0
UNIT_0016,2026-09-27 04:00:00,369.57,3812.18,40.7,10411.2,9065.0,47.76,0,74.0
UNIT_0019,2026-11-16 00:00:00,369.91,3813.08,40.6,10424.4,9046.4,47.76,0,105.0
UNIT_0045,2027-12-22 22:00:00,369.0,3827.42,40.76,10434.8,9068.2,47.76,0,143.0
UNIT_0026,2027-03-11 00:00:00,369.64,3816.8,40.67,10421.6,9058.5,47.76,0,100.0
UNIT_0041,2027-10-17 00:00:00,369.5,3823.08,40.7,10447.2,9071.6,47.76,0,193.0
UNIT_0029,2027-04-21 08:00:00,369.7,3816.8,40.66,10427.8,9061.1,47.76,0,88.0
UNIT_0049,2028-03-14 06:00:00,370.16,3815.56,40.64,10423.6,9060.3,47.76,0,71.0
UNIT_0042,2027-11-09 18:00:00,369.27,3816.32,40.73,10443.0,9060.1,47.76,0,104.0
UNIT_0004,2026-02-28 14:00:00,369.84,3816.87,40.68,10433.2,9052.7,47.76,0,143.0
UNIT_0025,2027-03-02 10:00:00,370.52,3806.32,41.02,10412.4,9137.7,47.76,1,4.0
UNIT_0046,2028-01-12 02:00:00,368.97,3821.08,40.7,10443.4,9058.6,47.76,0,157.0
UNIT_0016,2026-10-02 06:00:00,370.21,3807.42,40.68,10392.0,9069.3,47.76,1,13.0
UNIT_0042,2027-11-09 02:00:00,369.16,3820.32,40.69,10428.2,9064.7,47.76,0,112.0
UNIT_0049,2028-03-13 14:00:00,369.74,3810.66,40.65,10421.4,9050.5,47.76,0,79.0
UNIT_0046,2028-01-22 18:00:00,369.82,3809.08,40.67,10406.8,9054.4,47.76,1,29.0
UNIT_0025,2027-02-14 02:00:00,368.46,3810.11,40.64,10446.0,9043.8,47.76,0,200.0
UNIT_0022,2027-01-06 00:00:00,369.64,3809.84,40.64,10423.6,9048.7,47.76,0,124.0
UNIT_0005,2026-03-24 04:00:00,369.68,3817.84,40.77,10446.4,9075.2,47.76,0,129.0
UNIT_0047,2028-02-09 16:00:00,369.88,3809.56,40.84,10423.2,9091.7,47.76,1,28.0
UNIT_0050,2028-04-03 14:00:00,370.25,3807.77,40.85,10415.4,9103.9,47.76,1,25.0
UNIT_0040,2027-10-05 02:00:00,370.38,3813.49,40.7,10424.8,9064.5,47.76,0,120.0
UNIT_0032,2027-06-06 10:00:00,369.86,3813.97,40.63,10417.6,9051.4,47.76,0,154.0
UNIT_0031,2027-05-23 10:00:00,369.03,3823.08,40.7,10438.0,9059.3,47.76,0,131.0
UNIT_0026,2027-03-13 12:00:00,369.67,3813.63,40.75,10432.8,9063.7,47.76,0,70.0
UNIT_0006,2026-04-10 20:00:00,369.59,3811.22,40.62,10420.8,9039.6,47.76,0,105.0
UNIT_0047,2028-01-26 20:00:00,368.83,3826.45,40.7,10447.6,9065.7,47.76,0,194.0
UNIT_0039,2027-09-19 14:00:00,369.28,3809.91,40.62,10424.6,9038.9,47.76,0,118.0
UNIT_0035,2027-07-22 16:00:00,368.86,3821.01,40.7,10432.8,9051.7,47.76,0,175.0
UNIT_0043,2027-11-25 08:00:00,368.58,3820.39,40.7,10453.6,9053.6,47.76,0,124.0
UNIT_0037,2027-08-21 22:00:00,369.07,3815.49,40.62,10436.8,9045.6,47.76,0,140.0
UNIT_0022,2027-01-08 12:00:00,369.6,3809.91,40.62,10425.4,9048.3,47.76,0,94.0
UNIT_0005,2026-03-16 06:00:00,369.17,3824.52,40.73,10450.8,9064.3,47.76,0,224.0
UNIT_0010,2026-06-14 02:00:00,369.06,3828.32,40.7,10454.8,9053.8,47.76,0,166.0
UNIT_0029,2027-04-25 18:00:00,370.06,3814.66,40.69,10416.6,9044.2,47.76,0,35.0
UNIT_0033,2027-06-28 22:00:00,369.25,3815.63,40.73,10449.0,9065.7,47.76,0,84.0
UNIT_0032,2027-06-09 12:00:00,369.63,3813.08,40.67,10420.2,9053.1,47.76,0,117.0
UNIT_0039,2027-09-25 22:00:00,370.28,3813.84,40.62,10418.4,9040.7,47.76,0,42.0
UNIT_0016,2026-09-28 18:00:00,369.68,3811.15,40.72,10397.2,9063.9,47.76,0,55.0
UNIT_0033,2027-07-02 12:00:00,369.94,3811.01,40.69,10422.2,9063.8,47.76,0,41.0
UNIT_0034,2027-07-08 04:00:00,369.53,3821.97,40.69,10434.0,9058.1,47.76,0,168.0
UNIT_0038,2027-09-05 14:00:00,369.76,3815.97,40.64,10420.8,9052.3,47.76,0,158.0
UNIT_0047,2028-02-04 08:00:00,368.9,3824.25,40.75,10439.2,9075.4,47.76,0,92.0
UNIT_0038,2027-09-15 18:00:00,369.85,3817.15,40.82,10414.0,9088.0,47.76,0,36.0
UNIT_0049,2028-03-11 02:00:00,369.88,3818.11,40.63,10433.8,9048.0,47.76,0,109.0
UNIT_0045,2027-12-24 18:00:00,368.56,3820.11,40.78,10445.2,9066.4,47.76,0,121.0
UNIT_0006,2026-04-14 06:00:00,369.62,3812.39,40.56,10404.8,9032.2,47.76,0,64.0
UNIT_0011,2026-07-10 18:00:00,369.68,3816.46,40.77,10439.6,9068.0,47.76,0,86.0
UNIT_0014,2026-08-17 08:00:00,369.2,3811.77,40.7,10437.8,9062.4,47.76,0,148.0
UNIT_0023,2027-01-18 02:00:00,369.64,3816.8,40.64,10430.6,9056.6,47.76,0,147.0
UNIT_0006,2026-04-13 10:00:00,370.16,3810.18,40.58,10426.0,9046.2,47.76,0,74.0
UNIT_0035,2027-08-05 16:00:00,370.12,3799.5,40.82,10394.2,9098.3,47.76,1,7.0
UNIT_0026,2027-03-08 12:00:00,369.63,3810.53,40.64,10424.0,9049.8,47.76,0,130.0
UNIT_0021,2026-12-24 18:00:00,369.25,3818.73,40.73,10434.0,9070.4,47.76,0,69.0
UNIT_0005,2026-03-30 04:00:00,370.31,3813.77,40.86,10420.0,9092.2,47.76,0,57.0
UNIT_0032,2027-06-06 20:00:00,369.28,3816.04,40.63,10423.2,9055.6,47.76,0,149.0
UNIT_0002,2026-01-24 10:00:00,368.91,3820.39,40.69,10440.8,9053.6,47.76,0,197.0
UNIT_0005,2026-03-22 16:00:00,368.63,3822.52,40.76,10454.6,9062.8,47.76,0,147.0
UNIT_0020,2026-11-26 10:00:00,369.63,3813.15,40.67,10426.2,9060.1,47.76,0,214.0
UNIT_0010,2026-06-11 14:00:00,369.33,3828.18,40.69,10448.2,9065.0,47.76,0,196.0
UNIT_0044,2027-12-07 08:00:00,368.46,3819.63,40.74,10450.2,9062.8,47.76,0,172.0
UNIT_0006,2026-04-17 04:00:00,369.78,3807.7,40.59,10414.6,9039.8,47.76,1,29.0
UNIT_0003,2026-02-21 14:00:00,369.93,3813.35,40.89,10434.0,9098.7,47.76,0,38.0
UNIT_0044,2027-12-10 18:00:00,369.08,3820.11,40.74,10455.4,9066.8,47.76,0,131.0
UNIT_0009,2026-05-26 04:00:00,368.81,3823.97,40.75,10449.8,9069.3,47.76,0,171.0
UNIT_0007,2026-04-26 20:00:00,369.08,3820.8,40.72,10443.0,9074.0,47.76,0,172.0
UNIT_0011,2026-07-03 14:00:00,369.08,3822.18,40.71,10445.4,9057.4,47.76,0,172.0
UNIT_0017,2026-10-25 08:00:00,370.47,3810.11,41.11,10414.8,9159.0,47.76,1,12.0
UNIT_0031,2027-05-25 16:00:00,369.31,3823.49,40.69,10445.6,9054.2,47.76,0,104.0
UNIT_0051,2028-04-10 20:00:00,368.7,3821.63,40.77,10435.4,9066.4,47.76,0,151.0
UNIT_0031,2027-05-20 08:00:00,369.15,3820.87,40.73,10447.8,9064.4,47.76,0,168.0
UNIT_0016,2026-09-22 20:00:00,370.16,3809.77,40.68,10410.6,9061.2,47.76,0,126.0
UNIT_0016,2026-09-24 00:00:00,369.56,3813.63,40.69,10413.6,9055.9,47.76,0,112.0
UNIT_0031,2027-05-24 06:00:00,368.67,3821.83,40.66,10442.4,9058.1,47.76,0,121.0
UNIT_0036,2027-08-09 18:00:00,369.31,3812.94,40.69,10429.4,9067.9,47.76,0,116.0
UNIT_0003,2026-02-17 22:00:00,369.79,3820.59,40.76,10454.2,9066.7,47.76,0,82.0
UNIT_0034,2027-07-09 16:00:00,369.75,3820.73,40.68,10436.0,9061.0,47.76,0,150.0
UNIT_0036,2027-08-16 22:00:00,369.8,3810.18,40.71,10405.0,9063.3,47.76,1,30.0
UNIT_0046,2028-01-04 12:00:00,368.92,3820.04,40.7,10446.4,9067.8,47.76,0,248.0
UNIT_0032,2027-06-08 00:00:00,369.72,3811.42,40.63,10426.4,9045.9,47.76,0,135.0
UNIT_0046,2028-01-19 16:00:00,369.72,3821.56,40.67,10429.4,9064.5,47.76,0,66.0
UNIT_0030,2027-05-07 10:00:00,368.86,3819.83,40.73,10447.8,9067.6,47.76,0,89.0
UNIT_0029,2027-04-23 00:00:00,368.74,3818.04,40.69,10424.6,9056.9,47.76,0,68.0
UNIT_0002,2026-01-23 10:00:00,369.29,3825.42,40.68,10451.4,9058.8,47.76,0,209.0
UNIT_0003,2026-02-22 10:00:00,369.89,3811.56,40.96,10425.2,9117.8,47.76,1,28.0
UNIT_0015,2026-09-14 18:00:00,370.52,3806.73,40.63,10400.0,9052.0,47.77,1,14.0
UNIT_0017,2026-10-16 20:00:00,368.82,3817.01,40.79,10439.6,9079.1,47.76,0,114.0
UNIT_0033,2027-06-20 20:00:00,368.55,3821.49,40.73,10451.6,9061.0,47.76,0,181.0
UNIT_0048,2028-02-15 22:00:00,369.07,3821.63,40.74,10439.8,9062.3,47.76,0,184.0
UNIT_0036,2027-08-12 12:00:00,369.5,3823.42,40.71,10426.6,9060.6,47.76,0,83.0
UNIT_0050,2028-03-21 14:00:00,369.68,3822.45,40.72,10435.4,9067.9,47.76,0,181.0
UNIT_0028,2027-04-07 22:00:00,369.17,3819.77,40.74,10442.4,9068.6,47.76,0,86.0
UNIT_0021,2026-12-30 00:00:00,370.0,3805.15,41.07,10410.4,9147.6,47.76,1,6.0
UNIT_0010,2026-06-26 02:00:00,369.57,3811.84,40.83,10413.6,9090.0,47.76,1,22.0
UNIT_0042,2027-11-16 22:00:00,370.13,3805.08,40.71,10412.0,9068.1,47.76,1,18.0
UNIT_0016,2026-09-26 00:00:00,370.1,3808.73,40.66,10415.6,9056.1,47.76,0,88.0
UNIT_0019,2026-11-14 20:00:00,369.08,3815.56,40.63,10424.2,9047.4,47.76,0,119.0
UNIT_0043,2027-11-25 10:00:00,369.31,3820.18,40.68,10445.0,9050.1,47.76,0,123.0
UNIT_0044,2027-12-17 18:00:00,369.24,3815.22,40.75,10428.8,9072.0,47.76,0,47.0
UNIT_0011,2026-07-09 20:00:00,369.06,3821.9,40.72,10431.0,9072.8,47.76,0,97.0
UNIT_0023,2027-01-19 06:00:00,369.95,3814.66,40.64,10430.2,9050.2,47.76,0,133.0
UNIT_0001,2026-01-02 02:00:00,369.2,3823.01,40.67,10433.4,9047.4,47.76,0,178.0
UNIT_0047,2028-02-08 18:00:00,370.22,3814.46,40.79,10427.0,9085.6,47.76,0,39.0
UNIT_0007,2026-05-08 02:00:00,370.29,3809.01,40.74,10420.0,9078.4,47.76,0,37.0
UNIT_0011,2026-07-17 02:00:00,370.3,3802.18,41.02,10411.6,9137.2,47.76,1,10.0
UNIT_0023,2027-01-23 08:00:00,369.41,3815.84,40.64,10424.4,9049.6,47.76,0,84.0
UNIT_0002,2026-02-01 04:00:00,369.45,3822.11,40.71,10436.8,9064.1,47.76,0,104.0
UNIT_0044,2027-12-12 02:00:00,369.08,3821.21,40.72,10425.6,9067.3,47.76,0,115.0
UNIT_0033,2027-06-24 18:00:00,369.84,3820.73,40.74,10442.8,9052.2,47.76,0,134.0
UNIT_0003,2026-02-13 18:00:00,369.11,3825.35,40.7,10444.0,9055.0,47.76,0,132.0
UNIT_0035,2027-07-29 14:00:00,369.88,3813.77,40.7,10434.2,9056.4,47.76,0,92.0
UNIT_0018,2026-10-27 06:00:00,369.27,3819.97,40.73,10444.6,9053.1,47.76,0,184.0
UNIT_0041,2027-10-21 16:00:00,369.6,3822.39,40.75,10441.4,9073.3,47.76,0,137.0
UNIT_0015,2026-09-04 12:00:00,369.03,3827.14,40.68,10445.8,9051.7,47.76,0,137.0
UNIT_0003,2026-02-14 02:00:00,369.24,3820.73,40.68,10443.6,9054.5,47.76,0,128.0
UNIT_0018,2026-11-06 12:00:00,369.45,3818.52,40.84,10441.2,9075.8,47.76,0,61.0
UNIT_0023,2027-01-30 08:00:00,370.17,3800.81,40.64,10394.2,9059.4,47.77,1,0.0
UNIT_0007,2026-04-27 04:00:00,368.6,3817.77,40.76,10437.6,9072.1,47.76,0,168.0
UNIT_0029,2027-04-15 06:00:00,369.12,3817.7,40.7,10435.4,9060.3,47.76,0,161.0
UNIT_0033,2027-07-01 22:00:00,369.32,3816.11,40.68,10424.0,9059.6,47.76,0,48.0
UNIT_0023,2027-01-27 22:00:00,370.03,3803.49,40.67,10404.4,9050.8,47.76,1,29.0
UNIT_0008,2026-05-23 16:00:00,370.72,3799.56,40.61,10391.4,9046.2,47.77,1,0.0
UNIT_0050,2028-03-23 22:00:00,368.65,3816.66,40.71,10434.6,9059.3,47.76,0,153.0
UNIT_0005,2026-03-21 14:00:00,368.88,3821.83,40.74,10438.2,9071.6,47.76,0,160.0
UNIT_0034,2027-07-11 06:00:00,369.82,3813.49,40.71,10432.4,9055.8,47.76,0,131.0
UNIT_0017,2026-10-15 18:00:00,369.53,3814.18,40.75,10436.8,9073.0,47.76,0,127.0
UNIT_0010,2026-06-22 14:00:00,369.98,3810.87,40.74,10424.4,9071.6,47.76,0,64.0
UNIT_0050,2028-03-22 16:00:00,369.47,3820.94,40.73,10446.2,9064.1,47.76,0,168.0
UNIT_0001,2026-01-14 04:00:00,369.74,3807.15,40.64,10413.0,9048.1,47.76,0,33.0
UNIT_0036,2027-08-07 18:00:00,368.99,3816.8,40.7,10444.4,9054.1,47.76,0,140.0
UNIT_0002,2026-01-30 08:00:00,368.93,3820.94,40.7,10439.2,9057.2,47.76,0,126.0
UNIT_0031,2027-05-22 12:00:00,369.3,3820.18,40.71,10438.2,9051.6,47.76,0,142.0
UNIT_0032,2027-06-04 16:00:00,369.46,3813.63,40.66,10419.8,9053.1,47.76,0,175.0
UNIT_0015,2026-09-01 08:00:00,368.99,3817.9,40.71,10445.4,9059.1,47.76,0,175.0
UNIT_0023,2027-01-23 00:00:00,369.42,3811.84,40.68,10421.8,9047.9,47.76,0,88.0
UNIT_0004,2026-02-25 02:00:00,369.58,3816.8,40.66,10440.0,9047.7,47.76,0,185.0
UNIT_0036,2027-08-12 02:00:00,369.65,3816.87,40.7,10436.2,9060.2,47.76,0,88.0
UNIT_0018,2026-11-02 10:00:00,368.94,3819.28,40.76,10447.4,9070.2,47.76,0,110.0
UNIT_0041,2027-10-27 22:00:00,369.85,3817.42,40.81,10428.6,9085.2,47.76,0,62.0
UNIT_0002,2026-01-26 12:00:00,369.01,3822.25,40.69,10442.0,9055.1,47.76,0,172.0
UNIT_0024,2027-02-04 04:00:00,369.15,3819.42,40.72,10429.8,9061.7,47.76,0,89.0
UNIT_0011,2026-07-16 08:00:00,370.24,3810.32,40.97,10415.4,9124.6,47.76,1,19.0
UNIT_0010,2026-06-10 14:00:00,368.88,3819.35,40.69,10445.6,9043.1,47.76,0,208.0
UNIT_0051,2028-04-08 06:00:00,369.42,3814.94,40.78,10452.0,9069.9,47.76,0,182.0
UNIT_0017,2026-10-13 14:00:00,369.21,3819.01,40.75,10451.8,9075.1,47.76,0,153.0
UNIT_0018,2026-10-31 04:00:00,368.71,3818.94,40.71,10450.4,9055.4,47.76,0,137.0
UNIT_0006,2026-04-16 12:00:00,370.01,3810.8,40.59,10404.8,9036.0,47.76,0,37.0
UNIT_0007,2026-05-11 00:00:00,371.12,3800.94,40.75,10393.0,9077.8,47.76,1,2.0
UNIT_0037,2027-08-22 06:00:00,369.43,3819.35,40.62,10438.2,9057.5,47.76,0,136.0
UNIT_0020,2026-12-09 10:00:00,370.31,3813.15,40.73,10420.2,9064.2,47.76,0,58.0
UNIT_0041,2027-10-18 14:00:00,368.66,3822.59,40.74,10441.0,9061.6,47.76,0,174.0
UNIT_0025,2027-02-13 16:00:00,369.54,3818.46,40.63,10441.0,9043.2,47.76,0,205.0
UNIT_0037,2027-08-31 20:00:00,370.09,3807.98,40.62,10410.4,9045.7,47.76,1,21.0
UNIT_0003,2026-02-12 20:00:00,368.91,3820.46,40.72,10455.4,9059.2,47.76,0,143.0
UNIT_0005,2026-03-16 12:00:00,368.23,3826.11,40.73,10453.0,9072.0,47.76,0,221.0
UNIT_0001,2026-01-02 18:00:00,369.62,3817.15,40.65,10440.0,9061.2,47.76,0,170.0
UNIT_0005,2026-03-16 22:00:00,369.05,3821.42,40.78,10454.4,9077.5,47.76,0,216.0
UNIT_0002,2026-01-18 06:00:00,368.66,3823.35,40.67,10449.8,9051.8,47.76,0,271.0
UNIT_0002,2026-02-08 04:00:00,369.81,3810.11,40.81,10404.0,9091.7,47.76,1,20.0
UNIT_0012,2026-07-22 12:00:00,369.65,3815.49,40.64,10429.6,9045.6,47.76,0,115.0
UNIT_0043,2027-12-05 12:00:00,370.58,3800.87,40.6,10389.8,9041.4,47.77,1,2.0
UNIT_0017,2026-10-10 10:00:00,368.89,3820.04,40.73,10447.4,9064.0,47.76,0,191.0
UNIT_0019,2026-11-22 22:00:00,369.77,3804.25,40.6,10405.0,9040.2,47.77,1,22.0
UNIT_0027,2027-03-25 14:00:00,369.61,3816.18,40.72,10438.6,9071.5,47.76,0,81.0
UNIT_0003,2026-02-16 00:00:00,369.6,3822.45,40.71,10435.6,9060.2,47.76,0,105.0
UNIT_0016,2026-09-20 00:00:00,370.3,3815.7,40.69,10426.6,9064.1,47.76,0,160.0
UNIT_0035,2027-07-31 10:00:00,369.41,3815.28,40.73,10433.2,9071.7,47.76,0,70.0
UNIT_0010,2026-06-21 08:00:00,369.55,3815.97,40.7,10432.6,9066.5,47.76,0,79.0
UNIT_0010,2026-06-10 10:00:00,369.05,3824.32,40.69,10453.6,9049.4,47.76,0,210.0
UNIT_0003,2026-02-22 20:00:00,370.37,3813.01,40.98,10422.0,9121.9,47.76,1,23.0
UNIT_0031,2027-05-22 20:00:00,369.56,3819.63,40.68,10438.6,9054.6,47.76,0,138.0
UNIT_0048,2028-02-12 12:00:00,369.1,3824.39,40.73,10447.6,9066.6,47.76,0,225.0
UNIT_0049,2028-03-17 12:00:00,369.6,3808.67,40.66,10406.4,9050.4,47.76,0,32.0
UNIT_0001,2026-01-09 18:00:00,369.53,3816.94,40.63,10430.2,9049.8,47.76,0,86.0
UNIT_0015,2026-09-11 10:00:00,369.66,3818.87,40.66,10430.4,9059.0,47.76,0,54.0
UNIT_0008,2026-05-23 10:00:00,370.17,3799.7,40.59,10392.4,9041.0,47.77,1,3.0
UNIT_0001,2026-01-08 10:00:00,369.52,3811.97,40.65,10429.8,9051.3,47.76,0,102.0
UNIT_0036,2027-08-08 12:00:00,369.88,3817.97,40.7,10433.4,9060.5,47.76,0,131.0
UNIT_0016,2026-09-22 12:00:00,369.9,3811.77,40.71,10417.4,9066.7,47.76,0,130.0
UNIT_0005,2026-03-18 10:00:00,369.2,3820.59,40.78,10439.4,9069.0,47.76,0,198.0
UNIT_0041,2027-10-15 18:00:00,369.2,3819.83,40.75,10450.2,9063.6,47.76,0,208.0
UNIT_0034,2027-07-16 00:00:00,369.79,3816.59,40.74,10426.6,9075.6,47.76,0,74.0
UNIT_0010,2026-06-12 10:00:00,368.31,3822.66,40.7,10438.8,9055.8,47.76,0,186.0
UNIT_0032,2027-06-15 16:00:00,369.91,3808.94,40.72,10412.4,9069.1,47.76,0,43.0
UNIT_0001,2026-01-01 02:00:00,369.0,3817.97,40.66,10445.6,9044.1,47.76,0,190.0
UNIT_0041,2027-11-01 08:00:00,370.25,3811.22,41.05,10408.0,9142.0,47.76,1,9.0
UNIT_0031,2027-05-19 22:00:00,368.88,3820.73,40.72,10445.0,9055.3,47.76,0,173.0
UNIT_0014,2026-08-15 16:00:00,369.15,3809.7,40.69,10436.8,9057.7,47.76,0,168.0
UNIT_0050,2028-03-28 16:00:00,369.24,3815.42,40.74,10440.0,9071.0,47.76,0,96.0
UNIT_0016,2026-09-17 18:00:00,369.15,3816.32,40.66,10426.6,9064.0,47.76,0,187.0
UNIT_0048,2028-02-28 18:00:00,369.66,3811.7,41.07,10430.8,9140.4,47.76,1,30.0
UNIT_0018,2026-11-10 12:00:00,369.91,3811.7,41.14,10411.2,9170.2,47.76,1,13.0
UNIT_0002,2026-01-18 18:00:00,369.01,3822.11,40.7,10434.6,9053.3,47.76,0,265.0
UNIT_0004,2026-03-06 20:00:00,369.43,3815.22,40.72,10433.4,9070.9,47.76,0,68.0
UNIT_0017,2026-10-19 08:00:00,369.4,3823.42,40.84,10430.6,9085.9,47.76,0,84.0
UNIT_0046,2028-01-05 18:00:00,368.94,3821.97,40.71,10457.4,9054.5,47.76,0,233.0
UNIT_0010,2026-06-20 06:00:00,369.53,3817.7,40.7,10433.4,9060.8,47.76,0,92.0
UNIT_0027,2027-03-28 16:00:00,369.4,3810.73,40.82,10417.4,9086.3,47.76,0,44.0
UNIT_0031,2027-05-28 20:00:00,369.0,3815.49,40.72,10429.6,9054.6,47.76,0,66.0
UNIT_0043,2027-11-28 10:00:00,369.35,3816.32,40.65,10446.2,9056.0,47.76,0,87.0
UNIT_0045,2027-12-27 14:00:00,369.57,3821.9,40.75,10440.2,9068.0,47.76,0,87.0
UNIT_0044,2027-12-07 10:00:00,369.12,3827.07,40.74,10438.2,9059.5,47.76,0,171.0
UNIT_0020,2026-12-14 06:00:00,370.71,3804.11,40.72,10394.6,9070.7,47.77,1,0.0
UNIT_0019,2026-11-12 16:00:00,369.2,3818.46,40.65,10433.6,9047.3,47.76,0,145.0
UNIT_0003,2026-02-18 14:00:00,368.7,3817.56,40.73,10434.6,9062.4,47.76,0,74.0
UNIT_0051,2028-04-05 22:00:00,369.34,3818.32,40.71,10445.4,9064.2,47.76,0,210.0
UNIT_0051,2028-04-12 04:00:00,368.81,3819.7,40.72,10458.0,9066.6,47.76,0,135.0
UNIT_0001,2026-01-10 16:00:00,369.23,3823.76,40.63,10424.4,9049.6,47.76,0,75.0
UNIT_0034,2027-07-08 16:00:00,369.07,3822.39,40.71,10433.0,9055.8,47.76,0,162.0
UNIT_0046,2028-01-23 18:00:00,370.53,3803.01,40.64,10403.0,9052.3,47.76,1,17.0
UNIT_0051,2028-04-09 06:00:00,368.6,3828.11,40.73,10457.2,9065.1,47.76,0,170.0
UNIT_0046,2028-01-17 14:00:00,368.64,3818.32,40.73,10429.8,9060.8,47.76,0,91.0
UNIT_0009,2026-05-27 22:00:00,368.7,3822.39,40.76,10435.8,9068.6,47.76,0,150.0
UNIT_0009,2026-06-06 06:00:00,369.49,3814.18,40.95,10441.0,9120.7,47.76,0,38.0
UNIT_0016,2026-09-26 16:00:00,370.37,3809.01,40.69,10412.4,9057.6,47.76,0,80.0
UNIT_0003,2026-02-13 20:00:00,368.86,3822.52,40.69,10437.6,9054.5,47.76,0,131.0
UNIT_0040,2027-10-06 18:00:00,369.26,3811.84,40.71,10411.6,9057.8,47.76,0,100.0
UNIT_0015,2026-09-03 12:00:00,368.74,3823.14,40.71,10448.8,9058.0,47.76,0,149.0
UNIT_0022,2027-01-08 18:00:00,369.67,3809.49,40.62,10425.0,9053.3,47.76,0,91.0
UNIT_0029,2027-04-17 06:00:00,369.7,3818.39,40.7,10427.0,9063.8,47.76,0,137.0
UNIT_0031,2027-05-20 22:00:00,369.1,3823.35,40.7,10442.0,9060.7,47.76,0,161.0
UNIT_0005,2026-03-21 22:00:00,369.32,3823.76,40.78,10440.2,9070.6,47.76,0,156.0
UNIT_0032,2027-06-13 12:00:00,369.81,3813.63,40.68,10414.8,9063.4,47.76,0,69.0
UNIT_0018,2026-10-30 18:00:00,369.06,3818.46,40.71,10454.4,9066.8,47.76,0,142.0
UNIT_0005,2026-03-29 12:00:00,369.52,3818.66,40.86,10417.6,9094.5,47.76,0,65.0
UNIT_0017,2026-10-09 16:00:00,368.98,3823.56,40.71,10444.4,9065.7,47.76,0,200.0
UNIT_0018,2026-11-03 08:00:00,368.85,3823.83,40.75,10452.0,9073.1,47.76,0,99.0
UNIT_0029,2027-04-27 08:00:00,370.04,3800.94,40.64,10410.8,9049.2,47.76,1,16.0
UNIT_0046,2028-01-24 18:00:00,370.56,3797.22,40.62,10396.4,9044.4,47.77,1,5.0
UNIT_0033,2027-07-02 18:00:00,370.06,3817.01,40.68,10427.2,9051.2,47.76,0,38.0
UNIT_0026,2027-03-08 14:00:00,369.38,3814.46,40.65,10433.4,9045.8,47.76,0,129.0
UNIT_0008,2026-05-14 22:00:00,369.55,3814.04,40.63,10419.4,9050.4,47.76,0,105.0
UNIT_0018,2026-10-28 20:00:00,368.85,3825.9,40.7,10447.4,9056.8,47.76,0,165.0
UNIT_0050,2028-03-24 04:00:00,369.07,3819.56,40.71,10441.8,9069.2,47.76,0,150.0
UNIT_0034,2027-07-07 22:00:00,369.66,3815.63,40.71,10423.4,9062.3,47.76,0,171.0
UNIT_0051,2028-04-13 02:00:00,368.87,3818.52,40.77,10438.8,9071.8,47.76,0,124.0
UNIT_0004,2026-03-07 22:00:00,369.67,3814.53,40.76,10429.0,9082.5,47.76,0,55.0
UNIT_0015,2026-09-12 16:00:00,369.41,3813.97,40.65,10430.0,9054.9,47.76,0,39.0
UNIT_0010,2026-06-15 00:00:00,368.89,3826.66,40.68,10448.0,9053.2,47.76,0,155.0
UNIT_0018,2026-10-27 20:00:00,368.99,3819.77,40.72,10446.2,9063.6,47.76,0,177.0
UNIT_0005,2026-03-19 18:00:00,369.24,3826.45,40.79,10450.8,9064.0,47.76,0,182.0
UNIT_0038,2027-09-11 16:00:00,369.67,3812.18,40.71,10426.2,9060.7,47.76,0,85.0
UNIT_0028,2027-04-14 20:00:00,370.68,3803.36,40.77,10398.8,9081.6,47.77,1,3.0
UNIT_0008,2026-05-21 04:00:00,370.29,3808.6,40.61,10407.4,9041.3,47.76,1,30.0
UNIT_0021,2026-12-15 06:00:00,368.87,3816.59,40.66,10440.2,9037.6,47.76,0,183.0
UNIT_0033,2027-06-22 04:00:00,368.78,3827.14,40.7,10440.6,9059.7,47.76,0,165.0
UNIT_0020,2026-12-10 00:00:00,369.8,3813.08,40.72,10417.4,9060.7,47.76,0,51.0
UNIT_0005,2026-03-24 08:00:00,369.21,3823.9,40.77,10441.4,9076.7,47.76,0,127.0
UNIT_0015,2026-08-30 08:00:00,369.26,3826.11,40.72,10445.2,9059.0,47.76,0,199.0
UNIT_0019,2026-11-11 20:00:00,370.22,3814.94,40.61,10434.8,9044.8,47.76,0,155.0
UNIT_0029,2027-04-17 12:00:00,369.56,3822.52,40.71,10427.4,9059.4,47.76,0,134.0
UNIT_0015,2026-09-15 18:00:00,370.31,3798.87,40.61,10393.4,9042.8,47.77,1,2.0
UNIT_0016,2026-09-20 22:00:00,369.77,3813.01,40.69,10428.0,9057.0,47.76,0,149.0
UNIT_0009,2026-06-01 22:00:00,369.75,3824.66,40.81,10452.6,9075.5,47.76,0,90.0
UNIT_0049,2028-03-12 20:00:00,369.47,3812.87,40.67,10426.4,9054.6,47.76,0,88.0
UNIT_0005,2026-04-02 12:00:00,370.56,3804.6,40.96,10408.4,9128.7,47.76,1,17.0
UNIT_0014,2026-08-26 00:00:00,369.75,3814.18,40.78,10407.6,9083.2,47.76,0,44.0
UNIT_0017,2026-10-06 12:00:00,369.09,3824.39,40.72,10435.0,9062.8,47.76,0,238.0
UNIT_0001,2026-01-04 04:00:00,368.86,3819.49,40.66,10444.6,9051.8,47.76,0,153.0
UNIT_0033,2027-06-30 00:00:00,369.32,3817.56,40.73,10447.4,9064.6,47.76,0,71.0
UNIT_0048,2028-02-29 10:00:00,369.68,3813.28,41.15,10414.4,9158.9,47.76,1,22.0
UNIT_0017,2026-10-07 16:00:00,368.92,3822.66,40.72,10440.4,9062.7,47.76,0,224.0
UNIT_0040,2027-10-14 02:00:00,370.82,3800.87,40.93,10394.8,9121.8,47.76,1,12.0
UNIT_0042,2027-11-17 00:00:00,369.77,3805.22,40.68,10396.6,9066.8,47.76,1,17.0
UNIT_0047,2028-02-08 22:00:00,369.44,3817.08,40.8,10418.8,9085.4,47.76,0,37.0
UNIT_0012,2026-07-22 08:00:00,369.51,3807.01,40.62,10431.8,9044.6,47.76,0,117.0
UNIT_0025,2027-02-25 06:00:00,369.95,3809.35,40.72,10430.8,9063.8,47.76,0,66.0
UNIT_0027,2027-03-22 12:00:00,369.4,3820.94,40.72,10444.8,9070.2,47.76,0,118.0
UNIT_0024,2027-02-05 22:00:00,369.34,3814.39,40.72,10440.8,9065.6,47.76,0,68.0
UNIT_0044,2027-12-08 08:00:00,369.04,3820.8,40.71,10434.6,9064.1,47.76,0,160.0
UNIT_0004,2026-02-27 04:00:00,369.19,3820.66,40.66,10431.2,9049.2,47.76,0,160.0
UNIT_0024,2027-02-04 22:00:00,369.91,3817.84,40.71,10433.6,9063.7,47.76,0,80.0
UNIT_0038,2027-09-12 18:00:00,369.22,3813.63,40.71,10428.4,9058.9,47.76,0,72.0
UNIT_0011,2026-07-16 02:00:00,370.28,3808.46,40.93,10422.0,9119.9,47.76,1,22.0
UNIT_0032,2027-06-14 10:00:00,370.06,3812.39,40.69,10422.2,9067.1,47.76,0,58.0
UNIT_0023,2027-01-16 18:00:00,370.07,3816.32,40.67,10440.4,9049.3,47.76,0,163.0
UNIT_0042,2027-11-16 10:00:00,370.04,3807.56,40.7,10409.8,9055.7,47.76,1,24.0
UNIT_0014,2026-08-18 08:00:00,369.79,3817.7,40.69,10425.0,9063.1,47.76,0,136.0
UNIT_0042,2027-11-04 18:00:00,369.28,3823.49,40.71,10438.2,9066.2,47.76,0,164.0
UNIT_0005,2026-03-28 16:00:00,369.32,3818.46,40.83,10432.4,9091.0,47.76,0,75.0
UNIT_0038,2027-09-17 06:00:00,370.0,3807.7,40.92,10399.4,9110.2,47.76,1,18.0
UNIT_0006,2026-04-16 10:00:00,369.85,3813.01,40.55,10407.8,9028.1,47.76,0,38.0
UNIT_0048,2028-02-12 02:00:00,369.24,3821.7,40.74,10439.6,9062.8,47.76,0,230.0
UNIT_0036,2027-08-12 06:00:00,369.26,3810.46,40.67,10410.2,9060.7,47.76,0,86.0
UNIT_0002,2026-01-24 02:00:00,368.7,3823.21,40.69,10445.2,9050.8,47.76,0,201.0
UNIT_0025,2027-02-28 16:00:00,370.22,3805.84,40.9,10420.2,9094.9,47.76,1,25.0
UNIT_0012,2026-07-18 12:00:00,369.39,3815.97,40.65,10431.4,9048.6,47.76,0,163.0
UNIT_0003,2026-02-17 14:00:00,368.95,3818.52,40.73,10432.0,9070.0,47.76,0,86.0
UNIT_0007,2026-04-30 14:00:00,369.74,3818.18,40.77,10434.2,9066.7,47.76,0,127.0
UNIT_0027,2027-03-23 00:00:00,369.66,3820.66,40.72,10430.4,9072.9,47.76,0,112.0
UNIT_0027,2027-03-30 18:00:00,370.27,3808.04,40.88,10407.4,9109.5,47.76,1,19.0
UNIT_0005,2026-03-25 22:00:00,368.89,3818.66,40.77,10443.8,9076.6,47.76,0,108.0
UNIT_0022,2027-01-14 14:00:00,370.14,3799.22,40.63,10400.0,9050.6,47.76,1,21.0
UNIT_0046,2028-01-05 16:00:00,369.05,3826.38,40.67,10448.4,9057.1,47.76,0,234.0
UNIT_0010,2026-06-22 00:00:00,369.09,3818.18,40.72,10421.8,9069.2,47.76,0,71.0
UNIT_0006,2026-04-05 16:00:00,369.26,3816.39,40.6,10420.6,9037.7,47.76,0,167.0
UNIT_0027,2027-03-22 06:00:00,369.16,3815.63,40.69,10437.8,9066.6,47.76,0,121.0
UNIT_0002,2026-01-25 12:00:00,368.9,3822.73,40.72,10447.2,9050.8,47.76,0,184.0
UNIT_0012,2026-07-20 06:00:00,368.97,3821.56,40.62,10432.2,9056.4,47.76,0,142.0
UNIT_0020,2026-11-30 04:00:00,369.66,3819.35,40.68,10433.0,9053.8,47.76,0,169.0
UNIT_0018,2026-11-08 18:00:00,369.58,3810.53,40.95,10428.8,9119.8,47.76,0,34.0
UNIT_0047,2028-02-08 12:00:00,369.68,3818.18,40.79,10426.6,9082.2,47.76,0,42.0
UNIT_0014,2026-08-15 14:00:00,369.49,3817.15,40.7,10434.4,9064.3,47.76,0,169.0
UNIT_0047,2028-02-06 14:00:00,369.1,3816.8,40.77,10427.6,9076.7,47.76,0,65.0
UNIT_0026,2027-03-06 04:00:00,369.23,3817.56,40.65,10428.4,9050.0,47.76,0,158.0
UNIT_0014,2026-08-23 00:00:00,370.01,3815.22,40.73,10433.0,9072.3,47.76,0,80.0
UNIT_0003,2026-02-16 08:00:00,369.28,3817.08,40.7,10431.4,9064.2,47.76,0,101.0
UNIT_0046,2028-01-14 18:00:00,369.5,3817.56,40.71,10441.8,9058.7,47.76,0,125.0
UNIT_0024,2027-02-04 14:00:00,369.55,3824.66,40.71,10437.8,9057.1,47.76,0,84.0
UNIT_0012,2026-07-25 18:00:00,369.33,3812.66,40.64,10430.6,9039.5,47.76,0,76.0
UNIT_0018,2026-11-08 12:00:00,369.22,3817.84,40.95,10429.0,9118.5,47.76,0,37.0
UNIT_0021,2026-12-24 04:00:00,369.61,3818.52,40.7,10429.8,9069.2,47.76,0,76.0
UNIT_0013,2026-08-06 00:00:00,369.46,3811.7,40.66,10439.4,9058.2,47.76,0,104.0
UNIT_0002,2026-01-31 04:00:00,369.06,3818.59,40.72,10437.8,9060.5,47.76,0,116.0
UNIT_0035,2027-08-01 00:00:00,369.1,3818.52,40.7,10416.6,9058.2,47.76,0,63.0
UNIT_0008,2026-05-23 00:00:00,370.08,3804.94,40.6,10398.4,9042.2,47.77,1,8.0
UNIT_0011,2026-06-28 06:00:00,369.04,3820.18,40.67,10433.8,9054.7,47.76,0,236.0
UNIT_0016,2026-09-27 22:00:00,369.7,3810.46,40.69,10418.0,9058.7,47.76,0,65.0
UNIT_0012,2026-07-18 14:00:00,369.22,3813.35,40.66,10433.4,9049.7,47.76,0,162.0
UNIT_0037,2027-09-02 12:00:00,370.46,3802.05,40.57,10390.2,9035.0,47.76,1,1.0
UNIT_0021,2026-12-26 06:00:00,370.31,3813.56,40.77,10413.4,9072.9,47.76,0,51.0
UNIT_0007,2026-04-20 08:00:00,369.07,3821.83,40.77,10435.6,9069.4,47.76,0,250.0
UNIT_0019,2026-11-24 12:00:00,369.77,3800.67,40.59,10389.0,9041.7,47.77,1,3.0
UNIT_0031,2027-05-31 06:00:00,369.72,3809.7,40.65,10416.2,9047.2,47.76,0,37.0
UNIT_0008,2026-05-13 14:00:00,369.74,3812.87,40.63,10426.8,9045.0,47.76,0,121.0
UNIT_0048,2028-02-22 06:00:00,368.78,3819.97,40.79,10439.8,9069.9,47.76,0,108.0
UNIT_0011,2026-06-30 04:00:00,368.98,3819.77,40.69,10441.8,9050.5,47.76,0,213.0
UNIT_0012,2026-07-19 16:00:00,369.71,3818.04,40.66,10434.4,9049.5,47.76,0,149.0
UNIT_0002,2026-01-27 10:00:00,368.92,3819.9,40.68,10439.0,9057.1,47.76,0,161.0
UNIT_0026,2027-03-13 02:00:00,369.48,3811.84,40.68,10436.4,9058.3,47.76,0,75.0
UNIT_0025,2027-02-27 08:00:00,369.67,3810.25,40.8,10410.2,9084.8,47.76,0,41.0
UNIT_0020,2026-12-03 08:00:00,370.01,3814.53,40.68,10435.0,9058.0,47.76,0,131.0
UNIT_0015,2026-09-09 16:00:00,369.59,3819.97,40.69,10434.4,9052.2,47.76,0,75.0
UNIT_0042,2027-11-17 16:00:00,370.44,3807.36,40.69,10408.2,9067.6,47.76,1,9.0
UNIT_0026,2027-03-18 06:00:00,370.66,3808.18,41.01,10420.2,9126.6,47.76,1,13.0
UNIT_0020,2026-11-28 00:00:00,369.61,3820.46,40.69,10432.4,9059.5,47.76,0,195.0
UNIT_0027,2027-03-24 12:00:00,369.11,3816.32,40.72,10432.6,9064.8,47.76,0,94.0
UNIT_0020,2026-12-11 10:00:00,369.8,3807.77,40.72,10419.8,9067.1,47.76,0,34.0
UNIT_0005,2026-03-23 04:00:00,369.2,3818.94,40.76,10435.4,9074.2,47.76,0,141.0
UNIT_0037,2027-08-31 14:00:00,370.15,3806.39,40.59,10404.2,9037.4,47.76,1,24.0
UNIT_0005,2026-03-21 12:00:00,369.46,3820.04,40.74,10449.8,9077.9,47.76,0,161.0
UNIT_0048,2028-02-15 12:00:00,368.71,3821.9,40.74,10444.0,9060.4,47.76,0,189.0
UNIT_0025,2027-02-23 00:00:00,369.8,3816.73,40.69,10426.8,9066.6,47.76,0,93.0
UNIT_0050,2028-03-21 20:00:00,369.27,3823.21,40.71,10433.6,9069.0,47.76,0,178.0
UNIT_0038,2027-09-17 04:00:00,370.2,3807.15,40.91,10408.2,9112.8,47.76,1,19.0
UNIT_0008,2026-05-17 16:00:00,369.91,3813.28,40.59,10419.4,9049.3,47.76,0,72.0
UNIT_0006,2026-04-18 12:00:00,370.69,3802.67,40.55,10402.4,9035.2,47.77,1,13.0
UNIT_0007,2026-04-26 00:00:00,369.21,3822.94,40.76,10445.4,9072.4,47.76,0,182.0
UNIT_0010,2026-06-11 02:00:00,368.73,3820.52,40.69,10448.4,9047.2,47.76,0,202.0
UNIT_0023,2027-01-25 14:00:00,370.0,3809.42,40.66,10418.6,9049.8,47.76,0,57.0
UNIT_0005,2026-03-16 08:00:00,369.09,3823.08,40.74,10432.4,9065.4,47.76,0,223.0
UNIT_0037,2027-08-31 06:00:00,369.82,3807.08,40.61,10411.6,9051.3,47.76,1,28.0
UNIT_0024,2027-02-11 08:00:00,370.69,3800.32,40.58,10391.2,9045.0,47.77,1,3.0
UNIT_0041,2027-10-21 20:00:00,368.32,3819.97,40.75,10436.0,9065.5,47.76,0,135.0
UNIT_0042,2027-11-14 20:00:00,369.46,3810.6,40.71,10414.6,9072.7,47.76,0,43.0
UNIT_0048,2028-02-21 14:00:00,369.07,3823.35,40.78,10442.0,9078.9,47.76,0,116.0
UNIT_0012,2026-07-25 12:00:00,369.94,3817.9,40.63,10422.4,9045.8,47.76,0,79.0
UNIT_0040,2027-10-01 02:00:00,369.18,3810.94,40.67,10427.8,9049.2,47.76,0,168.0
UNIT_0009,2026-06-09 10:00:00,370.89,3807.98,41.45,10405.6,9239.8,47.77,1,0.0
UNIT_0014,2026-08-17 00:00:00,370.06,3819.9,40.73,10437.2,9057.4,47.76,0,152.0
UNIT_0004,2026-03-02 12:00:00,369.59,3817.97,40.69,10434.8,9060.7,47.76,0,120.0
UNIT_0037,2027-08-25 04:00:00,369.89,3819.21,40.63,10430.4,9049.6,47.76,0,101.0
UNIT_0043,2027-11-19 02:00:00,369.01,3823.7,40.7,10446.0,9055.6,47.76,0,199.0
UNIT_0009,2026-05-30 16:00:00,368.95,3826.66,40.75,10443.2,9065.6,47.76,0,117.0
UNIT_0019,2026-11-17 10:00:00,369.49,3815.56,40.61,10425.4,9039.5,47.76,0,88.0
UNIT_0032,2027-06-18 12:00:00,370.2,3801.08,40.77,10398.6,9086.8,47.76,1,9.0
UNIT_0005,2026-03-20 00:00:00,368.6,3825.76,40.76,10446.4,9074.2,47.76,0,179.0
UNIT_0011,2026-07-08 18:00:00,369.02,3817.9,40.72,10439.6,9060.7,47.76,0,110.0
UNIT_0004,2026-03-10 16:00:00,369.82,3807.98,40.99,10424.8,9130.8,47.76,1,22.0
UNIT_0037,2027-08-30 04:00:00,369.21,3807.7,40.61,10417.8,9047.1,47.76,0,41.0
UNIT_0007,2026-04-26 18:00:00,368.7,3827.35,40.76,10443.8,9070.2,47.76,0,173.0
UNIT_0017,2026-10-25 00:00:00,370.02,3808.53,41.07,10412.6,9143.7,47.76,1,16.0
UNIT_0027,2027-03-29 10:00:00,369.52,3816.39,40.81,10423.8,9087.8,47.76,0,35.0
UNIT_0041,2027-10-15 06:00:00,369.2,3823.01,40.72,10440.4,9067.5,47.76,0,214.0
UNIT_0029,2027-04-20 04:00:00,369.61,3818.25,40.73,10430.8,9057.5,47.76,0,102.0
UNIT_0041,2027-10-19 12:00:00,369.72,3817.49,40.74,10442.8,9061.1,47.76,0,163.0
UNIT_0009,2026-06-05 16:00:00,369.53,3823.14,40.9,10426.6,9106.5,47.76,0,45.0
UNIT_0042,2027-11-15 12:00:00,369.73,3815.7,40.7,10422.6,9071.3,47.76,0,35.0
UNIT_0038,2027-09-16 20:00:00,370.3,3811.15,40.92,10418.4,9100.8,47.76,1,23.0
UNIT_0004,2026-03-09 04:00:00,369.43,3814.25,40.83,10415.8,9094.9,47.76,0,40.0
UNIT_0024,2027-02-05 10:00:00,369.61,3823.9,40.71,10438.0,9058.6,47.76,0,74.0
UNIT_0047,2028-02-02 16:00:00,369.51,3825.56,40.77,10451.4,9067.1,47.76,0,112.0
UNIT_0039,2027-09-18 22:00:00,369.46,3814.53,40.63,10431.2,9049.1,47.76,0,126.0
UNIT_0042,2027-11-03 08:00:00,369.82,3822.18,40.71,10430.8,9064.6,47.76,0,181.0
UNIT_0022,2027-01-10 12:00:00,370.15,3808.04,40.62,10418.4,9049.8,47.76,0,70.0
UNIT_0013,2026-08-08 08:00:00,369.78,3811.15,40.7,10413.2,9066.1,47.76,0,76.0
UNIT_0046,2028-01-12 16:00:00,369.41,3820.8,40.7,10438.4,9055.1,47.76,0,150.0
UNIT_0044,2027-12-20 14:00:00,370.52,3803.22,40.78,10410.8,9079.8,47.76,1,13.0
UNIT_0041,2027-10-15 16:00:00,369.11,3819.42,40.73,10448.6,9062.9,47.76,0,209.0
UNIT_0022,2027-01-01 16:00:00,369.77,3810.25,40.63,10415.0,9049.9,47.76,0,176.0
UNIT_0001,2026-01-13 02:00:00,369.57,3810.04,40.65,10422.6,9046.0,47.76,0,46.0
UNIT_0033,2027-06-23 22:00:00,368.47,3822.59,40.72,10453.0,9061.7,47.76,0,144.0
UNIT_0010,2026-06-19 10:00:00,368.34,3819.28,40.71,10441.0,9059.0,47.76,0,102.0
UNIT_0047,2028-01-31 14:00:00,369.05,3826.38,40.73,10443.6,9067.2,47.76,0,137.0
UNIT_0006,2026-04-08 02:00:00,369.4,3814.32,40.62,10420.2,9046.8,47.76,0,138.0
UNIT_0010,2026-06-20 20:00:00,368.48,3815.15,40.72,10440.6,9064.5,47.76,0,85.0
UNIT_0018,2026-11-10 08:00:00,369.45,3813.77,41.15,10417.8,9162.4,47.76,1,15.0
UNIT_0022,2027-01-05 14:00:00,369.16,3813.91,40.61,10424.8,9047.2,47.76,0,129.0
UNIT_0017,2026-10-13 20:00:00,369.31,3823.14,40.76,10442.6,9067.1,47.76,0,150.0
UNIT_0042,2027-11-14 12:00:00,369.74,3811.29,40.72,10421.6,9066.2,47.76,0,47.0
UNIT_0045,2027-12-31 10:00:00,369.62,3816.04,40.81,10434.0,9076.8,47.76,0,41.0
UNIT_0036,2027-08-13 02:00:00,369.17,3808.53,40.71,10430.8,9062.9,47.76,0,76.0
UNIT_0021,2026-12-30 10:00:00,370.7,3801.77,41.16,10409.6,9164.8,47.76,1,1.0
UNIT_0009,2026-05-28 14:00:00,368.99,3822.87,40.76,10452.6,9068.7,47.76,0,142.0
UNIT_0017,2026-10-20 14:00:00,369.52,3814.46,40.84,10433.4,9090.0,47.76,0,69.0
UNIT_0002,2026-01-23 14:00:00,368.22,3826.18,40.69,10465.2,9056.4,47.76,0,207.0
UNIT_0043,2027-12-05 00:00:00,370.99,3803.08,40.59,10397.0,9048.1,47.76,1,8.0
UNIT_0010,2026-06-19 08:00:00,368.8,3820.8,40.71,10442.8,9062.6,47.76,0,103.0
UNIT_0049,2028-03-16 08:00:00,369.8,3809.49,40.63,10410.6,9061.9,47.76,0,46.0
UNIT_0019,2026-11-14 12:00:00,369.5,3813.42,40.63,10433.6,9047.2,47.76,0,123.0
UNIT_0021,2026-12-29 04:00:00,370.28,3811.49,40.94,10413.6,9123.6,47.76,1,16.0
UNIT_0003,2026-02-15 10:00:00,368.85,3818.59,40.7,10436.2,9060.7,47.76,0,112.0
UNIT_0016,2026-09-28 02:00:00,370.11,3810.94,40.66,10402.2,9053.1,47.76,0,63.0
UNIT_0044,2027-12-10 12:00:00,368.86,3819.83,40.75,10430.6,9066.5,47.76,0,134.0
UNIT_0051,2028-04-06 12:00:00,368.8,3825.07,40.76,10441.4,9061.1,47.76,0,203.0
UNIT_0039,2027-09-23 08:00:00,369.62,3819.49,40.64,10420.8,9047.6,47.76,0,73.0
UNIT_0005,2026-03-18 16:00:00,368.9,3815.77,40.75,10460.8,9074.3,47.76,0,195.0
UNIT_0047,2028-01-30 20:00:00,368.96,3822.8,40.73,10451.0,9066.7,47.76,0,146.0
UNIT_0034,2027-07-08 08:00:00,369.04,3819.97,40.68,10435.0,9051.7,47.76,0,166.0
UNIT_0040,2027-10-04 04:00:00,369.57,3816.87,40.68,10417.2,9064.8,47.76,0,131.0
UNIT_0042,2027-11-17 20:00:00,370.23,3806.8,40.7,10398.4,9061.9,47.76,1,7.0
UNIT_0036,2027-08-17 20:00:00,370.29,3811.35,40.67,10403.0,9054.1,47.76,1,19.0
UNIT_0021,2026-12-23 12:00:00,369.82,3816.32,40.7,10418.0,9060.5,47.76,0,84.0
UNIT_0015,2026-09-06 14:00:00,369.42,3817.35,40.7,10444.0,9054.6,47.76,0,112.0
UNIT_0001,2026-01-11 20:00:00,369.86,3817.63,40.63,10429.0,9045.1,47.76,0,61.0
UNIT_0041,2027-10-28 00:00:00,368.94,3818.18,40.79,10438.6,9087.3,47.76,0,61.0
UNIT_0013,2026-08-11 06:00:00,369.86,3814.11,40.8,10424.2,9074.2,47.76,0,41.0
UNIT_0036,2027-08-18 20:00:00,370.66,3803.84,40.65,10392.2,9060.5,47.76,1,7.0
UNIT_0016,2026-09-26 14:00:00,370.25,3815.42,40.66,10408.8,9065.5,47.76,0,81.0
UNIT_0040,2027-10-04 02:00:00,369.19,3814.04,40.69,10432.0,9061.2,47.76,0,132.0
UNIT_0027,2027-03-26 08:00:00,369.9,3814.25,40.74,10437.2,9069.1,47.76,0,72.0
UNIT_0003,2026-02-21 04:00:00,369.45,3818.52,40.83,10427.4,9097.2,47.76,0,43.0
UNIT_0050,2028-04-05 04:00:00,370.14,3805.49,40.95,10406.2,9126.5,47.76,1,6.0
UNIT_0007,2026-05-03 04:00:00,369.29,3818.8,40.76,10427.0,9074.8,47.76,0,96.0
UNIT_0022,2027-01-10 18:00:00,369.99,3812.66,40.6,10416.4,9055.2,47.76,0,67.0
UNIT_0015,2026-09-11 12:00:00,369.75,3811.84,40.71,10426.6,9057.0,47.76,0,53.0
UNIT_0012,2026-07-21 14:00:00,369.35,3812.66,40.65,10429.4,9042.0,47.76,0,126.0
UNIT_0025,2027-02-28 18:00:00,370.07,3807.42,40.9,10417.4,9109.8,47.76,1,24.0
UNIT_0016,2026-10-02 12:00:00,370.52,3799.43,40.66,10388.2,9058.0,47.76,1,10.0
UNIT_0034,2027-07-16 10:00:00,369.35,3817.63,40.76,10421.2,9077.2,47.76,0,69.0
UNIT_0007,2026-05-06 00:00:00,369.57,3815.35,40.79,10421.8,9070.8,47.76,0,62.0
UNIT_0007,2026-05-07 18:00:00,369.78,3810.53,40.76,10424.0,9076.2,47.76,0,41.0
UNIT_0047,2028-01-30 18:00:00,368.92,3820.66,40.74,10448.6,9063.9,47.76,0,147.0
UNIT_0021,2026-12-19 16:00:00,369.52,3815.9,40.64,10433.4,9050.9,47.76,0,130.0
UNIT_0040,2027-10-03 12:00:00,369.33,3815.97,40.72,10433.4,9060.4,47.76,0,139.0
UNIT_0022,2027-01-05 04:00:00,369.52,3813.08,40.67,10423.0,9045.0,47.76,0,134.0
UNIT_0002,2026-02-02 12:00:00,369.29,3820.11,40.72,10424.4,9061.5,47.76,0,88.0
UNIT_0050,2028-04-01 12:00:00,368.98,3806.6,40.79,10443.8,9088.6,47.76,0,50.0
UNIT_0036,2027-08-17 16:00:00,370.57,3809.84,40.68,10405.4,9055.7,47.76,1,21.0
UNIT_0030,2027-05-08 18:00:00,369.33,3822.52,40.7,10444.4,9051.1,47.76,0,73.0
UNIT_0044,2027-12-18 00:00:00,370.07,3818.11,40.76,10424.0,9074.9,47.76,0,44.0
UNIT_0024,2027-02-05 12:00:00,369.38,3816.18,40.7,10424.4,9062.9,47.76,0,73.0
UNIT_0046,2028-01-17 04:00:00,369.07,3817.77,40.68,10433.2,9055.2,47.76,0,96.0
UNIT_0043,2027-11-18 12:00:00,369.41,3821.77,40.7,10440.4,9056.3,47.76,0,206.0
UNIT_0042,2027-11-02 08:00:00,369.83,3822.04,40.71,10444.8,9058.4,47.76,0,193.0
UNIT_0050,2028-03-26 04:00:00,369.27,3818.32,40.73,10440.8,9058.6,47.76,0,126.0
UNIT_0020,2026-11-29 18:00:00,370.0,3810.39,40.66,10421.8,9057.6,47.76,0,174.0
UNIT_0049,2028-03-06 22:00:00,369.28,3812.8,40.64,10430.8,9039.1,47.76,0,159.0
UNIT_0033,2027-07-05 18:00:00,370.4,3800.53,40.65,10387.6,9049.8,47.77,1,2.0
UNIT_0027,2027-03-20 06:00:00,369.42,3812.8,40.71,10436.4,9062.6,47.76,0,145.0
UNIT_0036,2027-08-17 06:00:00,369.8,3803.98,40.68,10407.6,9061.5,47.76,1,26.0
UNIT_0012,2026-07-21 18:00:00,369.24,3815.15,40.65,10430.2,9047.4,47.76,0,124.0
UNIT_0028,2027-04-13 00:00:00,369.69,3814.32,40.76,10413.4,9081.4,47.76,1,25.0
UNIT_0009,2026-05-26 20:00:00,368.59,3826.87,40.75,10437.4,9061.9,47.76,0,163.0
UNIT_0046,2028-01-22 06:00:00,369.83,3811.15,40.64,10410.8,9060.7,47.76,0,35.0
UNIT_0050,2028-03-20 20:00:00,369.23,3820.73,40.74,10446.2,9062.4,47.76,0,190.0
UNIT_0002,2026-01-29 04:00:00,369.12,3820.8,40.67,10438.2,9055.3,47.76,0,140.0
UNIT_0043,2027-12-02 14:00:00,369.96,3812.53,40.64,10425.4,9045.9,47.76,0,37.0
UNIT_0007,2026-04-22 18:00:00,369.26,3823.28,40.74,10450.6,9068.9,47.76,0,221.0
UNIT_0049,2028-03-06 08:00:00,369.33,3812.66,40.61,10418.6,9053.2,47.76,0,166.0
UNIT_0041,2027-10-28 04:00:00,369.44,3817.42,40.82,10429.8,9094.3,47.76,0,59.0
UNIT_0018,2026-10-31 08:00:00,369.55,3824.52,40.73,10445.6,9069.1,47.76,0,135.0
UNIT_0002,2026-01-28 10:00:00,369.19,3826.8,40.69,10434.6,9063.6,47.76,0,149.0
UNIT_0046,2028-01-06 16:00:00,369.13,3823.97,40.69,10446.8,9060.2,47.76,0,222.0
UNIT_0015,2026-09-08 08:00:00,369.34,3817.9,40.7,10445.6,9062.0,47.76,0,91.0
UNIT_0035,2027-08-04 00:00:00,369.72,3809.56,40.78,10410.8,9078.2,47.76,1,27.0
UNIT_0020,2026-12-07 20:00:00,369.16,3812.11,40.68,10426.6,9063.6,47.76,0,77.0
UNIT_0011,2026-07-13 12:00:00,369.17,3811.77,40.82,10434.2,9083.3,47.76,0,53.0
UNIT_0034,2027-07-10 14:00:00,369.16,3815.35,40.7,10438.4,9065.0,47.76,0,139.0
UNIT_0036,2027-08-08 02:00:00,369.38,3817.08,40.68,10419.6,9065.1,47.76,0,136.0
UNIT_0021,2026-12-16 18:00:00,369.69,3821.42,40.66,10437.8,9043.4,47.76,0,165.0
UNIT_0017,2026-10-23 18:00:00,370.22,3814.8,40.97,10420.2,9130.6,47.76,0,31.0
UNIT_0043,2027-11-28 22:00:00,369.06,3815.22,40.68,10429.4,9055.4,47.76,0,81.0
UNIT_0021,2026-12-17 06:00:00,369.38,3813.35,40.66,10419.6,9048.5,47.76,0,159.0
UNIT_0048,2028-02-15 20:00:00,368.95,3824.04,40.75,10453.8,9067.8,47.76,0,185.0
UNIT_0046,2028-01-15 16:00:00,369.43,3823.97,40.71,10443.4,9065.4,47.76,0,114.0
UNIT_0031,2027-05-31 10:00:00,369.39,3805.77,40.67,10420.6,9060.5,47.76,0,35.0
UNIT_0008,2026-05-17 14:00:00,369.68,3811.15,40.6,10415.4,9053.2,47.76,0,73.0
UNIT_0001,2026-01-06 00:00:00,368.95,3820.32,40.66,10446.8,9050.6,47.76,0,131.0
UNIT_0006,2026-04-14 08:00:00,369.85,3811.08,40.59,10417.4,9035.2,47.76,0,63.0
UNIT_0029,2027-04-26 00:00:00,369.95,3813.84,40.69,10421.2,9056.8,47.76,0,32.0
UNIT_0026,2027-03-05 00:00:00,368.96,3815.22,40.64,10427.4,9050.2,47.76,0,172.0
UNIT_0011,2026-07-15 06:00:00,370.27,3813.56,40.88,10427.2,9103.4,47.76,0,32.0
UNIT_0010,2026-06-26 16:00:00,370.63,3809.29,40.82,10406.0,9098.6,47.76,1,15.0
UNIT_0007,2026-05-08 00:00:00,370.06,3808.32,40.75,10430.2,9074.2,47.76,0,38.0
UNIT_0039,2027-09-27 18:00:00,370.09,3810.53,40.58,10412.0,9046.7,47.76,1,20.0
UNIT_0001,2026-01-13 18:00:00,369.66,3809.84,40.65,10414.4,9049.1,47.76,0,38.0
UNIT_0003,2026-02-10 02:00:00,368.92,3823.21,40.69,10443.2,9050.4,47.76,0,176.0
UNIT_0031,2027-05-26 04:00:00,369.58,3816.73,40.71,10442.2,9055.5,47.76,0,98.0
UNIT_0040,2027-10-02 12:00:00,369.39,3815.63,40.69,10435.2,9055.6,47.76,0,151.0
UNIT_0036,2027-08-15 18:00:00,369.82,3806.11,40.69,10411.4,9056.7,47.76,0,44.0
UNIT_0009,2026-05-27 20:00:00,368.8,3822.25,40.74,10460.4,9066.6,47.76,0,151.0
UNIT_0040,2027-10-05 22:00:00,370.02,3818.39,40.68,10421.6,9062.6,47.76,0,110.0
UNIT_0047,2028-01-27 18:00:00,369.03,3825.83,40.73,10443.4,9066.9,47.76,0,183.0
UNIT_0038,2027-09-16 06:00:00,369.92,3815.01,40.84,10419.4,9093.0,47.76,1,30.0
UNIT_0031,2027-06-02 16:00:00,369.9,3806.18,40.59,10405.0,9047.3,47.77,1,8.0
UNIT_0024,2027-02-09 10:00:00,370.47,3808.39,40.66,10423.6,9048.5,47.76,1,26.0
UNIT_0014,2026-08-14 22:00:00,369.42,3816.25,40.7,10437.0,9062.8,47.76,0,177.0
UNIT_0034,2027-07-18 20:00:00,369.84,3815.56,40.87,10421.0,9098.5,47.76,0,40.0
UNIT_0020,2026-12-12 20:00:00,370.97,3809.15,40.75,10406.8,9061.7,47.76,1,17.0
UNIT_0007,2026-04-22 02:00:00,369.03,3825.07,40.74,10441.2,9069.4,47.76,0,229.0
UNIT_0043,2027-11-30 04:00:00,370.03,3817.77,40.68,10422.4,9057.8,47.76,0,66.0
UNIT_0048,2028-02-22 10:00:00,369.15,3823.63,40.77,10447.6,9083.3,47.76,0,106.0
UNIT_0049,2028-03-19 22:00:00,370.19,3801.36,40.67,10397.6,9065.3,47.76,1,3.0
UNIT_0047,2028-01-31 02:00:00,368.6,3817.49,40.73,10444.2,9063.8,47.76,0,143.0
UNIT_0019,2026-11-17 20:00:00,370.02,3817.56,40.64,10425.6,9050.4,47.76,0,83.0
UNIT_0043,2027-11-27 00:00:00,369.05,3819.77,40.66,10442.4,9051.4,47.76,0,104.0
UNIT_0020,2026-12-10 16:00:00,369.9,3806.25,40.73,10413.2,9072.4,47.76,0,43.0
UNIT_0046,2028-01-17 22:00:00,369.44,3815.7,40.7,10424.4,9061.8,47.76,0,87.0
UNIT_0024,2027-02-04 00:00:00,369.45,3827.21,40.71,10435.0,9061.0,47.76,0,91.0
UNIT_0014,2026-08-27 20:00:00,369.89,3811.29,40.84,10412.2,9091.3,47.76,1,22.0
UNIT_0007,2026-04-26 12:00:00,368.79,3819.97,40.76,10446.0,9062.7,47.76,0,176.0
UNIT_0030,2027-05-11 02:00:00,369.22,3811.91,40.7,10434.4,9055.0,47.76,0,45.0
UNIT_0015,2026-09-13 14:00:00,369.99,3808.53,40.65,10417.6,9054.1,47.76,1,28.0
UNIT_0047,2028-01-25 20:00:00,368.47,3821.83,40.73,10444.0,9066.8,47.76,0,206.0
UNIT_0018,2026-10-30 10:00:00,368.98,3821.49,40.71,10440.2,9052.8,47.76,0,146.0
UNIT_0048,2028-02-27 22:00:00,369.51,3819.35,40.99,10432.8,9126.4,47.76,0,40.0
UNIT_0046,2028-01-16 18:00:00,369.67,3814.8,40.68,10440.8,9053.8,47.76,0,101.0
UNIT_0015,2026-09-10 08:00:00,369.81,3812.39,40.69,10441.8,9059.5,47.76,0,67.0
UNIT_0015,2026-09-05 10:00:00,369.09,3820.59,40.7,10441.2,9066.9,47.76,0,126.0
UNIT_0045,2027-12-22 12:00:00,369.04,3824.87,40.77,10445.8,9078.0,47.76,0,148.0
UNIT_0031,2027-05-27 08:00:00,369.42,3816.8,40.7,10438.0,9056.8,47.76,0,84.0
UNIT_0046,2028-01-04 10:00:00,368.78,3820.59,40.72,10446.0,9049.5,47.76,0,249.0
UNIT_0021,2026-12-22 06:00:00,369.43,3817.15,40.69,10436.8,9047.6,47.76,0,99.0
UNIT_0003,2026-02-23 18:00:00,370.23,3805.56,41.12,10409.4,9149.9,47.76,1,12.0
UNIT_0049,2028-03-15 10:00:00,369.78,3806.32,40.66,10413.8,9051.4,47.76,0,57.0
UNIT_0010,2026-06-22 20:00:00,369.41,3815.63,40.74,10427.6,9072.9,47.76,0,61.0
UNIT_0002,2026-01-29 10:00:00,369.47,3820.59,40.69,10444.4,9057.0,47.76,0,137.0
UNIT_0041,2027-11-02 02:00:00,370.36,3802.67,41.07,10401.4,9152.9,47.76,1,0.0
UNIT_0008,2026-05-16 04:00:00,369.74,3809.01,40.62,10430.4,9045.9,47.76,0,90.0
UNIT_0036,2027-08-19 02:00:00,370.68,3803.63,40.64,10392.0,9048.9,47.76,1,4.0
UNIT_0030,2027-04-29 00:00:00,368.3,3820.39,40.72,10450.2,9064.3,47.76,0,190.0
UNIT_0037,2027-08-22 16:00:00,369.24,3820.87,40.64,10435.8,9052.8,47.76,0,131.0
UNIT_0042,2027-11-18 00:00:00,370.52,3803.49,40.69,10402.2,9058.6,47.77,1,5.0
UNIT_0028,2027-04-02 06:00:00,369.16,3823.83,40.73,10447.8,9061.3,47.76,0,154.0
UNIT_0047,2028-02-11 00:00:00,369.95,3806.46,40.85,10409.8,9098.7,47.76,1,12.0
UNIT_0001,2026-01-07 04:00:00,368.81,3816.94,40.65,10435.4,9042.3,47.76,0,117.0
UNIT_0044,2027-12-21 10:00:00,370.05,3800.87,40.78,10407.0,9084.6,47.77,1,3.0
UNIT_0047,2028-02-09 02:00:00,369.59,3813.01,40.79,10415.8,9090.2,47.76,0,35.0
UNIT_0010,2026-06-20 22:00:00,369.34,3818.73,40.71,10442.8,9062.5,47.76,0,84.0
UNIT_0012,2026-07-31 18:00:00,370.76,3804.67,40.63,10397.6,9052.8,47.77,1,4.0
UNIT_0006,2026-04-19 10:00:00,370.86,3796.19,40.54,10396.0,9029.1,47.77,1,2.0
UNIT_0030,2027-05-05 18:00:00,369.28,3822.45,40.73,10440.2,9058.0,47.76,0,109.0
UNIT_0038,2027-09-07 00:00:00,369.89,3815.97,40.67,10429.0,9048.3,47.76,0,141.0
UNIT_0007,2026-04-19 16:00:00,369.23,3824.94,40.71,10443.8,9071.3,47.76,0,258.0
UNIT_0043,2027-12-04 08:00:00,370.21,3801.29,40.58,10406.0,9045.5,47.77,1,16.0
UNIT_0047,2028-01-28 20:00:00,369.1,3822.73,40.72,10458.2,9067.5,47.76,0,170.0
UNIT_0013,2026-08-05 14:00:00,369.22,3815.56,40.7,10419.8,9060.1,47.76,0,109.0
UNIT_0013,2026-08-03 10:00:00,369.41,3815.15,40.7,10434.6,9059.6,47.76,0,135.0
UNIT_0016,2026-09-23 12:00:00,370.37,3812.94,40.7,10409.6,9062.5,47.76,0,118.0
UNIT_0014,2026-08-19 16:00:00,369.61,3816.46,40.71,10414.0,9060.0,47.76,0,120.0
UNIT_0024,2027-02-07 14:00:00,369.51,3811.42,40.7,10422.0,9058.8,47.76,0,48.0
UNIT_0021,2026-12-18 22:00:00,369.52,3816.11,40.63,10418.8,9058.2,47.76,0,139.0
UNIT_0049,2028-03-15 02:00:00,370.1,3813.22,40.63,10417.6,9056.9,47.76,0,61.0
UNIT_0010,2026-06-25 12:00:00,370.68,3811.08,40.81,10419.8,9081.4,47.76,1,29.0
UNIT_0013,2026-08-12 06:00:00,370.54,3812.18,40.83,10421.4,9098.7,47.76,1,29.0
UNIT_0007,2026-04-26 14:00:00,369.75,3817.97,40.75,10445.0,9072.1,47.76,0,175.0
UNIT_0046,2028-01-15 06:00:00,369.2,3818.11,40.68,10439.0,9061.7,47.76,0,119.0
UNIT_0049,2028-03-15 22:00:00,370.01,3808.32,40.65,10406.2,9046.9,47.76,0,51.0
UNIT_0036,2027-08-14 06:00:00,369.29,3812.8,40.7,10419.2,9057.6,47.76,0,62.0
UNIT_0006,2026-04-17 14:00:00,370.3,3808.8,40.59,10407.2,9038.3,47.77,1,24.0
UNIT_0004,2026-03-09 00:00:00,369.67,3812.46,40.83,10418.2,9090.6,47.76,0,42.0
UNIT_0007,2026-05-10 14:00:00,370.76,3800.46,40.74,10389.4,9074.1,47.76,1,7.0
UNIT_0048,2028-03-01 12:00:00,370.56,3807.29,41.24,10414.6,9190.2,47.76,1,9.0
UNIT_0023,2027-01-16 12:00:00,369.21,3817.08,40.64,10429.0,9055.8,47.76,0,166.0
UNIT_0049,2028-03-16 18:00:00,370.12,3804.46,40.64,10409.2,9043.2,47.76,0,41.0
UNIT_0024,2027-02-08 10:00:00,369.41,3811.08,40.7,10428.4,9064.0,47.76,0,38.0
UNIT_0018,2026-10-27 12:00:00,368.59,3822.59,40.71,10443.8,9056.6,47.76,0,181.0
UNIT_0031,2027-05-18 22:00:00,369.2,3819.83,40.71,10450.8,9054.2,47.76,0,185.0
UNIT_0035,2027-07-26 00:00:00,369.15,3818.46,40.68,10431.2,9054.9,47.76,0,135.0
UNIT_0045,2027-12-27 10:00:00,369.47,3822.66,40.78,10440.0,9068.4,47.76,0,89.0
UNIT_0021,2026-12-15 02:00:00,369.1,3809.84,40.64,10429.2,9045.2,47.76,0,185.0
UNIT_0007,2026-04-20 00:00:00,369.1,3824.11,40.75,10440.0,9067.0,47.76,0,254.0
UNIT_0017,2026-10-15 16:00:00,369.71,3820.46,40.76,10436.8,9076.7,47.76,0,128.0
UNIT_0018,2026-11-04 22:00:00,368.56,3820.59,40.76,10440.4,9078.3,47.76,0,80.0
UNIT_0021,2026-12-20 12:00:00,369.53,3814.25,40.66,10423.0,9049.7,47.76,0,120.0
UNIT_0011,2026-07-03 04:00:00,368.83,3820.18,40.69,10440.4,9055.4,47.76,0,177.0
UNIT_0022,2027-01-04 18:00:00,369.4,3811.56,40.63,10434.0,9055.0,47.76,0,139.0
UNIT_0031,2027-05-28 12:00:00,369.0,3816.32,40.7,10431.8,9045.4,47.76,0,70.0
UNIT_0005,2026-03-20 14:00:00,368.79,3823.97,40.75,10447.2,9078.8,47.76,0,172.0
UNIT_0004,2026-03-10 12:00:00,370.23,3807.01,40.95,10429.2,9125.6,47.76,1,24.0
UNIT_0025,2027-02-22 02:00:00,369.98,3815.97,40.7,10427.4,9053.4,47.76,0,104.0
UNIT_0034,2027-07-06 00:00:00,369.29,3816.66,40.72,10430.8,9058.3,47.76,0,194.0
UNIT_0043,2027-11-28 08:00:00,369.56,3816.8,40.68,10439.8,9055.7,47.76,0,88.0
UNIT_0028,2027-04-14 06:00:00,369.71,3808.73,40.78,10417.2,9080.6,47.76,1,10.0
UNIT_0022,2027-01-14 22:00:00,370.23,3802.32,40.64,10405.0,9049.5,47.77,1,17.0
UNIT_0012,2026-07-31 12:00:00,370.44,3799.63,40.64,10385.0,9054.3,47.76,1,7.0
UNIT_0026,2027-03-10 22:00:00,369.48,3818.73,40.66,10429.4,9058.2,47.76,0,101.0
UNIT_0049,2028-03-03 20:00:00,369.27,3811.35,40.61,10435.6,9052.5,47.76,0,196.0
UNIT_0046,2028-01-21 18:00:00,369.78,3810.46,40.68,10424.8,9053.2,47.76,0,41.0
UNIT_0015,2026-09-12 12:00:00,369.62,3810.94,40.66,10418.4,9053.8,47.76,0,41.0
UNIT_0018,2026-11-03 06:00:00,369.04,3825.21,40.74,10444.8,9067.8,47.76,0,100.0
UNIT_0040,2027-10-11 00:00:00,369.87,3809.63,40.75,10418.2,9076.2,47.76,0,49.0
UNIT_0037,2027-08-25 12:00:00,369.7,3815.35,40.63,10424.0,9037.4,47.76,0,97.0
UNIT_0034,2027-07-15 04:00:00,369.52,3810.18,40.75,10429.2,9075.1,47.76,0,84.0
UNIT_0016,2026-10-03 00:00:00,370.73,3799.08,40.67,10396.0,9063.1,47.77,1,4.0
UNIT_0017,2026-10-03 20:00:00,369.42,3823.28,40.72,10444.8,9062.3,47.76,0,270.0
UNIT_0037,2027-08-25 18:00:00,369.64,3815.28,40.64,10427.0,9043.9,47.76,0,94.0
UNIT_0044,2027-12-11 22:00:00,368.69,3818.94,40.74,10438.4,9067.2,47.76,0,117.0
UNIT_0030,2027-05-12 04:00:00,369.17,3811.22,40.69,10419.4,9058.1,47.76,0,32.0
UNIT_0004,2026-03-11 08:00:00,370.02,3808.6,41.11,10409.4,9143.8,47.76,1,14.0
UNIT_0017,2026-10-16 12:00:00,369.19,3819.7,40.77,10438.8,9076.6,47.76,0,118.0
UNIT_0040,2027-09-29 22:00:00,369.68,3816.18,40.67,10427.2,9058.5,47.76,0,182.0
UNIT_0001,2026-01-05 12:00:00,369.26,3822.8,40.67,10442.2,9048.9,47.76,0,137.0
UNIT_0017,2026-10-15 14:00:00,368.46,3823.21,40.77,10432.8,9071.2,47.76,0,129.0
UNIT_0032,2027-06-10 10:00:00,369.7,3807.84,40.68,10424.0,9054.5,47.76,0,106.0
UNIT_0007,2026-05-04 10:00:00,369.52,3814.18,40.79,10429.4,9076.9,47.76,0,81.0
UNIT_0024,2027-02-11 02:00:00,370.37,3800.87,40.62,10401.2,9046.3,47.76,1,6.0
UNIT_0041,2027-11-01 20:00:00,370.34,3805.7,41.05,10393.8,9149.9,47.76,1,3.0
UNIT_0017,2026-10-05 22:00:00,369.06,3821.77,40.71,10444.2,9053.1,47.76,0,245.0
UNIT_0031,2027-05-17 08:00:00,369.28,3823.83,40.68,10437.0,9060.4,47.76,0,204.0
UNIT_0025,2027-02-15 12:00:00,369.46,3814.73,40.6,10437.2,9045.8,47.76,0,183.0
UNIT_0030,2027-04-29 02:00:00,369.0,3820.94,40.72,10444.0,9060.0,47.76,0,189.0
UNIT_0050,2028-03-30 06:00:00,369.43,3813.01,40.74,10430.4,9070.9,47.76,0,77.0
UNIT_0025,2027-02-28 14:00:00,369.65,3807.98,40.87,10409.0,9105.5,47.76,1,26.0
UNIT_0034,2027-07-08 18:00:00,369.3,3819.08,40.69,10430.8,9056.6,47.76,0,161.0
UNIT_0028,2027-04-03 12:00:00,369.12,3823.76,40.69,10443.2,9056.0,47.76,0,139.0
UNIT_0004,2026-03-06 00:00:00,369.01,3820.66,40.74,10433.8,9058.5,47.76,0,78.0
UNIT_0010,2026-06-22 02:00:00,370.1,3817.28,40.73,10426.4,9067.2,47.76,0,70.0
UNIT_0049,2028-03-02 16:00:00,369.52,3814.32,40.59,10428.6,9038.2,47.76,0,210.0
UNIT_0037,2027-09-02 06:00:00,369.81,3806.05,40.57,10404.0,9043.7,47.77,1,4.0
UNIT_0044,2027-12-08 10:00:00,369.0,3823.56,40.74,10441.4,9068.0,47.76,0,159.0
UNIT_0022,2027-01-13 00:00:00,369.92,3805.77,40.63,10399.0,9048.2,47.76,0,40.0
UNIT_0014,2026-08-15 10:00:00,369.47,3818.87,40.71,10426.6,9061.4,47.76,0,171.0
UNIT_0010,2026-06-23 06:00:00,370.26,3816.59,40.74,10427.4,9074.8,47.76,0,56.0
UNIT_0046,2028-01-13 20:00:00,369.07,3819.08,40.71,10442.8,9057.9,47.76,0,136.0
UNIT_0005,2026-03-21 06:00:00,369.37,3821.77,40.78,10453.2,9071.8,47.76,0,164.0
UNIT_0042,2027-11-03 12:00:00,369.06,3822.18,40.72,10431.6,9071.1,47.76,0,179.0
UNIT_0012,2026-07-26 20:00:00,369.79,3815.01,40.65,10412.4,9051.6,47.76,0,63.0
UNIT_0009,2026-05-27 14:00:00,368.99,3824.66,40.74,10451.6,9064.8,47.76,0,154.0
UNIT_0022,2027-01-04 12:00:00,369.05,3810.32,40.65,10421.0,9045.6,47.76,0,142.0
UNIT_0034,2027-07-13 16:00:00,369.12,3814.87,40.74,10435.4,9070.8,47.76,0,102.0
UNIT_0026,2027-03-08 20:00:00,369.18,3817.42,40.67,10424.2,9051.4,47.76,0,126.0
UNIT_0044,2027-12-13 02:00:00,369.58,3817.9,40.74,10434.4,9071.7,47.76,0,103.0
UNIT_0018,2026-11-05 10:00:00,369.37,3820.32,40.81,10433.0,9086.7,47.76,0,74.0
UNIT_0021,2026-12-20 14:00:00,369.43,3814.11,40.64,10437.8,9046.2,47.76,0,119.0
UNIT_0004,2026-02-27 08:00:00,369.27,3820.04,40.65,10436.8,9051.8,47.76,0,158.0
UNIT_0017,2026-10-14 00:00:00,369.18,3817.7,40.72,10436.0,9070.2,47.76,0,148.0
UNIT_0025,2027-02-17 00:00:00,369.69,3817.08,40.65,10430.6,9049.8,47.76,0,165.0
UNIT_0005,2026-03-22 12:00:00,368.81,3820.66,40.79,10432.2,9079.0,47.76,0,149.0
UNIT_0048,2028-03-01 08:00:00,370.28,3814.25,41.25,10420.0,9187.1,47.76,1,11.0
UNIT_0014,2026-08-15 02:00:00,369.23,3816.73,40.71,10421.0,9057.8,47.76,0,175.0
UNIT_0024,2027-02-01 10:00:00,368.91,3820.52,40.73,10448.2,9060.6,47.76,0,122.0
UNIT_0049,2028-03-06 10:00:00,369.2,3816.46,40.63,10435.4,9041.8,47.76,0,165.0
UNIT_0032,2027-06-11 16:00:00,370.05,3813.56,40.66,10430.0,9049.0,47.76,0,91.0
UNIT_0030,2027-05-13 22:00:00,370.72,3808.18,40.64,10400.2,9054.5,47.76,1,11.0
UNIT_0017,2026-10-25 16:00:00,370.02,3798.19,41.1,10403.2,9159.7,47.76,1,8.0
UNIT_0026,2027-03-18 14:00:00,370.14,3805.42,41.02,10406.6,9128.3,47.76,1,9.0
UNIT_0010,2026-06-15 20:00:00,369.25,3819.63,40.7,10445.4,9056.4,47.76,0,145.0
UNIT_0006,2026-04-11 10:00:00,369.46,3813.77,40.63,10419.2,9031.9,47.76,0,98.0
UNIT_0025,2027-02-19 06:00:00,369.43,3811.77,40.68,10431.8,9049.2,47.76,0,138.0
UNIT_0034,2027-07-20 06:00:00,369.95,3804.87,40.91,10424.2,9113.6,47.76,1,23.0
UNIT_0018,2026-10-28 00:00:00,368.97,3822.87,40.69,10435.8,9063.0,47.76,0,175.0
UNIT_0033,2027-06-25 20:00:00,369.03,3818.46,40.7,10448.2,9056.8,47.76,0,121.0
UNIT_0044,2027-12-19 10:00:00,370.47,3812.11,40.77,10416.6,9075.9,47.76,1,27.0
UNIT_0051,2028-04-11 12:00:00,369.56,3826.04,40.74,10433.0,9069.9,47.76,0,143.0
UNIT_0042,2027-11-04 12:00:00,369.14,3821.49,40.7,10440.4,9061.5,47.76,0,167.0
UNIT_0044,2027-12-16 18:00:00,369.58,3816.59,40.74,10427.0,9072.6,47.76,0,59.0
UNIT_0041,2027-10-27 10:00:00,369.71,3815.22,40.81,10436.6,9082.4,47.76,0,68.0
UNIT_0008,2026-05-16 10:00:00,369.23,3811.15,40.64,10417.6,9043.9,47.76,0,87.0
UNIT_0003,2026-02-14 16:00:00,369.37,3816.8,40.65,10437.0,9056.0,47.76,0,121.0
UNIT_0045,2028-01-01 12:00:00,369.33,3813.77,40.79,10417.2,9082.4,47.76,1,28.0
UNIT_0041,2027-10-27 04:00:00,369.42,3813.49,40.8,10424.2,9082.5,47.76,0,71.0
UNIT_0021,2026-12-18 00:00:00,369.28,3817.9,40.66,10430.6,9049.5,47.76,0,150.0
UNIT_0033,2027-06-23 00:00:00,369.03,3823.28,40.74,10458.4,9065.0,47.76,0,155.0
UNIT_0017,2026-10-20 06:00:00,369.71,3812.6,40.86,10424.6,9099.0,47.76,0,73.0
UNIT_0043,2027-12-01 10:00:00,369.47,3814.32,40.67,10417.8,9043.6,47.76,0,51.0
UNIT_0036,2027-08-16 16:00:00,369.92,3808.67,40.67,10404.2,9058.6,47.76,0,33.0
UNIT_0013,2026-08-14 16:00:00,371.11,3798.94,41.06,10395.2,9153.3,47.76,1,0.0
UNIT_0025,2027-02-24 06:00:00,369.38,3816.11,40.69,10428.0,9059.9,47.76,0,78.0
UNIT_0033,2027-06-27 20:00:00,368.27,3826.59,40.72,10443.0,9047.2,47.76,0,97.0
UNIT_0023,2027-01-24 12:00:00,369.82,3813.91,40.66,10418.0,9053.2,47.76,0,70.0
UNIT_0020,2026-12-02 02:00:00,369.34,3816.59,40.68,10423.2,9063.1,47.76,0,146.0
UNIT_0009,2026-06-04 12:00:00,369.0,3820.32,40.87,10430.8,9102.8,47.76,0,59.0
UNIT_0048,2028-02-25 10:00:00,369.54,3823.97,40.85,10438.4,9098.9,47.76,0,70.0
UNIT_0014,2026-08-28 08:00:00,369.73,3806.67,40.88,10402.2,9100.0,47.76,1,16.0
UNIT_0015,2026-09-10 12:00:00,369.34,3815.63,40.69,10433.8,9059.4,47.76,0,65.0
UNIT_0008,2026-05-18 02:00:00,369.64,3812.94,40.59,10427.6,9040.1,47.76,0,67.0
UNIT_0017,2026-10-12 18:00:00,369.73,3822.8,40.74,10447.8,9069.3,47.76,0,163.0
UNIT_0017,2026-10-17 16:00:00,369.57,3821.42,40.76,10438.0,9078.5,47.76,0,104.0
UNIT_0049,2028-03-07 00:00:00,369.13,3815.22,40.62,10424.4,9046.2,47.76,0,158.0
UNIT_0009,2026-05-30 08:00:00,368.73,3825.83,40.78,10455.6,9073.0,47.76,0,121.0
UNIT_0019,2026-11-13 10:00:00,369.08,3816.94,40.65,10441.8,9045.2,47.76,0,136.0
UNIT_0017,2026-10-08 16:00:00,368.89,3826.59,40.75,10450.2,9066.0,47.76,0,212.0
UNIT_0037,2027-08-23 16:00:00,368.9,3815.22,40.62,10440.0,9042.2,47.76,0,119.0
UNIT_0049,2028-03-14 10:00:00,369.68,3807.63,40.62,10417.6,9039.1,47.76,0,69.0
UNIT_0025,2027-03-02 18:00:00,370.52,3807.15,41.05,10403.2,9152.5,47.76,1,0.0
UNIT_0031,2027-05-18 00:00:00,369.12,3824.66,40.71,10457.2,9060.7,47.76,0,196.0
UNIT_0046,2028-01-03 22:00:00,369.22,3819.15,40.69,10448.4,9063.0,47.76,0,255.0
UNIT_0048,2028-02-14 12:00:00,368.83,3817.28,40.71,10454.6,9058.0,47.76,0,201.0
UNIT_0001,2026-01-11 12:00:00,369.84,3818.39,40.66,10426.8,9047.9,47.76,0,65.0
UNIT_0030,2027-05-12 14:00:00,369.45,3813.08,40.65,10418.2,9052.4,47.76,1,27.0
UNIT_0019,2026-11-20 00:00:00,370.06,3811.08,40.63,10413.4,9043.2,47.76,0,57.0
UNIT_0022,2027-01-06 22:00:00,369.85,3812.53,40.6,10426.0,9050.2,47.76,0,113.0
UNIT_0037,2027-08-19 14:00:00,369.77,3816.94,40.63,10439.0,9048.6,47.76,0,168.0
UNIT_0017,2026-10-22 06:00:00,369.51,3816.39,40.9,10419.6,9106.1,47.76,0,49.0
UNIT_0004,2026-03-10 22:00:00,370.45,3809.01,41.01,10415.4,9138.8,47.76,1,19.0
UNIT_0040,2027-10-12 04:00:00,370.08,3813.84,40.81,10418.8,9084.4,47.76,0,35.0
UNIT_0005,2026-03-24 00:00:00,368.52,3822.8,40.77,10437.2,9069.1,47.76,0,131.0
UNIT_0040,2027-10-11 14:00:00,370.16,3808.87,40.76,10417.2,9082.0,47.76,0,42.0
UNIT_0012,2026-07-23 14:00:00,369.47,3811.56,40.62,10430.2,9047.7,47.76,0,102.0
UNIT_0044,2027-12-14 20:00:00,368.79,3818.94,40.73,10443.2,9067.5,47.76,0,82.0
UNIT_0002,2026-01-29 18:00:00,369.19,3822.8,40.69,10444.2,9055.0,47.76,0,133.0
UNIT_0004,2026-03-09 20:00:00,369.65,3816.18,40.92,10428.2,9112.8,47.76,0,32.0
UNIT_0031,2027-05-29 20:00:00,369.29,3812.94,40.67,10425.4,9054.7,47.76,0,54.0
UNIT_0029,2027-04-27 14:00:00,369.89,3795.63,40.64,10397.6,9056.7,47.77,1,13.0
UNIT_0010,2026-06-26 08:00:00,370.48,3804.87,40.82,10414.4,9093.2,47.76,1,19.0
UNIT_0004,2026-03-08 02:00:00,369.73,3818.59,40.78,10431.6,9080.7,47.76,0,53.0
UNIT_0035,2027-07-29 20:00:00,369.45,3813.08,40.7,10431.6,9058.2,47.76,0,89.0
UNIT_0013,2026-08-11 20:00:00,369.44,3810.46,40.79,10414.2,9085.6,47.76,0,34.0
UNIT_0001,2026-01-08 20:00:00,369.71,3819.08,40.66,10438.4,9048.8,47.76,0,97.0
UNIT_0021,2026-12-19 02:00:00,369.98,3819.97,40.68,10430.8,9055.3,47.76,0,137.0
UNIT_0018,2026-11-10 00:00:00,369.94,3820.18,41.08,10427.2,9150.6,47.76,1,19.0
UNIT_0015,2026-08-29 22:00:00,368.9,3823.49,40.7,10452.4,9053.7,47.76,0,204.0
UNIT_0011,2026-07-17 14:00:00,370.45,3804.67,41.05,10399.0,9145.8,47.76,1,4.0
UNIT_0048,2028-02-22 08:00:00,368.6,3824.39,40.8,10436.8,9075.1,47.76,0,107.0
UNIT_0016,2026-09-27 00:00:00,370.0,3807.63,40.67,10411.4,9061.7,47.76,0,76.0
UNIT_0041,2027-10-18 06:00:00,369.05,3822.59,40.72,10446.2,9057.4,47.76,0,178.0
UNIT_0032,2027-06-14 22:00:00,369.74,3810.73,40.71,10424.8,9062.3,47.76,0,52.0
UNIT_0047,2028-02-06 08:00:00,369.28,3816.94,40.75,10435.2,9069.6,47.76,0,68.0
UNIT_0038,2027-09-03 12:00:00,368.97,3814.32,40.64,10440.0,9051.7,47.76,0,183.0
UNIT_0031,2027-05-18 08:00:00,368.94,3828.52,40.71,10438.4,9057.9,47.76,0,192.0
UNIT_0009,2026-06-05 10:00:00,369.05,3818.87,40.9,10432.4,9109.3,47.76,0,48.0
UNIT_0023,2027-01-20 08:00:00,369.42,3819.01,40.69,10429.6,9054.4,47.76,0,120.0
UNIT_0013,2026-08-09 10:00:00,369.63,3815.84,40.74,10428.8,9068.2,47.76,0,63.0
UNIT_0011,2026-07-06 22:00:00,369.12,3814.59,40.73,10447.4,9062.0,47.76,0,132.0
UNIT_0027,2027-03-24 18:00:00,369.55,3814.39,40.69,10444.8,9060.5,47.76,0,91.0
UNIT_0011,2026-07-14 16:00:00,369.59,3812.73,40.87,10431.8,9099.2,47.76,0,39.0
UNIT_0005,2026-03-21 04:00:00,368.98,3819.28,40.76,10450.6,9073.3,47.76,0,165.0
UNIT_0006,2026-04-04 08:00:00,369.47,3814.66,40.62,10427.4,9040.8,47.76,0,183.0
UNIT_0011,2026-07-03 16:00:00,369.09,3821.28,40.71,10444.6,9049.6,47.76,0,171.0
UNIT_0002,2026-02-04 22:00:00,369.52,3815.22,40.76,10423.6,9069.7,47.76,0,59.0
UNIT_0005,2026-03-18 20:00:00,369.14,3821.97,40.77,10456.2,9061.5,47.76,0,193.0
UNIT_0045,2027-12-24 10:00:00,369.0,3830.38,40.77,10451.6,9068.2,47.76,0,125.0
UNIT_0027,2027-03-27 16:00:00,369.26,3813.35,40.77,10419.2,9074.9,47.76,0,56.0
UNIT_0029,2027-04-28 08:00:00,370.76,3801.49,40.63,10401.4,9050.8,47.77,1,4.0
UNIT_0029,2027-04-24 12:00:00,370.24,3815.49,40.7,10419.4,9059.1,47.76,0,50.0
UNIT_0040,2027-10-01 22:00:00,369.43,3816.66,40.68,10435.6,9060.6,47.76,0,158.0
UNIT_0028,2027-04-09 22:00:00,370.07,3819.77,40.73,10446.8,9066.9,47.76,0,62.0
UNIT_0042,2027-11-09 22:00:00,369.97,3814.46,40.69,10429.8,9057.9,47.76,0,102.0
UNIT_0006,2026-04-11 04:00:00,369.45,3814.87,40.62,10434.2,9040.6,47.76,0,101.0
UNIT_0029,2027-04-26 10:00:00,369.94,3813.08,40.68,10407.4,9060.6,47.76,1,27.0
UNIT_0043,2027-12-01 02:00:00,369.83,3812.66,40.66,10426.2,9050.9,47.76,0,55.0
UNIT_0010,2026-06-14 04:00:00,368.67,3820.18,40.67,10445.4,9054.6,47.76,0,165.0
UNIT_0020,2026-12-01 20:00:00,369.07,3809.84,40.68,10430.2,9061.1,47.76,0,149.0
UNIT_0018,2026-11-04 06:00:00,369.64,3815.84,40.75,10440.0,9076.2,47.76,0,88.0
UNIT_0010,2026-06-16 10:00:00,369.12,3822.25,40.7,10444.8,9049.4,47.76,0,138.0
UNIT_0020,2026-12-03 02:00:00,369.72,3813.28,40.7,10420.6,9057.9,47.76,0,134.0
UNIT_0006,2026-04-15 00:00:00,369.77,3804.74,40.6,10420.2,9044.6,47.76,0,55.0
UNIT_0011,2026-07-02 16:00:00,368.93,3823.83,40.72,10448.4,9052.4,47.76,0,183.0
UNIT_0014,2026-08-15 00:00:00,370.03,3815.63,40.69,10423.4,9056.9,47.76,0,176.0
UNIT_0011,2026-07-02 12:00:00,368.96,3819.97,40.69,10439.2,9057.7,47.76,0,185.0
UNIT_0023,2027-01-25 04:00:00,369.21,3818.11,40.64,10423.4,9047.8,47.76,0,62.0
UNIT_0026,2027-03-05 12:00:00,369.04,3819.7,40.62,10430.0,9043.8,47.76,0,166.0
UNIT_0030,2027-05-14 16:00:00,370.45,3805.15,40.62,10395.0,9052.5,47.77,1,2.0
UNIT_0033,2027-07-02 02:00:00,369.49,3818.52,40.7,10420.8,9059.2,47.76,0,46.0
UNIT_0040,2027-10-13 08:00:00,370.46,3805.01,40.84,10410.6,9105.8,47.76,1,21.0
UNIT_0035,2027-08-02 14:00:00,369.66,3816.11,40.75,10406.4,9070.2,47.76,0,44.0
UNIT_0011,2026-06-28 00:00:00,369.05,3825.07,40.68,10445.8,9051.8,47.76,0,239.0
UNIT_0005,2026-03-30 18:00:00,369.7,3811.97,40.89,10425.2,9100.5,47.76,0,50.0
UNIT_0003,2026-02-20 00:00:00,369.57,3818.11,40.8,10438.8,9084.1,47.76,0,57.0
UNIT_0021,2026-12-19 06:00:00,369.14,3818.04,40.63,10444.0,9053.1,47.76,0,135.0
UNIT_0039,2027-09-24 10:00:00,369.73,3808.11,40.62,10424.6,9045.4,47.76,0,60.0
UNIT_0001,2026-01-07 10:00:00,368.84,3816.04,40.67,10445.6,9042.4,47.76,0,114.0
UNIT_0039,2027-09-21 20:00:00,369.06,3812.94,40.62,10419.4,9044.6,47.76,0,91.0
UNIT_0015,2026-08-30 12:00:00,369.11,3825.01,40.72,10448.8,9061.6,47.76,0,197.0
UNIT_0024,2027-02-06 16:00:00,369.8,3812.87,40.69,10430.2,9069.3,47.76,0,59.0
UNIT_0048,2028-02-15 04:00:00,369.37,3826.38,40.76,10448.2,9068.1,47.76,0,193.0
UNIT_0033,2027-06-19 10:00:00,369.09,3824.66,40.69,10463.2,9065.4,47.76,0,198.0
UNIT_0047,2028-01-26 08:00:00,368.93,3821.14,40.74,10443.4,9070.4,47.76,0,200.0
UNIT_0041,2027-10-30 06:00:00,369.84,3818.59,40.89,10406.0,9099.4,47.76,0,34.0
UNIT_0028,2027-04-01 16:00:00,369.36,3825.7,40.73,10454.4,9065.2,47.76,0,161.0
UNIT_0030,2027-05-11 22:00:00,369.92,3809.56,40.66,10422.4,9053.1,47.76,0,35.0
UNIT_0017,2026-10-10 14:00:00,369.07,3824.45,40.73,10446.0,9065.6,47.76,0,189.0
UNIT_0027,2027-03-28 06:00:00,369.91,3814.53,40.79,10418.2,9079.4,47.76,0,49.0
UNIT_0013,2026-08-02 08:00:00,369.64,3812.11,40.66,10443.0,9055.4,47.76,0,148.0
UNIT_0042,2027-11-12 04:00:00,369.65,3816.46,40.69,10424.0,9063.2,47.76,0,75.0
UNIT_0013,2026-08-08 14:00:00,370.06,3812.53,40.71,10416.4,9064.0,47.76,0,73.0
UNIT_0026,2027-03-15 00:00:00,369.91,3813.01,40.79,10423.6,9069.4,47.76,0,52.0
UNIT_0017,2026-10-22 04:00:00,370.04,3813.01,40.91,10418.0,9110.9,47.76,0,50.0
UNIT_0044,2027-12-15 22:00:00,369.49,3818.04,40.73,10437.2,9079.0,47.76,0,69.0
UNIT_0009,2026-06-09 00:00:00,370.09,3804.18,41.31,10411.8,9199.6,47.76,1,5.0
UNIT_0002,2026-01-20 14:00:00,368.86,3820.8,40.69,10455.4,9057.0,47.76,0,243.0
UNIT_0008,2026-05-14 16:00:00,369.3,3815.49,40.63,10420.2,9042.8,47.76,0,108.0
UNIT_0041,2027-10-28 08:00:00,369.46,3814.8,40.85,10427.0,9082.6,47.76,0,57.0
UNIT_0017,2026-10-18 20:00:00,369.45,3818.11,40.79,10444.2,9090.0,47.76,0,90.0
UNIT_0010,2026-06-16 04:00:00,368.73,3826.87,40.68,10455.6,9051.9,47.76,0,141.0
UNIT_0014,2026-08-24 08:00:00,369.78,3810.11,40.74,10427.0,9069.9,47.76,0,64.0
UNIT_0048,2028-02-13 18:00:00,368.78,3820.73,40.74,10444.2,9064.5,47.76,0,210.0
UNIT_0007,2026-04-22 20:00:00,369.24,3819.97,40.75,10441.0,9076.6,47.76,0,220.0
UNIT_0044,2027-12-11 08:00:00,368.96,3819.42,40.77,10436.4,9066.2,47.76,0,124.0
UNIT_0008,2026-05-15 22:00:00,369.36,3809.49,40.63,10417.4,9045.5,47.76,0,93.0
UNIT_0026,2027-03-17 14:00:00,370.1,3807.29,40.91,10402.0,9111.4,47.76,1,21.0
UNIT_0010,2026-06-21 16:00:00,369.05,3817.35,40.73,10438.2,9061.3,47.76,0,75.0
UNIT_0051,2028-04-09 14:00:00,368.74,3826.59,40.73,10449.2,9063.8,47.76,0,166.0
UNIT_0011,2026-07-04 22:00:00,368.84,3820.8,40.68,10436.8,9059.1,47.76,0,156.0
UNIT_0031,2027-05-19 04:00:00,369.12,3823.97,40.7,10446.2,9065.9,47.76,0,182.0
UNIT_0002,2026-01-22 16:00:00,369.58,3822.11,40.68,10444.2,9049.2,47.76,0,218.0
UNIT_0048,2028-02-20 10:00:00,368.8,3819.21,40.77,10436.0,9079.9,47.76,0,130.0
UNIT_0047,2028-01-28 18:00:00,369.25,3819.15,40.74,10450.2,9070.4,47.76,0,171.0
UNIT_0018,2026-11-09 00:00:00,369.26,3817.35,40.97,10432.6,9123.3,47.76,0,31.0
UNIT_0010,2026-06-18 20:00:00,369.1,3822.39,40.69,10444.2,9062.0,47.76,0,109.0
UNIT_0036,2027-08-06 08:00:00,369.8,3815.49,40.7,10427.6,9053.5,47.76,0,157.0
UNIT_0021,2026-12-19 20:00:00,369.34,3821.63,40.67,10434.2,9053.6,47.76,0,128.0
UNIT_0010,2026-06-09 18:00:00,368.99,3821.01,40.68,10450.2,9057.4,47.76,0,218.0
UNIT_0009,2026-06-02 08:00:00,369.38,3819.28,40.8,10436.4,9084.1,47.76,0,85.0
UNIT_0032,2027-06-04 10:00:00,370.02,3813.7,40.63,10422.0,9049.9,47.76,0,178.0
UNIT_0048,2028-02-17 16:00:00,369.08,3822.18,40.76,10441.8,9058.5,47.76,0,163.0
UNIT_0032,2027-06-08 14:00:00,369.45,3815.08,40.69,10428.6,9046.0,47.76,0,128.0
UNIT_0021,2026-12-17 16:00:00,368.95,3818.04,40.66,10437.4,9048.6,47.76,0,154.0
UNIT_0002,2026-01-19 16:00:00,368.64,3817.08,40.67,10445.2,9051.2,47.76,0,254.0
UNIT_0046,2028-01-13 22:00:00,369.91,3818.8,40.71,10441.4,9063.6,47.76,0,135.0
UNIT_0033,2027-06-24 02:00:00,369.08,3819.97,40.72,10448.8,9069.0,47.76,0,142.0
UNIT_0048,2028-02-24 10:00:00,369.14,3819.28,40.8,10439.8,9079.4,47.76,0,82.0
UNIT_0004,2026-03-12 12:00:00,371.38,3805.42,41.3,10396.8,9198.3,47.76,1,0.0
UNIT_0021,2026-12-24 10:00:00,369.42,3815.08,40.71,10425.0,9053.3,47.76,0,73.0
UNIT_0028,2027-04-09 08:00:00,369.16,3818.32,40.73,10437.2,9064.8,47.76,0,69.0
UNIT_0013,2026-08-01 14:00:00,369.68,3814.8,40.67,10434.0,9053.6,47.76,0,157.0
UNIT_0001,2026-01-10 18:00:00,369.19,3821.42,40.68,10426.2,9051.1,47.76,0,74.0
UNIT_0046,2028-01-07 10:00:00,368.76,3822.66,40.69,10440.8,9054.4,47.76,0,213.0
UNIT_0030,2027-05-13 04:00:00,370.49,3805.49,40.65,10408.6,9055.7,47.76,1,20.0
UNIT_0042,2027-11-14 22:00:00,369.38,3814.87,40.7,10420.2,9069.6,47.76,0,42.0
UNIT_0045,2027-12-23 14:00:00,369.16,3823.83,40.79,10448.2,9070.8,47.76,0,135.0
UNIT_0038,2027-09-17 02:00:00,370.09,3805.63,40.9,10423.8,9114.3,47.76,1,20.0
UNIT_0001,2026-01-01 10:00:00,368.95,3824.32,40.66,10433.6,9049.7,47.76,0,186.0
UNIT_0027,2027-03-22 04:00:00,369.78,3819.01,40.69,10444.0,9062.0,47.76,0,122.0
UNIT_0047,2028-01-30 06:00:00,368.42,3822.25,40.75,10445.4,9075.0,47.76,0,153.0
UNIT_0021,2026-12-27 08:00:00,369.91,3813.56,40.83,10422.0,9088.2,47.76,0,38.0
UNIT_0005,2026-03-30 14:00:00,369.54,3815.63,40.87,10429.8,9103.2,47.76,0,52.0
UNIT_0013,2026-08-04 20:00:00,369.62,3819.63,40.68,10428.4,9057.0,47.76,0,118.0
UNIT_0043,2027-12-04 20:00:00,369.8,3798.32,40.59,10417.0,9043.6,47.77,1,10.0
UNIT_0018,2026-11-08 06:00:00,369.67,3821.01,40.88,10416.8,9103.8,47.76,0,40.0
UNIT_0017,2026-10-21 02:00:00,369.32,3813.28,40.84,10435.8,9092.2,47.76,0,63.0
UNIT_0035,2027-08-06 04:00:00,370.02,3800.53,40.84,10397.6,9093.6,47.76,1,1.0
UNIT_0034,2027-07-18 22:00:00,369.78,3811.49,40.87,10427.0,9103.3,47.76,0,39.0
UNIT_0028,2027-04-14 12:00:00,369.8,3803.98,40.78,10402.2,9077.8,47.76,1,7.0
UNIT_0008,2026-05-14 18:00:00,368.97,3813.49,40.65,10419.8,9045.7,47.76,0,107.0
UNIT_0009,2026-05-25 10:00:00,368.88,3824.87,40.75,10457.2,9065.6,47.76,0,180.0
UNIT_0048,2028-02-18 10:00:00,369.53,3821.7,40.78,10444.0,9075.1,47.76,0,154.0
UNIT_0019,2026-11-14 16:00:00,369.71,3814.94,40.62,10421.0,9040.7,47.76,0,121.0
UNIT_0049,2028-03-13 00:00:00,369.71,3813.35,40.65,10429.4,9047.4,47.76,0,86.0
UNIT_0009,2026-05-27 18:00:00,369.27,3821.97,40.73,10455.4,9058.3,47.76,0,152.0
UNIT_0027,2027-03-27 02:00:00,369.49,3816.8,40.76,10420.6,9074.8,47.76,0,63.0
UNIT_0014,2026-08-17 06:00:00,369.68,3815.42,40.71,10433.4,9061.0,47.76,0,149.0
UNIT_0012,2026-07-26 00:00:00,369.86,3811.22,40.62,10424.2,9046.7,47.76,0,73.0
UNIT_0034,2027-07-16 12:00:00,369.09,3812.39,40.76,10426.0,9085.3,47.76,0,68.0
UNIT_0035,2027-07-29 06:00:00,369.2,3815.49,40.69,10438.8,9054.2,47.76,0,96.0
UNIT_0041,2027-10-24 22:00:00,369.63,3816.59,40.76,10438.6,9077.1,47.76,0,98.0
UNIT_0021,2026-12-17 12:00:00,369.36,3823.28,40.62,10432.6,9052.3,47.76,0,156.0
UNIT_0032,2027-06-15 22:00:00,369.49,3809.49,40.72,10407.8,9066.9,47.76,0,40.0
UNIT_0002,2026-01-20 08:00:00,369.26,3822.04,40.7,10444.4,9053.6,47.76,0,246.0
UNIT_0043,2027-11-20 04:00:00,369.72,3820.32,40.69,10448.0,9055.4,47.76,0,186.0
UNIT_0039,2027-09-23 02:00:00,368.87,3815.22,40.66,10422.6,9042.9,47.76,0,76.0
UNIT_0031,2027-05-30 00:00:00,369.6,3810.6,40.66,10432.6,9063.2,47.76,0,52.0
UNIT_0018,2026-10-27 16:00:00,368.75,3822.8,40.69,10440.2,9061.2,47.76,0,179.0
UNIT_0032,2027-06-09 00:00:00,369.74,3814.39,40.64,10424.6,9055.5,47.76,0,123.0
UNIT_0023,2027-01-22 00:00:00,369.76,3813.63,40.64,10435.0,9057.6,47.76,0,100.0
UNIT_0001,2026-01-11 10:00:00,369.34,3817.77,40.65,10427.0,9049.1,47.76,0,66.0
UNIT_0040,2027-09-29 18:00:00,369.61,3820.39,40.68,10417.8,9053.8,47.76,0,184.0
UNIT_0032,2027-06-04 02:00:00,369.75,3813.63,40.62,10429.8,9044.0,47.76,0,182.0
UNIT_0006,2026-04-19 00:00:00,370.29,3802.18,40.55,10394.2,9033.9,47.77,1,7.0
UNIT_0010,2026-06-14 16:00:00,368.39,3821.77,40.72,10436.2,9054.7,47.76,0,159.0
UNIT_0048,2028-03-01 00:00:00,370.25,3812.8,41.21,10420.6,9171.4,47.76,1,15.0
UNIT_0049,2028-03-09 10:00:00,369.75,3815.63,40.63,10426.0,9046.5,47.76,0,129.0
UNIT_0029,2027-04-25 04:00:00,369.6,3811.97,40.66,10415.0,9062.6,47.76,0,42.0
UNIT_0042,2027-11-11 08:00:00,369.2,3819.63,40.69,10434.6,9061.2,47.76,0,85.0
UNIT_0015,2026-09-15 04:00:00,370.42,3801.08,40.63,10403.8,9047.7,47.76,1,9.0
UNIT_0048,2028-02-13 00:00:00,369.25,3823.28,40.72,10448.0,9059.3,47.76,0,219.0
UNIT_0035,2027-07-28 12:00:00,369.37,3817.21,40.68,10431.0,9064.6,47.76,0,105.0
UNIT_0048,2028-02-15 10:00:00,368.77,3817.01,40.74,10444.6,9069.6,47.76,0,190.0
UNIT_0040,2027-10-02 10:00:00,369.97,3813.08,40.7,10414.4,9051.8,47.76,0,152.0
UNIT_0017,2026-10-06 18:00:00,369.03,3824.87,40.75,10445.0,9062.4,47.76,0,235.0
UNIT_0042,2027-11-13 00:00:00,369.52,3813.63,40.72,10425.2,9062.2,47.76,0,65.0
UNIT_0048,2028-02-25 02:00:00,369.55,3817.08,40.84,10427.8,9084.9,47.76,0,74.0
UNIT_0030,2027-05-05 04:00:00,368.56,3821.77,40.72,10438.0,9069.2,47.76,0,116.0
UNIT_0033,2027-06-27 04:00:00,368.84,3819.35,40.73,10443.0,9070.2,47.76,0,105.0
UNIT_0014,2026-08-22 02:00:00,369.41,3810.66,40.71,10442.2,9066.3,47.76,0,91.0
UNIT_0005,2026-03-18 12:00:00,368.61,3822.94,40.76,10448.2,9073.6,47.76,0,197.0
UNIT_0008,2026-05-18 04:00:00,369.76,3815.49,40.62,10416.8,9041.2,47.76,0,66.0
UNIT_0026,2027-03-03 20:00:00,369.54,3812.18,40.63,10438.6,9047.6,47.76,0,186.0
UNIT_0026,2027-03-04 04:00:00,369.69,3814.53,40.62,10426.8,9041.8,47.76,0,182.0
UNIT_0023,2027-01-21 02:00:00,369.66,3819.01,40.64,10430.0,9044.7,47.76,0,111.0
UNIT_0035,2027-07-22 10:00:00,369.38,3816.25,40.68,10426.0,9052.5,47.76,0,178.0
UNIT_0002,2026-01-31 08:00:00,369.51,3824.11,40.7,10428.0,9058.6,47.76,0,114.0
UNIT_0010,2026-06-27 02:00:00,370.24,3810.73,40.86,10413.2,9101.9,47.76,1,10.0
UNIT_0042,2027-11-11 04:00:00,369.17,3818.73,40.71,10421.2,9059.3,47.76,0,87.0
UNIT_0045,2027-12-28 10:00:00,369.01,3823.63,40.75,10439.2,9068.2,47.76,0,77.0
UNIT_0001,2026-01-05 14:00:00,369.34,3819.56,40.68,10449.6,9042.4,47.76,0,136.0
UNIT_0003,2026-02-23 04:00:00,369.33,3813.91,41.02,10423.2,9131.4,47.76,1,19.0
UNIT_0002,2026-01-26 04:00:00,369.09,3822.59,40.69,10446.4,9062.7,47.76,0,176.0
UNIT_0030,2027-04-30 06:00:00,368.45,3823.14,40.73,10454.6,9058.2,47.76,0,175.0
UNIT_0006,2026-04-17 08:00:00,370.62,3808.32,40.53,10408.4,9030.0,47.76,1,27.0
UNIT_0022,2027-01-05 08:00:00,369.76,3813.7,40.64,10428.8,9046.0,47.76,0,132.0
UNIT_0018,2026-10-31 16:00:00,369.05,3822.11,40.72,10440.8,9061.8,47.76,0,131.0
UNIT_0020,2026-12-12 06:00:00,370.51,3808.18,40.71,10394.8,9071.4,47.76,1,24.0
UNIT_0014,2026-08-28 20:00:00,369.95,3807.49,40.9,10413.4,9107.2,47.76,1,10.0
UNIT_0033,2027-06-26 02:00:00,368.75,3817.28,40.73,10443.2,9061.6,47.76,0,118.0
UNIT_0026,2027-03-13 16:00:00,369.71,3817.28,40.71,10427.6,9064.6,47.76,0,68.0
UNIT_0048,2028-02-24 00:00:00,369.22,3823.49,40.81,10448.0,9084.8,47.76,0,87.0
UNIT_0035,2027-08-02 02:00:00,369.5,3807.63,40.73,10427.4,9070.3,47.76,0,50.0
UNIT_0037,2027-08-27 08:00:00,369.76,3811.7,40.62,10428.8,9043.8,47.76,0,75.0
UNIT_0013,2026-08-05 02:00:00,369.7,3818.32,40.66,10425.6,9063.2,47.76,0,115.0
UNIT_0012,2026-07-19 10:00:00,369.12,3818.39,40.64,10424.0,9044.6,47.76,0,152.0
UNIT_0003,2026-02-13 14:00:00,369.0,3822.66,40.69,10443.4,9056.0,47.76,0,134.0
UNIT_0032,2027-06-16 08:00:00,369.91,3807.91,40.73,10414.8,9064.2,47.76,0,35.0
UNIT_0035,2027-08-05 18:00:00,370.31,3803.98,40.83,10404.4,9096.7,47.76,1,6.0
UNIT_0034,2027-07-11 10:00:00,369.23,3817.42,40.71,10431.8,9062.4,47.76,0,129.0
UNIT_0019,2026-11-22 00:00:00,370.46,3805.42,40.62,10408.0,9046.7,47.76,0,33.0
UNIT_0049,2028-03-13 20:00:00,370.0,3809.63,40.63,10413.0,9049.0,47.76,0,76.0
UNIT_0028,2027-04-11 10:00:00,369.8,3817.28,40.72,10414.2,9070.5,47.76,0,44.0
UNIT_0048,2028-02-20 00:00:00,369.09,3818.66,40.75,10440.6,9069.3,47.76,0,135.0
UNIT_0041,2027-10-26 00:00:00,369.04,3815.77,40.78,10426.2,9076.0,47.76,0,85.0
UNIT_0039,2027-09-23 20:00:00,370.17,3811.97,40.63,10428.0,9038.8,47.76,0,67.0
UNIT_0034,2027-07-19 18:00:00,369.64,3812.94,40.9,10412.4,9114.4,47.76,1,29.0
UNIT_0004,2026-02-25 22:00:00,369.47,3817.28,40.67,10438.2,9045.6,47.76,0,175.0
UNIT_0021,2026-12-16 00:00:00,370.04,3816.18,40.64,10433.8,9050.3,47.76,0,174.0
UNIT_0004,2026-02-25 12:00:00,369.44,3818.18,40.66,10444.6,9051.3,47.76,0,180.0
UNIT_0016,2026-09-30 04:00:00,370.34,3807.01,40.65,10409.2,9061.4,47.76,0,38.0
UNIT_0009,2026-06-07 06:00:00,369.74,3811.35,41.04,10425.6,9137.2,47.76,1,26.0
UNIT_0044,2027-12-08 00:00:00,369.39,3816.32,40.74,10446.4,9072.0,47.76,0,164.0
UNIT_0047,2028-01-28 14:00:00,368.95,3821.97,40.72,10450.0,9066.9,47.76,0,173.0
UNIT_0040,2027-10-03 14:00:00,369.51,3813.28,40.68,10419.2,9059.1,47.76,0,138.0
UNIT_0031,2027-05-18 14:00:00,368.76,3821.08,40.71,10445.0,9058.8,47.76,0,189.0
UNIT_0031,2027-05-23 12:00:00,368.85,3827.42,40.69,10443.6,9060.0,47.76,0,130.0
UNIT_0032,2027-06-04 20:00:00,369.93,3813.84,40.66,10430.8,9046.8,47.76,0,173.0
UNIT_0038,2027-09-05 12:00:00,368.73,3813.84,40.65,10431.6,9044.2,47.76,0,159.0
UNIT_0041,2027-10-15 12:00:00,368.96,3825.42,40.73,10446.4,9063.7,47.76,0,211.0
UNIT_0004,2026-03-05 08:00:00,369.68,3817.08,40.69,10433.8,9056.6,47.76,0,86.0
UNIT_0032,2027-06-06 04:00:00,369.63,3814.73,40.64,10422.6,9048.1,47.76,0,157.0
UNIT_0009,2026-06-08 20:00:00,369.98,3808.39,41.29,10421.4,9207.4,47.76,1,7.0
UNIT_0019,2026-11-15 04:00:00,369.57,3814.94,40.65,10428.8,9042.0,47.76,0,115.0
UNIT_0032,2027-06-07 10:00:00,369.96,3812.11,40.66,10424.0,9053.1,47.76,0,142.0
UNIT_0021,2026-12-25 08:00:00,369.41,3822.25,40.74,10438.6,9066.5,47.76,0,62.0
UNIT_0028,2027-04-10 02:00:00,369.06,3816.53,40.74,10433.6,9067.7,47.76,0,60.0
UNIT_0041,2027-10-24 18:00:00,369.04,3824.52,40.77,10433.6,9064.4,47.76,0,100.0
UNIT_0020,2026-12-14 00:00:00,370.74,3797.91,40.73,10394.8,9075.5,47.76,1,3.0
UNIT_0030,2027-05-13 14:00:00,370.6,3811.77,40.65,10414.4,9061.9,47.76,1,15.0
UNIT_0017,2026-10-26 06:00:00,370.85,3801.77,41.15,10385.2,9178.3,47.76,1,1.0
UNIT_0014,2026-08-25 00:00:00,370.36,3811.08,40.76,10420.2,9068.0,47.76,0,56.0
UNIT_0027,2027-03-31 02:00:00,370.62,3805.77,40.94,10413.8,9112.4,47.76,1,15.0
UNIT_0017,2026-10-17 08:00:00,368.83,3815.9,40.78,10442.6,9071.8,47.76,0,108.0
UNIT_0032,2027-06-12 06:00:00,369.44,3810.04,40.69,10419.2,9054.7,47.76,0,84.0
UNIT_0001,2026-01-12 10:00:00,369.64,3812.18,40.65,10431.4,9049.6,47.76,0,54.0
UNIT_0036,2027-08-10 22:00:00,369.72,3814.94,40.71,10425.4,9056.5,47.76,0,102.0
UNIT_0025,2027-02-12 16:00:00,369.48,3819.01,40.65,10430.6,9049.4,47.76,0,217.0
UNIT_0011,2026-07-01 16:00:00,368.98,3822.52,40.68,10445.8,9050.6,47.76,0,195.0
UNIT_0040,2027-10-07 04:00:00,370.23,3813.77,40.7,10426.4,9068.1,47.76,0,95.0
UNIT_0016,2026-09-22 18:00:00,369.78,3810.66,40.68,10426.2,9068.2,47.76,0,127.0
UNIT_0024,2027-02-09 12:00:00,369.73,3814.53,40.69,10411.4,9056.2,47.76,1,25.0
UNIT_0023,2027-01-22 10:00:00,369.11,3810.39,40.65,10430.2,9053.9,47.76,0,95.0
UNIT_0026,2027-03-03 06:00:00,369.01,3815.63,40.63,10429.8,9059.7,47.76,0,193.0
UNIT_0040,2027-09-30 08:00:00,369.21,3817.15,40.7,10429.8,9060.9,47.76,0,177.0
UNIT_0021,2026-12-22 02:00:00,369.54,3819.01,40.66,10439.4,9055.8,47.76,0,101.0
UNIT_0007,2026-04-21 22:00:00,369.53,3817.28,40.74,10433.0,9071.8,47.76,0,231.0
UNIT_0036,2027-08-07 12:00:00,368.97,3815.63,40.68,10436.4,9056.8,47.76,0,143.0
UNIT_0035,2027-08-02 10:00:00,370.14,3814.66,40.72,10419.8,9070.5,47.76,0,46.0
UNIT_0041,2027-10-31 02:00:00,370.14,3810.39,40.94,10411.2,9120.1,47.76,1,24.0
UNIT_0032,2027-06-05 02:00:00,370.2,3811.08,40.64,10430.2,9052.7,47.76,0,170.0
UNIT_0051,2028-04-12 06:00:00,368.91,3823.63,40.75,10445.6,9065.6,47.76,0,134.0
UNIT_0035,2027-07-28 10:00:00,369.17,3816.46,40.72,10435.4,9054.2,47.76,0,106.0
UNIT_0022,2027-01-13 12:00:00,370.5,3805.29,40.65,10409.0,9048.0,47.77,0,34.0
UNIT_0023,2027-01-25 10:00:00,369.96,3815.84,40.65,10432.0,9057.6,47.76,0,59.0
UNIT_0036,2027-08-07 00:00:00,369.86,3819.15,40.68,10436.4,9061.7,47.76,0,149.0
UNIT_0006,2026-04-15 08:00:00,369.96,3812.32,40.61,10407.0,9036.3,47.76,0,51.0
UNIT_0017,2026-10-09 04:00:00,368.94,3821.9,40.75,10434.6,9060.0,47.76,0,206.0
UNIT_0014,2026-08-23 12:00:00,369.84,3809.7,40.74,10425.8,9070.6,47.76,0,74.0
UNIT_0023,2027-01-29 06:00:00,369.88,3806.94,40.65,10410.0,9052.5,47.76,1,13.0
UNIT_0033,2027-06-30 08:00:00,369.75,3822.87,40.71,10437.6,9062.3,47.76,0,67.0
UNIT_0024,2027-02-09 20:00:00,369.76,3812.11,40.68,10409.4,9056.5,47.76,1,21.0
UNIT_0041,2027-10-21 10:00:00,369.45,3826.11,40.77,10439.6,9067.6,47.76,0,140.0
UNIT_0044,2027-12-17 00:00:00,369.61,3814.73,40.74,10432.8,9071.0,47.76,0,56.0
UNIT_0043,2027-12-04 06:00:00,369.76,3804.67,40.63,10398.8,9048.3,47.76,1,17.0
UNIT_0005,2026-03-31 18:00:00,369.58,3811.35,40.91,10423.6,9097.5,47.76,0,38.0
UNIT_0022,2026-12-30 14:00:00,369.53,3813.08,40.64,10421.4,9048.2,47.76,0,201.0
UNIT_0004,2026-03-06 04:00:00,369.26,3810.8,40.74,10436.0,9062.6,47.76,0,76.0
UNIT_0046,2028-01-09 18:00:00,369.07,3825.97,40.71,10441.6,9057.9,47.76,0,185.0
UNIT_0002,2026-01-21 18:00:00,369.15,3822.87,40.67,10444.8,9047.8,47.76,0,229.0
UNIT_0037,2027-08-27 06:00:00,369.51,3810.11,40.6,10407.6,9040.8,47.76,0,76.0
UNIT_0017,2026-10-12 22:00:00,369.22,3820.11,40.75,10439.0,9068.4,47.76,0,161.0
UNIT_0025,2027-02-19 16:00:00,369.19,3817.01,40.64,10427.4,9051.2,47.76,0,133.0
UNIT_0022,2027-01-14 16:00:00,370.25,3806.05,40.66,10401.6,9048.3,47.76,1,20.0
UNIT_0028,2027-04-09 18:00:00,369.28,3812.53,40.74,10450.2,9063.0,47.76,0,64.0
UNIT_0041,2027-10-24 14:00:00,369.29,3817.08,40.75,10450.4,9071.5,47.76,0,102.0
UNIT_0004,2026-03-01 16:00:00,369.17,3824.87,40.67,10447.0,9048.5,47.76,0,130.0
UNIT_0049,2028-03-15 08:00:00,369.34,3806.8,40.65,10420.0,9054.7,47.76,0,58.0
UNIT_0010,2026-06-20 16:00:00,369.95,3820.32,40.73,10434.4,9062.0,47.76,0,87.0
UNIT_0031,2027-05-15 18:00:00,369.02,3822.66,40.7,10444.8,9055.1,47.76,0,223.0
UNIT_0033,2027-07-05 00:00:00,369.89,3797.29,40.64,10413.2,9052.3,47.76,1,11.0
UNIT_0037,2027-08-27 18:00:00,369.1,3813.35,40.62,10426.8,9038.8,47.76,0,70.0
UNIT_0021,2026-12-15 04:00:00,369.36,3822.25,40.64,10443.4,9042.5,47.76,0,184.0
UNIT_0024,2027-02-05 18:00:00,369.46,3815.9,40.72,10428.8,9065.3,47.76,0,70.0
UNIT_0048,2028-03-01 04:00:00,370.18,3814.04,41.22,10417.6,9182.9,47.76,1,13.0
UNIT_0036,2027-08-19 00:00:00,370.48,3804.11,40.65,10399.6,9057.1,47.76,1,5.0
UNIT_0037,2027-08-23 04:00:00,369.4,3818.87,40.63,10437.0,9046.3,47.76,0,125.0
UNIT_0007,2026-05-02 16:00:00,369.15,3815.97,40.74,10426.0,9071.3,47.76,0,102.0
UNIT_0031,2027-05-15 02:00:00,369.34,3821.28,40.7,10453.6,9055.3,47.76,0,231.0
UNIT_0010,2026-06-16 16:00:00,369.22,3822.94,40.7,10439.4,9057.1,47.76,0,135.0
UNIT_0042,2027-11-13 06:00:00,369.33,3820.59,40.71,10423.0,9058.9,47.76,0,62.0
UNIT_0002,2026-02-03 16:00:00,369.24,3819.97,40.72,10433.0,9066.1,47.76,0,74.0
UNIT_0002,2026-02-02 00:00:00,368.98,3816.53,40.72,10423.2,9063.6,47.76,0,94.0
UNIT_0048,2028-02-27 08:00:00,369.37,3810.32,40.97,10432.0,9115.5,47.76,0,47.0
UNIT_0048,2028-03-01 14:00:00,370.44,3807.63,41.31,10417.6,9194.8,47.76,1,8.0
UNIT_0008,2026-05-17 02:00:00,369.12,3812.94,40.61,10432.8,9040.0,47.76,0,79.0
UNIT_0050,2028-04-01 02:00:00,369.11,3810.87,40.78,10428.4,9084.3,47.76,0,55.0
UNIT_0024,2027-02-03 16:00:00,369.47,3818.73,40.68,10441.8,9066.7,47.76,0,95.0
UNIT_0048,2028-02-28 00:00:00,369.86,3812.73,41.0,10432.6,9128.4,47.76,0,39.0
UNIT_0035,2027-08-04 20:00:00,370.09,3809.22,40.77,10396.8,9084.7,47.76,1,17.0
UNIT_0019,2026-11-24 02:00:00,370.36,3801.63,40.6,10395.8,9042.3,47.77,1,8.0
UNIT_0020,2026-12-13 12:00:00,370.74,3795.08,40.74,10398.4,9076.8,47.76,1,9.0
UNIT_0038,2027-09-13 18:00:00,369.93,3813.22,40.73,10420.6,9073.5,47.76,0,60.0
UNIT_0043,2027-12-03 06:00:00,369.63,3809.08,40.63,10409.6,9043.3,47.76,1,29.0
UNIT_0011,2026-07-02 18:00:00,368.64,3823.9,40.7,10443.8,9051.4,47.76,0,182.0
UNIT_0005,2026-03-26 14:00:00,369.46,3819.28,40.79,10429.4,9087.4,47.76,0,100.0
UNIT_0026,2027-03-04 00:00:00,368.92,3814.59,40.65,10429.4,9045.8,47.76,0,184.0
UNIT_0038,2027-09-11 04:00:00,369.56,3812.53,40.67,10427.2,9051.4,47.76,0,91.0
UNIT_0038,2027-09-10 10:00:00,369.62,3814.59,40.67,10428.6,9058.6,47.76,0,100.0
UNIT_0046,2028-01-20 02:00:00,369.8,3813.49,40.71,10428.8,9060.6,47.76,0,61.0
UNIT_0014,2026-08-28 06:00:00,369.93,3805.29,40.9,10412.0,9110.2,47.76,1,17.0
UNIT_0001,2026-01-01 18:00:00,368.56,3816.87,40.65,10435.8,9051.7,47.76,0,182.0
UNIT_0009,2026-06-03 04:00:00,369.53,3819.01,40.82,10433.2,9080.8,47.76,0,75.0
UNIT_0024,2027-02-05 08:00:00,369.3,3816.8,40.71,10441.2,9056.0,47.76,0,75.0
UNIT_0002,2026-01-22 06:00:00,368.51,3826.11,40.68,10443.6,9048.4,47.76,0,223.0
UNIT_0036,2027-08-09 12:00:00,369.11,3811.35,40.68,10427.8,9060.8,47.76,0,119.0
UNIT_0029,2027-04-22 02:00:00,370.0,3813.08,40.7,10428.0,9057.0,47.76,0,79.0
UNIT_0017,2026-10-05 00:00:00,368.84,3824.59,40.69,10443.4,9061.5,47.76,0,256.0
UNIT_0040,2027-10-05 20:00:00,369.09,3815.63,40.69,10420.6,9066.0,47.76,0,111.0
UNIT_0008,2026-05-12 18:00:00,369.17,3817.97,40.62,10420.0,9037.8,47.76,0,131.0
UNIT_0005,2026-03-19 00:00:00,369.0,3821.56,40.76,10435.4,9064.1,47.76,0,191.0
UNIT_0014,2026-08-20 14:00:00,369.58,3813.97,40.69,10424.4,9059.9,47.76,0,109.0
UNIT_0041,2027-10-20 14:00:00,368.97,3825.7,40.73,10439.4,9076.3,47.76,0,150.0
UNIT_0031,2027-05-27 00:00:00,369.42,3823.63,40.7,10429.0,9058.7,47.76,0,88.0
UNIT_0027,2027-03-20 08:00:00,369.33,3815.15,40.69,10441.0,9065.1,47.76,0,144.0
UNIT_0037,2027-09-02 08:00:00,370.67,3805.22,40.6,10394.0,9042.5,47.77,1,3.0
UNIT_0036,2027-08-15 20:00:00,369.66,3808.67,40.68,10423.4,9060.6,47.76,0,43.0
UNIT_0031,2027-05-19 12:00:00,369.17,3824.32,40.7,10455.6,9055.5,47.76,0,178.0
UNIT_0018,2026-11-11 14:00:00,370.78,3801.98,41.41,10388.8,9224.5,47.77,1,0.0
UNIT_0024,2027-02-07 22:00:00,369.63,3810.11,40.71,10422.8,9061.2,47.76,0,44.0
UNIT_0025,2027-02-18 16:00:00,369.21,3815.9,40.67,10423.2,9055.7,47.76,0,145.0
UNIT_0003,2026-02-14 22:00:00,369.35,3819.77,40.69,10436.0,9063.6,47.76,0,118.0
UNIT_0038,2027-09-16 14:00:00,369.89,3807.63,40.87,10413.6,9100.6,47.76,1,26.0
UNIT_0014,2026-08-17 18:00:00,369.51,3819.42,40.69,10428.4,9059.4,47.76,0,143.0
UNIT_0018,2026-11-06 22:00:00,369.29,3813.01,40.82,10440.6,9092.4,47.76,0,56.0
UNIT_0035,2027-07-23 06:00:00,369.3,3819.49,40.66,10435.2,9056.2,47.76,0,168.0
UNIT_0048,2028-02-18 02:00:00,369.12,3822.11,40.76,10456.0,9064.3,47.76,0,158.0
UNIT_0022,2027-01-08 08:00:00,369.6,3811.49,40.62,10419.0,9044.7,47.76,0,96.0
UNIT_0004,2026-02-25 14:00:00,369.63,3816.53,40.66,10430.8,9050.5,47.76,0,179.0
UNIT_0039,2027-09-24 06:00:00,369.26,3806.25,40.62,10417.2,9044.9,47.76,0,62.0
UNIT_0044,2027-12-14 10:00:00,369.53,3817.28,40.72,10434.6,9069.7,47.76,0,87.0
UNIT_0025,2027-02-26 22:00:00,370.41,3809.42,40.78,10413.6,9078.4,47.76,0,46.0
UNIT_0007,2026-04-23 18:00:00,369.26,3817.49,40.75,10448.6,9073.1,47.76,0,209.0
UNIT_0036,2027-08-16 20:00:00,369.73,3807.7,40.65,10412.6,9057.5,47.76,0,31.0
UNIT_0050,2028-03-25 10:00:00,368.99,3815.35,40.73,10424.6,9067.7,47.76,0,135.0
UNIT_0045,2027-12-23 20:00:00,368.42,3824.18,40.76,10445.8,9076.0,47.76,0,132.0
UNIT_0013,2026-08-14 06:00:00,370.02,3807.98,41.04,10414.8,9131.0,47.76,1,5.0
UNIT_0017,2026-10-05 12:00:00,368.94,3821.14,40.73,10445.8,9062.8,47.76,0,250.0
UNIT_0042,2027-11-03 02:00:00,369.72,3817.84,40.69,10437.2,9055.4,47.76,0,184.0
UNIT_0018,2026-10-26 16:00:00,369.13,3816.66,40.7,10432.6,9051.6,47.76,0,191.0
UNIT_0048,2028-02-26 18:00:00,369.44,3815.97,40.92,10435.4,9105.6,47.76,0,54.0
UNIT_0029,2027-04-16 10:00:00,369.16,3823.35,40.72,10440.2,9057.4,47.76,0,147.0
UNIT_0017,2026-10-09 08:00:00,368.74,3815.08,40.72,10448.8,9061.4,47.76,0,204.0
UNIT_0006,2026-04-15 16:00:00,369.73,3810.11,40.58,10413.0,9040.2,47.76,0,47.0
UNIT_0031,2027-05-31 20:00:00,369.52,3807.42,40.66,10415.8,9049.6,47.76,1,30.0
UNIT_0027,2027-03-22 16:00:00,369.27,3821.9,40.75,10431.4,9064.7,47.76,0,116.0
UNIT_0021,2026-12-14 22:00:00,369.29,3816.11,40.65,10439.2,9050.9,47.76,0,187.0
UNIT_0025,2027-02-14 04:00:00,369.51,3812.32,40.65,10437.4,9050.6,47.76,0,199.0
UNIT_0009,2026-06-04 08:00:00,369.75,3818.46,40.85,10438.4,9092.0,47.76,0,61.0
UNIT_0032,2027-06-11 08:00:00,369.92,3814.66,40.69,10417.6,9056.9,47.76,0,95.0
UNIT_0050,2028-04-01 04:00:00,369.02,3813.91,40.79,10417.8,9082.8,47.76,0,54.0
UNIT_0010,2026-06-25 10:00:00,369.39,3812.04,40.85,10415.4,9089.0,47.76,1,30.0
UNIT_0001,2026-01-12 02:00:00,369.7,3814.18,40.66,10430.4,9046.2,47.76,0,58.0
UNIT_0025,2027-02-24 02:00:00,369.65,3814.53,40.73,10411.0,9061.6,47.76,0,80.0
UNIT_0005,2026-03-19 08:00:00,369.35,3829.9,40.77,10452.8,9063.8,47.76,0,187.0
UNIT_0004,2026-03-10 14:00:00,369.68,3807.42,40.98,10410.8,9127.2,47.76,1,23.0
UNIT_0039,2027-09-24 08:00:00,369.75,3812.8,40.61,10419.8,9043.4,47.76,0,61.0
UNIT_0007,2026-05-08 14:00:00,370.44,3805.98,40.76,10408.8,9068.8,47.76,0,31.0
UNIT_0006,2026-04-12 04:00:00,370.01,3810.6,40.62,10430.2,9043.4,47.76,0,89.0
UNIT_0003,2026-02-12 00:00:00,368.46,3819.01,40.7,10438.6,9047.8,47.76,0,153.0
UNIT_0033,2027-06-29 04:00:00,369.08,3817.21,40.69,10439.2,9059.7,47.76,0,81.0
UNIT_0015,2026-09-14 00:00:00,370.03,3808.39,40.64,10426.0,9051.4,47.76,1,23.0
UNIT_0047,2028-01-28 04:00:00,369.04,3823.28,40.71,10452.4,9061.2,47.76,0,178.0
UNIT_0045,2027-12-22 14:00:00,368.89,3826.11,40.76,10434.2,9064.1,47.76,0,147.0
UNIT_0034,2027-07-06 14:00:00,369.26,3818.04,40.67,10432.6,9053.3,47.76,0,187.0
UNIT_0048,2028-02-12 18:00:00,368.89,3824.25,40.72,10442.6,9068.6,47.76,0,222.0
UNIT_0018,2026-11-06 02:00:00,369.22,3816.39,40.79,10438.8,9089.6,47.76,0,66.0
UNIT_0024,2027-02-09 02:00:00,369.39,3813.49,40.68,10429.0,9058.3,47.76,1,30.0
UNIT_0024,2027-01-31 16:00:00,369.04,3822.32,40.69,10432.4,9063.7,47.76,0,131.0
UNIT_0021,2026-12-22 16:00:00,368.89,3811.56,40.68,10430.0,9061.9,47.76,0,94.0
UNIT_0050,2028-04-03 04:00:00,370.32,3814.18,40.85,10415.0,9099.1,47.76,1,30.0
UNIT_0046,2028-01-13 02:00:00,368.71,3825.56,40.72,10443.4,9055.2,47.76,0,145.0
UNIT_0021,2026-12-15 20:00:00,368.8,3820.59,40.61,10438.0,9042.0,47.76,0,176.0
UNIT_0026,2027-03-18 18:00:00,370.55,3805.15,40.99,10406.8,9143.8,47.76,1,7.0
UNIT_0015,2026-09-01 14:00:00,369.26,3823.97,40.71,10444.8,9061.9,47.76,0,172.0
UNIT_0033,2027-07-04 00:00:00,369.21,3809.7,40.69,10420.8,9055.2,47.76,1,23.0
UNIT_0009,2026-05-31 20:00:00,369.6,3819.56,40.78,10441.0,9069.2,47.76,0,103.0
UNIT_0017,2026-10-18 12:00:00,369.48,3819.7,40.8,10446.4,9088.3,47.76,0,94.0
UNIT_0038,2027-09-11 06:00:00,370.02,3816.46,40.67,10427.8,9051.4,47.76,0,90.0
UNIT_0016,2026-09-19 18:00:00,369.87,3811.91,40.69,10433.0,9058.0,47.76,0,163.0
UNIT_0048,2028-02-18 22:00:00,369.43,3825.42,40.75,10443.4,9070.5,47.76,0,148.0
UNIT_0007,2026-04-21 08:00:00,368.62,3824.45,40.74,10435.6,9071.7,47.76,0,238.0
UNIT_0021,2026-12-26 08:00:00,369.62,3808.53,40.79,10421.4,9080.9,47.76,0,50.0
UNIT_0038,2027-09-17 12:00:00,370.4,3808.18,40.95,10413.2,9114.9,47.76,1,15.0
UNIT_0045,2027-12-27 04:00:00,368.81,3820.52,40.79,10430.2,9078.2,47.76,0,92.0
UNIT_0045,2027-12-26 06:00:00,368.69,3821.42,40.76,10453.2,9077.0,47.76,0,103.0
UNIT_0049,2028-03-02 22:00:00,369.69,3815.49,40.61,10424.8,9052.5,47.76,0,207.0
UNIT_0028,2027-04-07 18:00:00,368.96,3822.52,40.74,10447.2,9068.2,47.76,0,88.0
UNIT_0031,2027-05-30 08:00:00,370.09,3813.63,40.66,10427.2,9064.3,47.76,0,48.0
UNIT_0007,2026-05-09 08:00:00,370.3,3803.08,40.71,10412.0,9076.5,47.76,1,22.0
UNIT_0048,2028-02-24 02:00:00,369.6,3817.56,40.82,10442.0,9085.2,47.76,0,86.0
UNIT_0013,2026-08-12 10:00:00,370.09,3810.11,40.86,10416.4,9096.3,47.76,1,27.0
UNIT_0050,2028-04-03 12:00:00,369.93,3813.35,40.85,10419.2,9099.3,47.76,1,26.0
UNIT_0032,2027-06-11 02:00:00,370.24,3810.94,40.65,10425.0,9066.2,47.76,0,98.0
UNIT_0006,2026-04-10 06:00:00,369.13,3807.56,40.64,10440.6,9036.6,47.76,0,112.0
UNIT_0026,2027-03-18 02:00:00,369.99,3802.94,40.93,10405.0,9124.8,47.76,1,15.0
UNIT_0007,2026-05-09 12:00:00,369.98,3809.77,40.77,10392.2,9073.5,47.76,1,20.0
UNIT_0036,2027-08-12 00:00:00,369.71,3813.91,40.68,10424.0,9057.4,47.76,0,89.0
UNIT_0012,2026-07-31 14:00:00,369.8,3802.8,40.63,10392.2,9058.4,47.77,1,6.0
UNIT_0005,2026-03-21 10:00:00,368.97,3820.94,40.75,10429.4,9075.8,47.76,0,162.0
UNIT_0037,2027-08-27 10:00:00,369.49,3816.87,40.61,10435.0,9048.8,47.76,0,74.0
UNIT_0034,2027-07-15 22:00:00,369.75,3818.18,40.78,10421.8,9073.6,47.76,0,75.0
UNIT_0024,2027-02-08 20:00:00,369.99,3812.25,40.66,10426.8,9054.8,47.76,0,33.0
UNIT_0034,2027-07-21 18:00:00,370.14,3803.08,41.08,10395.8,9157.5,47.76,1,5.0
UNIT_0041,2027-10-30 12:00:00,369.65,3810.18,40.87,10413.0,9099.0,47.76,0,31.0
UNIT_0021,2026-12-27 20:00:00,370.15,3812.46,40.84,10419.0,9092.1,47.76,0,32.0
UNIT_0046,2028-01-14 16:00:00,368.97,3817.28,40.69,10438.2,9059.1,47.76,0,126.0
UNIT_0027,2027-03-21 12:00:00,369.46,3820.32,40.72,10440.8,9063.4,47.76,0,130.0
UNIT_0038,2027-09-03 20:00:00,369.29,3816.53,40.66,10438.4,9049.6,47.76,0,179.0
UNIT_0048,2028-02-19 00:00:00,369.01,3822.18,40.76,10449.6,9072.7,47.76,0,147.0
UNIT_0023,2027-01-30 02:00:00,370.56,3801.84,40.64,10410.6,9058.0,47.77,1,3.0
UNIT_0033,2027-06-30 02:00:00,368.93,3822.32,40.72,10443.8,9065.6,47.76,0,70.0
UNIT_0026,2027-03-19 02:00:00,370.42,3806.05,41.08,10405.6,9158.8,47.76,1,3.0
UNIT_0026,2027-03-07 02:00:00,369.82,3811.97,40.65,10424.6,9050.8,47.76,0,147.0
UNIT_0041,2027-10-18 00:00:00,369.19,3818.52,40.74,10452.2,9063.4,47.76,0,181.0
UNIT_0011,2026-06-29 16:00:00,369.29,3823.21,40.68,10450.8,9049.8,47.76,0,219.0
UNIT_0005,2026-03-30 12:00:00,369.18,3814.53,40.86,10417.6,9099.2,47.76,0,53.0
UNIT_0006,2026-04-08 06:00:00,369.66,3816.8,40.62,10426.4,9036.5,47.76,0,136.0
UNIT_0018,2026-10-31 00:00:00,368.86,3822.32,40.72,10441.0,9056.4,47.76,0,139.0
UNIT_0040,2027-09-30 14:00:00,369.03,3817.84,40.67,10427.8,9059.3,47.76,0,174.0
UNIT_0028,2027-04-11 16:00:00,369.66,3818.94,40.74,10433.8,9065.6,47.76,0,41.0
UNIT_0037,2027-08-23 08:00:00,369.35,3817.7,40.62,10436.2,9036.1,47.76,0,123.0
UNIT_0022,2027-01-10 06:00:00,369.78,3806.94,40.59,10419.8,9047.0,47.76,0,73.0
UNIT_0037,2027-08-29 12:00:00,370.04,3815.49,40.6,10419.8,9040.4,47.76,0,49.0
UNIT_0025,2027-02-20 00:00:00,369.12,3815.7,40.64,10426.4,9047.5,47.76,0,129.0
UNIT_0043,2027-11-26 14:00:00,369.06,3819.08,40.68,10445.2,9052.4,47.76,0,109.0
UNIT_0051,2028-04-09 08:00:00,369.2,3820.32,40.76,10447.6,9073.4,47.76,0,169.0
UNIT_0025,2027-02-17 04:00:00,369.75,3811.91,40.66,10428.6,9047.5,47.76,0,163.0
UNIT_0014,2026-08-20 20:00:00,369.31,3817.35,40.73,10425.6,9059.7,47.76,0,106.0
UNIT_0004,2026-03-01 18:00:00,369.16,3816.18,40.65,10438.8,9050.2,47.76,0,129.0
UNIT_0012,2026-07-28 12:00:00,370.26,3810.18,40.64,10404.2,9052.0,47.76,0,43.0
UNIT_0021,2026-12-30 08:00:00,370.87,3807.7,41.1,10396.6,9155.9,47.76,1,2.0
UNIT_0021,2026-12-14 14:00:00,369.35,3814.87,40.63,10436.2,9052.2,47.76,0,191.0
UNIT_0042,2027-11-05 12:00:00,369.13,3822.94,40.71,10453.0,9057.5,47.76,0,155.0
UNIT_0050,2028-03-24 08:00:00,369.02,3820.87,40.74,10433.8,9061.9,47.76,0,148.0
UNIT_0002,2026-02-02 22:00:00,369.31,3819.28,40.73,10426.6,9064.9,47.76,0,83.0
UNIT_0037,2027-08-22 20:00:00,369.3,3812.18,40.65,10431.2,9047.4,47.76,0,129.0
UNIT_0050,2028-03-29 12:00:00,369.55,3817.28,40.74,10428.0,9067.7,47.76,0,86.0
UNIT_0022,2027-01-10 08:00:00,370.33,3811.56,40.62,10413.6,9038.5,47.76,0,72.0
UNIT_0007,2026-04-24 18:00:00,369.0,3818.39,40.72,10454.8,9073.2,47.76,0,197.0
UNIT_0049,2028-03-04 20:00:00,369.36,3815.97,40.62,10421.2,9041.3,47.76,0,184.0
UNIT_0045,2028-01-03 06:00:00,370.24,3804.05,40.8,10397.2,9085.0,47.76,1,7.0
UNIT_0030,2027-05-09 02:00:00,369.38,3822.32,40.73,10432.2,9065.8,47.76,0,69.0
UNIT_0025,2027-02-19 00:00:00,369.47,3816.04,40.64,10426.8,9046.6,47.76,0,141.0
UNIT_0015,2026-08-31 20:00:00,369.02,3824.52,40.71,10452.4,9058.2,47.76,0,181.0
UNIT_0029,2027-04-16 08:00:00,369.27,3820.11,40.71,10444.6,9052.7,47.76,0,148.0
UNIT_0018,2026-11-10 20:00:00,370.7,3809.91,41.23,10406.6,9191.4,47.76,1,9.0
UNIT_0017,2026-10-14 16:00:00,369.45,3822.39,40.72,10444.4,9070.8,47.76,0,140.0
UNIT_0038,2027-09-06 02:00:00,369.51,3818.46,40.65,10437.8,9054.4,47.76,0,152.0
UNIT_0034,2027-07-22 04:00:00,370.79,3802.18,41.15,10400.2,9162.6,47.76,1,0.0
UNIT_0011,2026-06-28 14:00:00,369.06,3822.87,40.7,10453.4,9051.0,47.76,0,232.0
UNIT_0025,2027-03-02 08:00:00,370.6,3809.49,41.04,10405.4,9145.4,47.76,1,5.0
UNIT_0025,2027-02-27 18:00:00,369.19,3807.08,40.83,10415.2,9088.0,47.76,0,36.0
UNIT_0008,2026-05-11 22:00:00,369.86,3810.11,40.58,10423.4,9037.1,47.76,0,141.0
UNIT_0020,2026-12-06 22:00:00,369.9,3814.46,40.68,10422.6,9055.7,47.76,0,88.0
UNIT_0006,2026-04-04 12:00:00,369.29,3814.73,40.61,10427.6,9049.2,47.76,0,181.0
UNIT_0014,2026-08-21 04:00:00,369.79,3813.15,40.72,10428.8,9062.5,47.76,0,102.0
UNIT_0015,2026-09-05 06:00:00,368.67,3821.49,40.72,10435.0,9055.7,47.76,0,128.0
UNIT_0012,2026-07-28 16:00:00,370.01,3808.6,40.66,10415.2,9048.3,47.76,0,41.0
UNIT_0031,2027-05-15 00:00:00,369.34,3820.73,40.7,10449.2,9059.3,47.76,0,232.0
UNIT_0046,2028-01-09 22:00:00,369.52,3825.35,40.72,10446.0,9066.0,47.76,0,183.0
UNIT_0037,2027-08-21 00:00:00,369.49,3819.42,40.65,10435.0,9048.6,47.76,0,151.0
UNIT_0004,2026-03-02 16:00:00,369.48,3821.28,40.68,10434.2,9053.9,47.76,0,118.0
UNIT_0039,2027-09-25 06:00:00,369.74,3808.18,40.63,10417.6,9042.0,47.76,0,50.0
UNIT_0039,2027-09-21 14:00:00,369.48,3816.25,40.65,10423.8,9043.2,47.76,0,94.0
UNIT_0002,2026-02-04 08:00:00,369.94,3818.11,40.73,10429.2,9072.4,47.76,0,66.0
UNIT_0029,2027-04-24 18:00:00,369.62,3817.97,40.65,10419.2,9054.3,47.76,0,47.0
UNIT_0040,2027-10-02 00:00:00,369.52,3816.53,40.68,10435.2,9062.1,47.76,0,157.0
UNIT_0004,2026-03-10 18:00:00,369.71,3809.91,40.97,10422.6,9124.8,47.76,1,21.0
UNIT_0016,2026-09-30 06:00:00,370.08,3807.84,40.68,10419.2,9062.8,47.76,0,37.0
UNIT_0020,2026-11-28 04:00:00,369.54,3821.35,40.67,10427.6,9053.8,47.76,0,193.0
UNIT_0046,2028-01-05 00:00:00,369.29,3818.18,40.69,10462.2,9063.3,47.76,0,242.0
UNIT_0043,2027-11-24 04:00:00,369.43,3824.18,40.67,10443.8,9051.3,47.76,0,138.0
UNIT_0002,2026-02-04 18:00:00,370.08,3815.9,40.72,10431.8,9063.5,47.76,0,61.0
UNIT_0034,2027-07-17 08:00:00,369.44,3814.11,40.79,10416.8,9078.3,47.76,0,58.0
UNIT_0046,2028-01-18 06:00:00,369.3,3818.25,40.71,10432.0,9057.5,47.76,0,83.0
UNIT_0010,2026-06-23 12:00:00,369.39,3819.21,40.75,10420.6,9078.5,47.76,0,53.0
UNIT_0046,2028-01-16 10:00:00,369.44,3820.66,40.71,10426.4,9056.4,47.76,0,105.0
UNIT_0017,2026-10-09 02:00:00,369.13,3822.18,40.74,10448.4,9063.1,47.76,0,207.0
UNIT_0029,2027-04-23 04:00:00,369.39,3810.39,40.69,10425.2,9051.7,47.76,0,66.0
UNIT_0020,2026-12-09 06:00:00,369.72,3812.46,40.72,10408.2,9064.5,47.76,0,60.0
UNIT_0022,2027-01-01 00:00:00,369.49,3811.35,40.62,10430.0,9042.9,47.76,0,184.0
UNIT_0040,2027-10-06 14:00:00,370.14,3817.77,40.67,10416.2,9062.9,47.76,0,102.0
UNIT_0005,2026-03-30 20:00:00,369.48,3816.11,40.87,10433.6,9102.1,47.76,0,49.0
UNIT_0019,2026-11-23 02:00:00,369.96,3807.29,40.59,10402.2,9041.6,47.76,1,20.0
UNIT_0028,2027-04-07 08:00:00,368.79,3816.39,40.73,10454.0,9058.0,47.76,0,93.0
UNIT_0041,2027-10-29 20:00:00,369.99,3815.42,40.85,10412.0,9095.0,47.76,0,39.0
UNIT_0027,2027-03-25 22:00:00,369.55,3818.8,40.71,10425.8,9071.9,47.76,0,77.0
UNIT_0029,2027-04-23 16:00:00,369.17,3813.08,40.68,10435.4,9058.5,47.76,0,60.0
UNIT_0014,2026-08-17 04:00:00,369.96,3814.87,40.7,10441.0,9057.5,47.76,0,150.0
UNIT_0025,2027-02-26 00:00:00,369.15,3816.04,40.73,10416.0,9074.8,47.76,0,57.0
UNIT_0020,2026-11-30 08:00:00,369.35,3813.97,40.74,10430.8,9062.6,47.76,0,167.0
UNIT_0012,2026-07-22 06:00:00,369.45,3818.66,40.61,10425.2,9045.8,47.76,0,118.0
UNIT_0035,2027-07-24 10:00:00,369.69,3820.32,40.68,10425.4,9059.4,47.76,0,154.0
UNIT_0008,2026-05-21 14:00:00,370.69,3807.56,40.61,10413.6,9053.8,47.76,1,25.0
UNIT_0005,2026-03-12 22:00:00,368.88,3823.76,40.74,10452.0,9069.2,47.76,0,264.0
UNIT_0032,2027-06-10 06:00:00,370.12,3813.01,40.66,10432.2,9055.8,47.76,0,108.0
UNIT_0047,2028-01-28 06:00:00,369.28,3824.32,40.74,10451.2,9063.3,47.76,0,177.0
UNIT_0030,2027-05-05 20:00:00,369.29,3825.63,40.73,10448.4,9064.1,47.76,0,108.0
UNIT_0044,2027-12-12 14:00:00,368.87,3818.39,40.73,10450.0,9064.6,47.76,0,109.0
UNIT_0014,2026-08-25 14:00:00,369.47,3809.08,40.75,10416.4,9079.0,47.76,0,49.0
UNIT_0023,2027-01-20 06:00:00,369.62,3816.87,40.68,10430.4,9053.4,47.76,0,121.0
UNIT_0049,2028-03-06 00:00:00,369.43,3816.73,40.64,10426.4,9043.6,47.76,0,170.0
UNIT_0047,2028-02-07 06:00:00,369.63,3812.6,40.78,10435.0,9070.0,47.76,0,57.0
UNIT_0012,2026-07-27 10:00:00,369.71,3811.15,40.62,10411.8,9045.1,47.76,0,56.0
UNIT_0035,2027-07-30 10:00:00,369.41,3813.7,40.72,10433.2,9063.7,47.76,0,82.0
UNIT_0038,2027-09-08 20:00:00,369.78,3815.7,40.65,10429.2,9053.0,47.76,0,119.0
UNIT_0014,2026-08-26 10:00:00,369.58,3811.84,40.77,10432.8,9085.1,47.76,0,39.0
UNIT_0034,2027-07-10 10:00:00,368.92,3816.59,40.74,10431.4,9059.6,47.76,0,141.0
UNIT_0030,2027-05-06 02:00:00,368.88,3818.52,40.71,10446.8,9064.5,47.76,0,105.0
UNIT_0022,2027-01-07 00:00:00,369.61,3806.94,40.62,10426.8,9049.8,47.76,0,112.0
UNIT_0038,2027-09-11 10:00:00,369.02,3815.84,40.67,10415.2,9065.5,47.76,0,88.0
UNIT_0033,2027-06-25 08:00:00,369.01,3817.84,40.73,10451.0,9062.0,47.76,0,127.0
UNIT_0012,2026-07-26 14:00:00,369.55,3816.39,40.61,10421.0,9042.8,47.76,0,66.0
UNIT_0034,2027-07-06 10:00:00,368.95,3819.9,40.7,10438.2,9057.6,47.76,0,189.0
UNIT_0011,2026-06-28 10:00:00,368.73,3823.08,40.7,10452.0,9056.3,47.76,0,234.0
UNIT_0026,2027-03-09 08:00:00,369.3,3821.35,40.65,10427.0,9054.3,47.76,0,120.0
UNIT_0049,2028-03-19 16:00:00,370.93,3804.18,40.68,10392.0,9062.5,47.77,1,6.0
UNIT_0014,2026-08-17 16:00:00,369.69,3815.49,40.71,10441.8,9055.1,47.76,0,144.0
UNIT_0037,2027-08-28 10:00:00,369.23,3809.7,40.62,10440.2,9046.2,47.76,0,62.0
UNIT_0017,2026-10-20 04:00:00,368.96,3813.77,40.84,10424.8,9087.2,47.76,0,74.0
UNIT_0008,2026-05-20 22:00:00,369.99,3813.08,40.61,10410.0,9045.0,47.76,0,33.0
UNIT_0021,2026-12-21 02:00:00,369.2,3819.63,40.68,10430.4,9046.6,47.76,0,113.0
UNIT_0016,2026-09-20 06:00:00,369.46,3819.35,40.67,10429.0,9069.5,47.76,0,157.0
UNIT_0042,2027-11-09 12:00:00,369.53,3814.87,40.7,10442.8,9063.9,47.76,0,107.0
UNIT_0036,2027-08-07 16:00:00,369.39,3816.59,40.71,10435.6,9056.9,47.76,0,141.0
UNIT_0003,2026-02-18 08:00:00,369.48,3818.8,40.77,10439.0,9068.9,47.76,0,77.0
UNIT_0020,2026-12-06 04:00:00,369.87,3816.59,40.74,10431.4,9062.4,47.76,0,97.0
UNIT_0017,2026-10-06 14:00:00,369.29,3823.56,40.69,10442.6,9066.6,47.76,0,237.0
UNIT_0038,2027-09-10 00:00:00,369.28,3814.18,40.62,10429.2,9047.9,47.76,0,105.0
UNIT_0018,2026-11-03 00:00:00,369.4,3815.42,40.74,10450.2,9071.4,47.76,0,103.0
UNIT_0003,2026-02-16 14:00:00,369.4,3818.87,40.72,10426.8,9056.0,47.76,0,98.0
UNIT_0026,2027-03-13 10:00:00,369.97,3815.49,40.71,10426.4,9069.6,47.76,0,71.0
UNIT_0040,2027-10-13 10:00:00,370.05,3806.73,40.87,10401.2,9110.9,47.76,1,20.0
UNIT_0003,2026-02-12 16:00:00,369.68,3822.59,40.71,10446.8,9058.0,47.76,0,145.0
UNIT_0005,2026-04-01 02:00:00,370.02,3811.42,40.92,10410.4,9117.6,47.76,0,34.0
UNIT_0008,2026-05-19 16:00:00,369.99,3807.77,40.61,10415.8,9044.0,47.76,0,48.0
UNIT_0047,2028-02-07 00:00:00,369.56,3812.04,40.78,10427.4,9073.8,47.76,0,60.0
UNIT_0010,2026-06-10 22:00:00,368.72,3824.32,40.7,10441.4,9053.8,47.76,0,204.0
UNIT_0049,2028-03-16 12:00:00,369.95,3805.01,40.68,10414.2,9060.2,47.76,0,44.0
UNIT_0006,2026-04-06 20:00:00,369.66,3815.9,40.61,10435.2,9037.9,47.76,0,153.0
UNIT_0014,2026-08-25 12:00:00,370.0,3811.7,40.76,10409.0,9076.0,47.76,0,50.0
UNIT_0030,2027-05-11 18:00:00,369.46,3815.22,40.68,10417.2,9058.5,47.76,0,37.0
UNIT_0043,2027-11-24 08:00:00,369.17,3823.97,40.67,10440.8,9053.5,47.76,0,136.0
UNIT_0046,2028-01-15 08:00:00,369.06,3821.21,40.72,10435.6,9053.8,47.76,0,118.0
UNIT_0050,2028-03-26 16:00:00,369.44,3819.08,40.72,10428.2,9062.0,47.76,0,120.0
UNIT_0026,2027-03-08 10:00:00,369.89,3816.46,40.66,10419.8,9048.9,47.76,0,131.0
UNIT_0004,2026-03-11 04:00:00,369.72,3806.46,41.04,10410.6,9142.1,47.76,1,16.0
UNIT_0043,2027-11-24 14:00:00,369.08,3823.63,40.67,10437.8,9057.3,47.76,0,133.0
UNIT_0024,2027-02-01 00:00:00,369.22,3822.04,40.72,10433.8,9065.7,47.76,0,127.0
UNIT_0050,2028-03-31 20:00:00,369.81,3810.18,40.79,10427.2,9074.2,47.76,0,58.0
UNIT_0003,2026-02-22 22:00:00,369.69,3809.63,40.98,10422.2,9126.9,47.76,1,22.0
UNIT_0022,2027-01-08 02:00:00,369.73,3815.63,40.63,10417.0,9049.8,47.76,0,99.0
UNIT_0034,2027-07-21 14:00:00,370.48,3808.25,41.07,10402.2,9144.6,47.76,1,7.0
UNIT_0041,2027-10-28 14:00:00,370.05,3818.73,40.82,10436.6,9090.0,47.76,0,54.0
UNIT_0036,2027-08-13 22:00:00,369.86,3811.63,40.67,10429.0,9067.7,47.76,0,66.0
UNIT_0035,2027-08-04 12:00:00,369.9,3805.7,40.78,10406.8,9082.4,47.76,1,21.0
UNIT_0020,2026-12-12 04:00:00,369.82,3801.49,40.73,10408.6,9064.8,47.76,1,25.0
UNIT_0036,2027-08-09 14:00:00,369.81,3813.49,40.68,10422.0,9055.5,47.76,0,118.0
UNIT_0047,2028-02-05 06:00:00,369.57,3817.15,40.75,10438.0,9069.5,47.76,0,81.0
UNIT_0005,2026-03-15 00:00:00,369.51,3826.94,40.75,10457.4,9059.8,47.76,0,239.0
UNIT_0024,2027-02-10 18:00:00,370.47,3800.32,40.63,10401.0,9046.2,47.76,1,10.0
UNIT_0027,2027-03-19 22:00:00,369.12,3811.77,40.7,10424.2,9069.6,47.76,0,149.0
UNIT_0026,2027-03-12 04:00:00,369.74,3820.18,40.68,10434.4,9058.3,47.76,0,86.0
UNIT_0001,2026-01-01 08:00:00,369.22,3819.7,40.67,10443.8,9055.2,47.76,0,187.0
UNIT_0015,2026-09-12 06:00:00,370.25,3811.42,40.66,10434.6,9057.8,47.76,0,44.0
UNIT_0029,2027-04-20 06:00:00,369.83,3817.08,40.7,10429.8,9059.2,47.76,0,101.0
UNIT_0016,2026-09-18 08:00:00,369.68,3811.35,40.68,10426.6,9058.0,47.76,0,180.0
UNIT_0012,2026-07-27 14:00:00,369.9,3815.08,40.62,10421.0,9047.9,47.76,0,54.0
UNIT_0019,2026-11-18 04:00:00,369.87,3809.01,40.62,10426.2,9047.4,47.76,0,79.0
UNIT_0024,2027-02-03 02:00:00,369.46,3819.9,40.71,10442.4,9067.0,47.76,0,102.0
UNIT_0038,2027-09-18 18:00:00,370.8,3803.63,41.09,10401.4,9156.8,47.77,1,0.0
UNIT_0033,2027-06-23 02:00:00,368.77,3824.66,40.74,10457.0,9065.3,47.76,0,154.0
UNIT_0032,2027-06-09 10:00:00,370.04,3814.18,40.61,10428.2,9049.0,47.76,0,118.0
UNIT_0006,2026-04-06 16:00:00,369.44,3816.04,40.61,10434.6,9037.2,47.76,0,155.0
UNIT_0003,2026-02-17 20:00:00,369.74,3820.25,40.73,10429.6,9066.0,47.76,0,83.0
UNIT_0018,2026-11-11 02:00:00,369.96,3806.53,41.26,10420.6,9195.5,47.76,1,6.0
UNIT_0020,2026-12-12 12:00:00,370.46,3805.63,40.74,10409.0,9067.8,47.76,1,21.0
UNIT_0005,2026-03-13 02:00:00,369.63,3825.56,40.76,10450.4,9069.2,47.76,0,262.0
UNIT_0030,2027-05-09 06:00:00,369.09,3819.21,40.71,10439.2,9059.0,47.76,0,67.0
UNIT_0048,2028-02-19 20:00:00,369.2,3814.59,40.78,10445.2,9072.6,47.76,0,137.0
UNIT_0034,2027-07-06 04:00:00,369.72,3824.94,40.69,10433.0,9059.4,47.76,0,192.0
UNIT_0031,2027-05-16 04:00:00,368.5,3824.66,40.71,10444.2,9049.3,47.76,0,218.0
UNIT_0047,2028-02-03 14:00:00,369.03,3819.35,40.77,10435.6,9070.9,47.76,0,101.0
UNIT_0022,2027-01-10 14:00:00,370.36,3807.84,40.64,10408.6,9050.8,47.76,0,69.0
UNIT_0042,2027-11-13 02:00:00,369.34,3816.39,40.73,10425.4,9069.8,47.76,0,64.0
UNIT_0034,2027-07-09 14:00:00,369.59,3821.42,40.69,10431.6,9059.9,47.76,0,151.0
UNIT_0011,2026-07-17 08:00:00,370.25,3809.77,41.05,10415.0,9138.2,47.76,1,7.0
UNIT_0024,2027-02-03 08:00:00,369.26,3816.04,40.71,10439.8,9065.8,47.76,0,99.0
UNIT_0041,2027-10-29 00:00:00,369.5,3811.63,40.82,10415.4,9098.7,47.76,0,49.0
UNIT_0015,2026-09-03 20:00:00,369.06,3823.42,40.7,10449.2,9057.6,47.76,0,145.0
UNIT_0028,2027-04-14 18:00:00,370.45,3802.6,40.77,10398.8,9089.0,47.76,1,4.0
UNIT_0035,2027-08-04 22:00:00,369.81,3803.22,40.8,10405.8,9094.8,47.76,1,16.0
UNIT_0045,2027-12-28 08:00:00,369.45,3819.35,40.75,10446.8,9077.2,47.76,0,78.0
UNIT_0009,2026-06-03 10:00:00,369.62,3818.32,40.85,10441.6,9082.1,47.76,0,72.0
UNIT_0030,2027-05-14 20:00:00,370.19,3799.7,40.59,10384.4,9050.0,47.77,1,0.0
UNIT_0003,2026-02-14 18:00:00,369.16,3818.87,40.71,10457.0,9056.2,47.76,0,120.0
UNIT_0014,2026-08-22 20:00:00,369.13,3812.04,40.72,10425.4,9064.8,47.76,0,82.0
UNIT_0030,2027-04-29 10:00:00,368.89,3824.59,40.71,10452.6,9062.0,47.76,0,185.0
UNIT_0028,2027-04-12 08:00:00,369.75,3815.49,40.75,10423.0,9082.3,47.76,0,33.0
UNIT_0037,2027-08-24 12:00:00,369.3,3816.53,40.63,10431.0,9046.2,47.76,0,109.0
UNIT_0038,2027-09-04 22:00:00,369.28,3817.97,40.64,10435.2,9049.9,47.76,0,166.0
UNIT_0039,2027-09-23 00:00:00,369.65,3814.66,40.61,10432.0,9044.7,47.76,0,77.0
UNIT_0042,2027-11-06 16:00:00,368.59,3823.56,40.71,10437.8,9056.0,47.76,0,141.0
UNIT_0004,2026-03-07 08:00:00,368.72,3815.28,40.76,10434.4,9074.5,47.76,0,62.0
UNIT_0007,2026-04-28 10:00:00,369.48,3821.21,40.78,10457.6,9069.0,47.76,0,153.0
UNIT_0001,2026-01-13 20:00:00,369.68,3812.04,40.6,10424.6,9049.6,47.76,0,37.0
UNIT_0040,2027-10-13 12:00:00,370.12,3805.98,40.88,10404.4,9102.3,47.76,1,19.0
UNIT_0015,2026-09-08 18:00:00,369.95,3822.32,40.69,10437.0,9056.3,47.76,0,86.0
UNIT_0008,2026-05-21 12:00:00,369.94,3806.87,40.6,10406.0,9047.5,47.77,1,26.0
UNIT_0020,2026-12-01 12:00:00,369.94,3817.21,40.7,10426.8,9060.0,47.76,0,153.0
UNIT_0038,2027-09-14 06:00:00,369.47,3813.28,40.77,10420.6,9072.2,47.76,0,54.0
UNIT_0019,2026-11-18 22:00:00,369.79,3809.98,40.64,10423.8,9047.1,47.76,0,70.0
UNIT_0014,2026-08-16 18:00:00,369.11,3815.56,40.68,10416.4,9059.0,47.76,0,155.0
UNIT_0009,2026-06-07 22:00:00,369.92,3812.39,41.15,10432.6,9167.2,47.76,1,18.0
UNIT_0027,2027-03-30 12:00:00,370.4,3810.11,40.88,10425.2,9099.6,47.76,1,22.0
UNIT_0003,2026-02-17 10:00:00,368.84,3817.77,40.7,10436.6,9058.0,47.76,0,88.0
UNIT_0034,2027-07-14 02:00:00,369.41,3817.35,40.7,10421.8,9060.4,47.76,0,97.0
UNIT_0030,2027-05-03 20:00:00,369.07,3821.9,40.74,10452.0,9064.4,47.76,0,132.0
UNIT_0009,2026-06-01 08:00:00,369.2,3821.9,40.79,10444.0,9076.0,47.76,0,97.0
UNIT_0043,2027-11-25 06:00:00,369.1,3819.63,40.67,10441.8,9047.6,47.76,0,125.0
UNIT_0017,2026-10-10 20:00:00,369.35,3825.97,40.72,10441.6,9066.0,47.76,0,186.0
UNIT_0017,2026-10-05 06:00:00,369.43,3833.9,40.74,10457.4,9055.6,47.76,0,253.0
UNIT_0051,2028-04-11 20:00:00,369.16,3824.73,40.75,10452.8,9068.4,47.76,0,139.0
UNIT_0031,2027-05-24 12:00:00,368.74,3820.32,40.71,10441.6,9055.2,47.76,0,118.0
UNIT_0015,2026-09-05 22:00:00,368.77,3819.08,40.69,10444.0,9062.6,47.76,0,120.0
UNIT_0005,2026-03-23 16:00:00,368.17,3822.04,40.77,10437.2,9065.9,47.76,0,135.0
UNIT_0001,2026-01-16 20:00:00,370.19,3798.46,40.57,10391.4,9042.8,47.77,1,1.0
UNIT_0048,2028-02-17 14:00:00,369.38,3822.8,40.74,10448.2,9065.1,47.76,0,164.0
UNIT_0025,2027-03-01 00:00:00,370.08,3810.66,40.89,10404.0,9107.8,47.76,1,21.0
UNIT_0004,2026-02-28 06:00:00,369.47,3819.28,40.69,10436.6,9046.9,47.76,0,147.0
UNIT_0050,2028-03-24 06:00:00,369.7,3816.46,40.7,10432.6,9056.2,47.76,0,149.0
UNIT_0003,2026-02-20 12:00:00,369.07,3817.42,40.85,10443.0,9084.0,47.76,0,51.0
UNIT_0002,2026-01-26 02:00:00,369.14,3823.14,40.7,10445.4,9053.8,47.76,0,177.0
UNIT_0017,2026-10-13 00:00:00,368.93,3819.49,40.74,10443.0,9066.4,47.76,0,160.0
UNIT_0050,2028-03-28 00:00:00,369.87,3820.32,40.75,10435.2,9063.4,47.76,0,104.0
UNIT_0005,2026-03-30 08:00:00,369.26,3813.22,40.88,10438.0,9100.2,47.76,0,55.0
UNIT_0017,2026-10-15 00:00:00,368.97,3815.77,40.79,10448.8,9077.4,47.76,0,136.0
UNIT_0005,2026-03-31 02:00:00,369.18,3814.8,40.87,10417.2,9101.4,47.76,0,46.0
UNIT_0011,2026-07-03 18:00:00,369.19,3820.46,40.74,10442.4,9050.0,47.76,0,170.0
UNIT_0048,2028-02-26 06:00:00,369.84,3812.53,40.89,10437.4,9096.1,47.76,0,60.0
UNIT_0038,2027-09-04 14:00:00,369.24,3814.32,40.63,10432.4,9047.7,47.76,0,170.0
UNIT_0042,2027-11-16 00:00:00,369.64,3811.97,40.71,10409.8,9074.6,47.76,1,29.0
UNIT_0040,2027-10-02 22:00:00,369.82,3813.42,40.67,10432.6,9057.8,47.76,0,146.0
UNIT_0023,2027-01-22 20:00:00,369.37,3812.87,40.67,10420.2,9052.6,47.76,0,90.0
UNIT_0040,2027-10-03 06:00:00,369.47,3809.7,40.68,10413.2,9056.1,47.76,0,142.0
UNIT_0046,2028-01-21 14:00:00,369.91,3811.42,40.67,10425.2,9058.1,47.76,0,43.0
UNIT_0041,2027-10-29 08:00:00,369.97,3815.56,40.87,10426.6,9105.5,47.76,0,45.0
UNIT_0028,2027-04-12 16:00:00,370.15,3814.11,40.79,10421.2,9070.2,47.76,1,29.0
UNIT_0047,2028-02-02 14:00:00,368.81,3819.21,40.74,10432.2,9068.2,47.76,0,113.0
UNIT_0036,2027-08-09 04:00:00,369.49,3818.32,40.7,10435.6,9062.0,47.76,0,123.0
UNIT_0025,2027-02-12 18:00:00,369.88,3816.66,40.65,10421.2,9040.6,47.76,0,216.0
UNIT_0002,2026-01-19 18:00:00,368.97,3827.21,40.7,10452.8,9059.3,47.76,0,253.0
UNIT_0017,2026-10-07 12:00:00,368.88,3819.83,40.72,10453.6,9062.3,47.76,0,226.0
UNIT_0030,2027-05-07 06:00:00,368.88,3821.63,40.71,10446.4,9058.2,47.76,0,91.0
UNIT_0045,2027-12-31 12:00:00,369.19,3810.53,40.8,10419.4,9077.1,47.76,0,40.0
UNIT_0017,2026-10-14 08:00:00,369.73,3823.28,40.74,10443.4,9067.0,47.76,0,144.0
UNIT_0008,2026-05-22 02:00:00,370.33,3806.53,40.62,10402.6,9051.8,47.76,1,19.0
UNIT_0035,2027-07-29 10:00:00,368.91,3814.46,40.69,10435.0,9058.3,47.76,0,94.0
UNIT_0005,2026-03-29 02:00:00,369.62,3815.22,40.86,10435.2,9083.0,47.76,0,70.0
UNIT_0017,2026-10-15 04:00:00,369.31,3815.01,40.74,10432.4,9072.6,47.76,0,134.0
UNIT_0042,2027-11-02 20:00:00,369.47,3814.32,40.72,10445.4,9057.5,47.76,0,187.0
UNIT_0047,2028-02-02 04:00:00,368.99,3823.01,40.78,10436.8,9063.2,47.76,0,118.0
UNIT_0051,2028-04-11 18:00:00,368.99,3825.42,40.75,10447.8,9075.3,47.76,0,140.0
UNIT_0024,2027-01-30 14:00:00,369.28,3823.08,40.71,10446.4,9068.5,47.76,0,144.0
UNIT_0022,2027-01-10 16:00:00,369.8,3804.8,40.63,10415.8,9048.5,47.76,0,68.0
UNIT_0006,2026-04-12 12:00:00,369.31,3815.77,40.61,10422.0,9032.7,47.76,0,85.0
UNIT_0031,2027-05-17 06:00:00,369.6,3817.7,40.7,10456.6,9056.7,47.76,0,205.0
UNIT_0050,2028-03-20 22:00:00,369.39,3817.42,40.72,10443.6,9059.2,47.76,0,189.0
UNIT_0020,2026-11-29 06:00:00,369.61,3817.9,40.7,10429.8,9055.3,47.76,0,180.0
UNIT_0025,2027-02-14 06:00:00,369.39,3816.39,40.63,10437.2,9043.7,47.76,0,198.0
UNIT_0048,2028-03-02 00:00:00,370.67,3798.87,41.36,10413.6,9210.4,47.76,1,3.0
UNIT_0022,2027-01-10 10:00:00,370.34,3815.9,40.6,10419.8,9041.9,47.76,0,71.0
UNIT_0035,2027-08-02 16:00:00,369.43,3814.11,40.74,10412.2,9082.2,47.76,0,43.0
UNIT_0029,2027-04-20 22:00:00,368.98,3812.39,40.71,10446.4,9058.4,47.76,0,93.0
UNIT_0043,2027-11-28 00:00:00,369.52,3818.39,40.7,10424.2,9056.5,47.76,0,92.0
UNIT_0005,2026-03-21 16:00:00,368.42,3821.97,40.75,10441.6,9068.9,47.76,0,159.0
UNIT_0014,2026-08-28 02:00:00,370.09,3806.87,40.87,10411.0,9101.2,47.76,1,19.0
UNIT_0022,2027-01-05 10:00:00,369.83,3818.18,40.63,10429.6,9044.0,47.76,0,131.0
UNIT_0025,2027-02-19 10:00:00,369.01,3811.08,40.66,10428.8,9050.2,47.76,0,136.0
UNIT_0015,2026-09-04 18:00:00,368.6,3823.49,40.71,10451.8,9056.7,47.76,0,134.0
UNIT_0011,2026-07-03 08:00:00,369.28,3820.46,40.69,10448.2,9057.5,47.76,0,175.0
UNIT_0001,2026-01-09 04:00:00,369.31,3818.04,40.66,10428.4,9045.1,47.76,0,93.0
UNIT_0050,2028-03-31 18:00:00,369.49,3815.35,40.76,10410.2,9081.3,47.76,0,59.0
UNIT_0013,2026-08-02 02:00:00,368.76,3814.73,40.7,10431.6,9057.7,47.76,0,151.0
UNIT_0044,2027-12-05 18:00:00,369.19,3821.63,40.73,10442.8,9061.5,47.76,0,191.0
UNIT_0021,2026-12-16 22:00:00,369.17,3821.08,40.59,10439.2,9038.3,47.76,0,163.0
UNIT_0049,2028-03-14 02:00:00,369.68,3813.91,40.62,10422.2,9051.2,47.76,0,73.0
UNIT_0028,2027-04-07 14:00:00,369.05,3822.94,40.71,10444.0,9061.1,47.76,0,90.0
UNIT_0008,2026-05-18 08:00:00,370.42,3810.39,40.66,10426.4,9045.8,47.76,0,64.0
UNIT_0031,2027-06-01 10:00:00,370.11,3809.15,40.62,10410.6,9046.3,47.76,1,23.0
UNIT_0032,2027-06-09 14:00:00,369.91,3817.01,40.7,10429.6,9060.4,47.76,0,116.0
UNIT_0022,2027-01-10 22:00:00,369.68,3812.39,40.61,10414.0,9042.9,47.76,0,65.0
UNIT_0006,2026-04-07 04:00:00,369.53,3816.04,40.61,10422.4,9044.2,47.76,0,149.0
UNIT_0011,2026-07-07 22:00:00,368.53,3822.66,40.69,10441.0,9063.5,47.76,0,120.0
UNIT_0016,2026-09-22 04:00:00,369.75,3810.87,40.67,10419.6,9058.9,47.76,0,134.0
UNIT_0038,2027-09-09 16:00:00,369.84,3813.28,40.68,10430.0,9054.8,47.76,0,109.0
UNIT_0037,2027-08-20 12:00:00,369.31,3817.7,40.62,10435.6,9053.1,47.76,0,157.0
UNIT_0016,2026-09-17 00:00:00,369.15,3813.22,40.68,10434.0,9056.4,47.76,0,196.0
UNIT_0022,2027-01-15 00:00:00,370.02,3806.32,40.63,10401.4,9053.4,47.76,1,16.0
UNIT_0027,2027-03-28 22:00:00,370.0,3815.35,40.81,10432.2,9081.0,47.76,0,41.0
UNIT_0010,2026-06-20 18:00:00,369.18,3821.9,40.73,10432.8,9070.6,47.76,0,86.0
UNIT_0047,2028-02-07 08:00:00,370.06,3813.84,40.78,10419.6,9075.9,47.76,0,56.0
UNIT_0046,2028-01-05 14:00:00,368.51,3824.32,40.7,10443.0,9054.3,47.76,0,235.0
UNIT_0050,2028-03-27 10:00:00,369.65,3814.8,40.72,10430.8,9076.8,47.76,0,111.0
UNIT_0002,2026-01-22 20:00:00,369.24,3826.66,40.66,10440.4,9053.4,47.76,0,216.0
UNIT_0020,2026-12-05 10:00:00,369.59,3815.35,40.68,10433.4,9060.8,47.76,0,106.0
UNIT_0028,2027-04-07 04:00:00,368.7,3827.63,40.71,10440.0,9065.6,47.76,0,95.0
UNIT_0034,2027-07-06 08:00:00,368.54,3822.04,40.69,10439.8,9049.7,47.76,0,190.0
UNIT_0042,2027-11-08 16:00:00,369.01,3817.42,40.73,10440.2,9061.8,47.76,0,117.0
UNIT_0042,2027-11-11 14:00:00,369.49,3817.84,40.71,10438.2,9061.8,47.76,0,82.0
UNIT_0009,2026-05-31 04:00:00,369.29,3823.56,40.75,10444.6,9073.5,47.76,0,111.0
UNIT_0024,2027-01-30 16:00:00,369.64,3819.63,40.73,10452.0,9063.2,47.76,0,143.0
UNIT_0012,2026-07-18 18:00:00,369.22,3815.28,40.64,10422.8,9049.0,47.76,0,160.0
UNIT_0034,2027-07-12 20:00:00,369.63,3824.11,40.71,10431.4,9059.0,47.76,0,112.0
UNIT_0029,2027-04-25 22:00:00,369.92,3805.42,40.67,10413.8,9064.2,47.76,0,33.0
UNIT_0010,2026-06-13 06:00:00,368.88,3827.83,40.69,10451.0,9058.8,47.76,0,176.0
UNIT_0015,2026-09-06 00:00:00,368.91,3820.04,40.7,10452.2,9059.2,47.76,0,119.0
UNIT_0045,2027-12-25 08:00:00,368.92,3819.56,40.73,10445.4,9074.1,47.76,0,114.0
UNIT_0009,2026-06-03 14:00:00,369.1,3819.35,40.86,10440.8,9086.1,47.76,0,70.0
UNIT_0009,2026-05-25 12:00:00,369.1,3822.39,40.73,10442.2,9067.2,47.76,0,179.0
UNIT_0015,2026-08-31 14:00:00,368.81,3823.42,40.72,10441.0,9058.7,47.76,0,184.0
UNIT_0043,2027-11-26 20:00:00,368.83,3820.25,40.68,10442.6,9052.9,47.76,0,106.0
UNIT_0010,2026-06-15 12:00:00,368.81,3825.07,40.68,10440.0,9059.4,47.76,0,149.0
UNIT_0049,2028-03-07 18:00:00,369.49,3815.97,40.62,10422.6,9040.2,47.76,0,149.0
UNIT_0033,2027-06-30 12:00:00,369.29,3818.04,40.72,10431.0,9061.7,47.76,0,65.0
UNIT_0036,2027-08-15 12:00:00,369.85,3810.73,40.69,10417.0,9059.9,47.76,0,47.0
UNIT_0014,2026-08-23 06:00:00,370.07,3813.42,40.74,10426.4,9074.5,47.76,0,77.0
UNIT_0004,2026-02-24 22:00:00,369.3,3823.97,40.65,10434.0,9048.4,47.76,0,187.0
UNIT_0012,2026-07-29 06:00:00,369.94,3813.22,40.6,10414.2,9049.1,47.76,0,34.0
UNIT_0021,2026-12-23 20:00:00,369.2,3821.9,40.7,10434.6,9061.5,47.76,0,80.0
UNIT_0048,2028-02-18 06:00:00,368.86,3821.21,40.73,10445.4,9067.5,47.76,0,156.0
UNIT_0046,2028-01-04 08:00:00,369.27,3824.18,40.73,10447.0,9055.4,47.76,0,250.0
UNIT_0032,2027-06-08 22:00:00,369.89,3813.7,40.63,10423.8,9052.0,47.76,0,124.0
UNIT_0010,2026-06-10 20:00:00,368.64,3823.97,40.71,10452.2,9053.8,47.76,0,205.0
UNIT_0036,2027-08-17 18:00:00,370.58,3805.29,40.67,10405.0,9058.0,47.76,1,20.0
UNIT_0002,2026-01-17 10:00:00,368.15,3826.45,40.67,10456.0,9054.1,47.76,0,281.0
UNIT_0040,2027-10-11 02:00:00,369.96,3811.15,40.78,10423.8,9080.0,47.76,0,48.0
UNIT_0015,2026-09-02 06:00:00,369.36,3825.56,40.74,10447.8,9056.9,47.76,0,164.0
UNIT_0041,2027-10-30 00:00:00,370.01,3813.91,40.85,10434.8,9099.9,47.76,0,37.0
UNIT_0011,2026-07-13 22:00:00,369.1,3815.63,40.83,10427.8,9082.5,47.76,0,48.0
UNIT_0022,2027-01-01 18:00:00,369.54,3817.21,40.67,10427.8,9052.2,47.76,0,175.0
UNIT_0046,2028-01-17 12:00:00,369.36,3819.15,40.71,10435.2,9064.3,47.76,0,92.0
UNIT_0021,2026-12-18 12:00:00,368.88,3815.97,40.64,10422.6,9044.6,47.76,0,144.0
UNIT_0002,2026-01-17 20:00:00,369.11,3824.52,40.68,10444.0,9053.2,47.76,0,276.0
UNIT_0017,2026-10-20 12:00:00,369.6,3818.59,40.84,10442.6,9099.7,47.76,0,70.0
UNIT_0025,2027-02-15 22:00:00,369.91,3813.42,40.62,10424.8,9049.5,47.76,0,178.0
UNIT_0028,2027-04-07 06:00:00,368.73,3823.28,40.74,10440.6,9071.0,47.76,0,94.0
UNIT_0029,2027-04-28 14:00:00,370.95,3802.94,40.61,10399.4,9051.5,47.77,1,1.0
UNIT_0008,2026-05-23 06:00:00,370.45,3801.22,40.6,10389.4,9045.3,47.77,1,5.0
UNIT_0026,2027-03-08 00:00:00,370.13,3816.39,40.64,10431.8,9056.4,47.76,0,136.0
UNIT_0026,2027-03-14 10:00:00,370.06,3813.84,40.75,10428.8,9072.9,47.76,0,59.0
UNIT_0033,2027-06-29 00:00:00,368.85,3823.49,40.71,10424.0,9068.1,47.76,0,83.0
UNIT_0050,2028-03-31 16:00:00,370.37,3812.18,40.8,10421.0,9079.0,47.76,0,60.0
UNIT_0030,2027-05-03 22:00:00,369.32,3820.46,40.73,10440.0,9066.8,47.76,0,131.0
UNIT_0042,2027-11-12 08:00:00,370.02,3813.15,40.69,10432.6,9065.8,47.76,0,73.0
UNIT_0005,2026-03-13 04:00:00,369.34,3821.97,40.73,10448.2,9073.1,47.76,0,261.0
UNIT_0024,2027-01-30 18:00:00,369.34,3817.84,40.73,10434.2,9059.2,47.76,0,142.0
UNIT_0004,2026-02-28 04:00:00,369.29,3815.84,40.66,10439.0,9057.7,47.76,0,148.0
UNIT_0018,2026-11-05 00:00:00,369.04,3817.08,40.77,10434.2,9075.0,47.76,0,79.0
UNIT_0008,2026-05-17 08:00:00,370.12,3814.73,40.62,10419.6,9044.4,47.76,0,76.0
UNIT_0037,2027-08-30 16:00:00,369.77,3809.56,40.62,10405.4,9045.8,47.76,0,35.0
UNIT_0039,2027-09-22 12:00:00,370.24,3819.28,40.63,10424.6,9050.1,47.76,0,83.0
UNIT_0018,2026-10-26 10:00:00,369.34,3823.76,40.71,10428.2,9061.3,47.76,0,194.0
UNIT_0006,2026-04-18 14:00:00,370.56,3802.25,40.56,10388.2,9035.8,47.76,1,12.0
UNIT_0033,2027-07-03 18:00:00,369.8,3809.42,40.68,10407.6,9058.3,47.76,1,26.0
UNIT_0009,2026-06-04 10:00:00,369.42,3821.9,40.86,10444.8,9094.6,47.76,0,60.0
UNIT_0026,2027-03-13 00:00:00,369.52,3810.18,40.67,10412.6,9064.9,47.76,0,76.0
UNIT_0018,2026-11-10 14:00:00,370.01,3812.25,41.22,10415.4,9171.7,47.76,1,12.0
UNIT_0016,2026-10-03 08:00:00,370.46,3800.18,40.66,10388.8,9060.9,47.76,1,0.0
UNIT_0007,2026-05-05 14:00:00,369.71,3810.53,40.75,10431.6,9071.0,47.76,0,67.0
UNIT_0041,2027-10-29 04:00:00,369.81,3817.77,40.84,10423.8,9098.7,47.76,0,47.0
UNIT_0010,2026-06-16 12:00:00,368.86,3817.49,40.71,10439.0,9059.5,47.76,0,137.0
UNIT_0004,2026-02-25 06:00:00,369.31,3813.63,40.68,10438.0,9048.8,47.76,0,183.0
UNIT_0018,2026-11-09 08:00:00,369.24,3818.25,41.03,10431.4,9132.0,47.76,1,27.0
UNIT_0022,2027-01-03 18:00:00,369.49,3814.11,40.62,10426.2,9051.5,47.76,0,151.0
UNIT_0028,2027-04-06 20:00:00,368.73,3823.63,40.73,10440.4,9061.8,47.76,0,99.0
UNIT_0028,2027-04-10 14:00:00,369.31,3810.18,40.74,10425.6,9066.6,47.76,0,54.0
UNIT_0046,2028-01-12 18:00:00,368.94,3824.59,40.7,10437.4,9057.0,47.76,0,149.0
UNIT_0039,2027-09-20 04:00:00,369.31,3814.87,40.61,10424.6,9054.1,47.76,0,111.0
UNIT_0048,2028-02-29 12:00:00,369.56,3810.66,41.12,10420.4,9161.2,47.76,1,21.0
UNIT_0030,2027-05-04 16:00:00,369.26,3822.52,40.71,10452.8,9072.2,47.76,0,122.0
UNIT_0034,2027-07-19 16:00:00,370.11,3807.36,40.91,10413.6,9107.8,47.76,1,30.0
UNIT_0007,2026-04-19 20:00:00,369.1,3826.25,40.74,10447.2,9063.4,47.76,0,256.0
UNIT_0038,2027-09-09 00:00:00,369.5,3815.77,40.67,10433.4,9059.4,47.76,0,117.0
UNIT_0028,2027-04-12 00:00:00,369.53,3811.08,40.74,10436.2,9071.0,47.76,0,37.0
UNIT_0050,2028-03-21 02:00:00,368.9,3815.42,40.73,10431.4,9063.8,47.76,0,187.0
UNIT_0008,2026-05-19 14:00:00,369.96,3810.32,40.63,10418.0,9043.7,47.76,0,49.0
UNIT_0027,2027-03-31 04:00:00,370.07,3810.25,40.93,10421.6,9117.4,47.76,1,14.0
UNIT_0051,2028-04-09 12:00:00,369.44,3826.52,40.75,10442.2,9071.1,47.76,0,167.0
UNIT_0018,2026-10-30 06:00:00,369.23,3816.94,40.71,10450.8,9059.8,47.76,0,148.0
UNIT_0013,2026-08-13 10:00:00,370.06,3805.98,40.91,10404.8,9119.8,47.76,1,15.0
UNIT_0050,2028-03-26 18:00:00,369.36,3819.49,40.7,10440.4,9069.1,47.76,0,119.0
UNIT_0030,2027-05-08 22:00:00,368.89,3817.77,40.71,10432.4,9069.2,47.76,0,71.0
UNIT_0016,2026-09-21 02:00:00,369.83,3820.87,40.63,10412.8,9054.5,47.76,0,147.0
UNIT_0034,2027-07-10 16:00:00,369.67,3815.7,40.7,10425.4,9053.9,47.76,0,138.0
UNIT_0005,2026-03-30 06:00:00,369.46,3813.56,40.85,10424.4,9101.4,47.76,0,56.0
UNIT_0023,2027-01-22 08:00:00,369.83,3810.46,40.67,10422.4,9052.3,47.76,0,96.0
UNIT_0016,2026-09-28 04:00:00,370.25,3810.53,40.7,10420.4,9062.9,47.76,0,62.0
UNIT_0008,2026-05-20 20:00:00,370.14,3810.6,40.62,10414.2,9043.5,47.76,0,34.0
UNIT_0035,2027-07-29 08:00:00,369.3,3815.97,40.71,10428.4,9063.8,47.76,0,95.0
UNIT_0032,2027-06-16 04:00:00,369.87,3805.08,40.69,10402.0,9061.4,47.76,0,37.0
UNIT_0039,2027-09-24 04:00:00,369.65,3816.46,40.64,10420.2,9041.6,47.76,0,63.0
UNIT_0009,2026-05-27 10:00:00,368.76,3820.04,40.74,10440.4,9064.4,47.76,0,156.0
UNIT_0031,2027-05-17 14:00:00,369.45,3820.8,40.71,10453.6,9060.9,47.76,0,201.0
UNIT_0026,2027-03-03 08:00:00,369.25,3811.56,40.66,10430.4,9040.5,47.76,0,192.0
UNIT_0045,2027-12-31 14:00:00,369.55,3814.8,40.77,10426.8,9075.1,47.76,0,39.0
UNIT_0038,2027-09-10 08:00:00,369.74,3817.63,40.7,10428.4,9055.2,47.76,0,101.0
UNIT_0014,2026-08-21 12:00:00,369.48,3815.28,40.69,10433.2,9059.2,47.76,0,98.0
UNIT_0005,2026-03-13 22:00:00,368.85,3821.83,40.77,10457.8,9066.8,47.76,0,252.0
UNIT_0041,2027-10-17 20:00:00,369.23,3822.66,40.74,10441.8,9066.3,47.76,0,183.0
UNIT_0007,2026-05-04 16:00:00,369.21,3818.18,40.74,10429.4,9074.8,47.76,0,78.0
UNIT_0036,2027-08-10 06:00:00,369.33,3817.15,40.68,10432.6,9052.6,47.76,0,110.0
UNIT_0040,2027-10-06 10:00:00,369.72,3809.29,40.69,10427.0,9060.5,47.76,0,104.0
UNIT_0030,2027-05-14 02:00:00,369.85,3804.46,40.63,10396.6,9050.2,47.77,1,9.0
UNIT_0026,2027-03-04 20:00:00,369.68,3817.63,40.64,10434.6,9049.6,47.76,0,174.0
UNIT_0002,2026-01-18 04:00:00,369.06,3820.87,40.69,10439.2,9049.8,47.76,0,272.0
UNIT_0022,2027-01-10 00:00:00,370.0,3816.46,40.65,10411.2,9048.9,47.76,0,76.0
UNIT_0035,2027-08-02 04:00:00,369.85,3810.8,40.75,10411.0,9068.5,47.76,0,49.0
UNIT_0047,2028-01-26 04:00:00,368.99,3825.42,40.73,10443.2,9061.0,47.76,0,202.0
UNIT_0035,2027-07-30 20:00:00,369.0,3811.63,40.69,10425.0,9065.5,47.76,0,77.0
UNIT_0003,2026-02-11 20:00:00,369.09,3824.18,40.7,10433.2,9047.8,47.76,0,155.0
UNIT_0038,2027-09-08 10:00:00,369.37,3814.59,40.65,10426.8,9048.6,47.76,0,124.0
UNIT_0005,2026-03-27 16:00:00,368.82,3815.77,40.8,10441.8,9086.0,47.76,0,87.0
UNIT_0019,2026-11-17 00:00:00,369.69,3811.35,40.61,10435.4,9048.8,47.76,0,93.0
UNIT_0042,2027-11-07 20:00:00,368.54,3824.52,40.7,10425.4,9051.0,47.76,0,127.0
UNIT_0025,2027-02-26 08:00:00,370.28,3812.73,40.77,10424.6,9077.6,47.76,0,53.0
UNIT_0050,2028-03-24 12:00:00,369.01,3819.83,40.72,10439.4,9062.5,47.76,0,146.0
UNIT_0042,2027-11-11 12:00:00,369.34,3817.08,40.7,10431.4,9062.4,47.76,0,83.0
UNIT_0014,2026-08-16 14:00:00,369.78,3813.63,40.69,10431.6,9063.1,47.76,0,157.0
UNIT_0046,2028-01-20 16:00:00,369.75,3812.6,40.65,10425.4,9057.6,47.76,0,54.0
UNIT_0012,2026-07-24 12:00:00,369.49,3810.66,40.62,10415.8,9046.4,47.76,0,91.0
UNIT_0037,2027-08-25 06:00:00,369.49,3820.18,40.62,10432.4,9041.2,47.76,0,100.0
UNIT_0016,2026-09-16 16:00:00,369.45,3815.49,40.69,10429.4,9052.1,47.76,0,200.0
UNIT_0043,2027-12-01 08:00:00,369.54,3810.46,40.65,10425.0,9047.4,47.76,0,52.0
UNIT_0032,2027-06-08 04:00:00,369.46,3811.63,40.64,10427.0,9054.4,47.76,0,133.0
UNIT_0016,2026-09-16 06:00:00,369.68,3808.73,40.68,10421.0,9061.4,47.76,0,205.0
UNIT_0031,2027-05-31 08:00:00,369.33,3808.25,40.69,10420.8,9053.1,47.76,0,36.0
UNIT_0017,2026-10-24 18:00:00,370.94,3810.18,41.03,10414.0,9142.4,47.76,1,19.0
UNIT_0030,2027-05-07 00:00:00,369.24,3816.46,40.72,10436.2,9057.1,47.76,0,94.0
UNIT_0002,2026-02-02 14:00:00,369.59,3813.7,40.72,10433.8,9065.8,47.76,0,87.0
UNIT_0034,2027-07-16 08:00:00,369.45,3808.53,40.78,10426.0,9071.2,47.76,0,70.0
UNIT_0028,2027-04-14 04:00:00,370.64,3809.56,40.78,10409.2,9077.1,47.76,1,11.0
UNIT_0026,2027-03-15 04:00:00,369.72,3812.73,40.79,10431.2,9089.8,47.76,0,50.0
UNIT_0049,2028-03-18 06:00:00,369.55,3806.25,40.66,10413.6,9061.4,47.76,1,23.0
UNIT_0013,2026-08-13 14:00:00,370.24,3805.7,40.95,10417.8,9123.3,47.76,1,13.0
UNIT_0010,2026-06-18 22:00:00,369.06,3819.49,40.68,10439.4,9056.3,47.76,0,108.0
UNIT_0027,2027-04-01 06:00:00,370.35,3803.29,41.0,10401.8,9144.0,47.76,1,1.0
UNIT_0013,2026-08-03 00:00:00,369.45,3813.63,40.66,10441.4,9056.0,47.76,0,140.0
UNIT_0041,2027-10-30 04:00:00,369.56,3815.22,40.88,10422.4,9099.5,47.76,0,35.0
UNIT_0001,2026-01-06 08:00:00,369.13,3819.49,40.66,10430.8,9044.0,47.76,0,127.0
UNIT_0010,2026-06-21 20:00:00,369.1,3814.53,40.76,10435.0,9072.5,47.76,0,73.0
UNIT_0026,2027-03-16 16:00:00,369.91,3806.87,40.82,10420.0,9096.7,47.76,0,32.0
UNIT_0037,2027-08-24 16:00:00,369.09,3815.7,40.61,10439.0,9050.0,47.76,0,107.0
UNIT_0045,2027-12-25 16:00:00,368.87,3822.8,40.76,10438.4,9069.5,47.76,0,110.0
UNIT_0044,2027-12-16 06:00:00,369.48,3818.46,40.74,10431.2,9062.7,47.76,0,65.0
UNIT_0032,2027-06-12 14:00:00,369.26,3806.25,40.67,10427.0,9053.0,47.76,0,80.0
UNIT_0024,2027-02-09 22:00:00,369.85,3806.18,40.68,10407.6,9055.1,47.76,1,20.0
UNIT_0025,2027-02-12 06:00:00,369.09,3823.01,40.65,10433.6,9043.8,47.76,0,222.0
UNIT_0048,2028-02-12 08:00:00,369.01,3817.42,40.74,10447.6,9066.6,47.76,0,227.0
UNIT_0005,2026-03-15 04:00:00,369.26,3821.9,40.73,10448.0,9059.4,47.76,0,237.0
UNIT_0044,2027-12-12 18:00:00,369.24,3822.52,40.74,10443.8,9069.5,47.76,0,107.0
UNIT_0041,2027-10-22 16:00:00,369.77,3820.11,40.74,10445.6,9068.8,47.76,0,125.0
UNIT_0035,2027-07-26 22:00:00,368.95,3822.94,40.72,10436.6,9062.3,47.76,0,124.0
UNIT_0041,2027-10-20 16:00:00,369.42,3818.11,40.73,10446.2,9070.2,47.76,0,149.0
UNIT_0033,2027-06-21 14:00:00,368.32,3821.49,40.73,10447.0,9057.5,47.76,0,172.0
UNIT_0041,2027-10-18 18:00:00,368.5,3823.97,40.76,10446.4,9060.9,47.76,0,172.0
UNIT_0005,2026-03-26 16:00:00,369.65,3818.52,40.82,10439.2,9088.2,47.76,0,99.0
UNIT_0048,2028-02-28 22:00:00,369.63,3817.28,41.06,10416.0,9144.4,47.76,1,28.0
UNIT_0039,2027-09-28 18:00:00,370.34,3801.22,40.57,10392.8,9036.9,47.77,1,8.0
UNIT_0005,2026-03-24 22:00:00,369.38,3819.35,40.79,10435.6,9075.6,47.76,0,120.0
UNIT_0021,2026-12-25 02:00:00,369.66,3819.49,40.74,10414.8,9068.9,47.76,0,65.0
UNIT_0001,2026-01-14 10:00:00,370.0,3810.6,40.62,10408.8,9044.4,47.76,1,30.0
UNIT_0029,2027-04-18 22:00:00,369.39,3818.52,40.73,10438.6,9058.0,47.76,0,117.0
UNIT_0035,2027-07-27 18:00:00,369.18,3816.18,40.69,10432.8,9062.8,47.76,0,114.0
UNIT_0049,2028-03-18 16:00:00,370.29,3803.01,40.68,10406.4,9064.1,47.76,1,18.0
UNIT_0041,2027-10-28 18:00:00,369.32,3813.77,40.84,10419.6,9085.3,47.76,0,52.0
UNIT_0019,2026-11-17 06:00:00,369.5,3817.97,40.64,10421.4,9043.1,47.76,0,90.0
UNIT_0005,2026-03-27 02:00:00,368.92,3817.28,40.78,10434.8,9078.6,47.76,0,94.0
UNIT_0015,2026-09-14 02:00:00,370.51,3809.08,40.63,10415.8,9047.9,47.76,1,22.0
UNIT_0039,2027-09-22 14:00:00,369.41,3813.08,40.62,10428.0,9046.9,47.76,0,82.0
UNIT_0020,2026-11-25 14:00:00,369.58,3817.21,40.66,10438.0,9055.0,47.76,0,224.0
UNIT_0008,2026-05-13 02:00:00,369.93,3813.77,40.6,10425.6,9035.3,47.76,0,127.0
UNIT_0016,2026-09-20 16:00:00,369.41,3813.28,40.64,10421.6,9056.7,47.76,0,152.0
UNIT_0042,2027-11-17 12:00:00,370.45,3806.18,40.71,10403.4,9060.0,47.76,1,11.0
UNIT_0004,2026-03-06 14:00:00,369.3,3821.08,40.72,10435.6,9065.9,47.76,0,71.0
UNIT_0049,2028-03-16 20:00:00,369.73,3811.29,40.68,10414.4,9059.3,47.76,0,40.0
UNIT_0036,2027-08-15 14:00:00,370.19,3810.66,40.7,10405.4,9060.8,47.76,0,46.0
UNIT_0028,2027-04-03 04:00:00,368.81,3825.01,40.73,10444.0,9062.7,47.76,0,143.0
UNIT_0032,2027-06-04 14:00:00,370.04,3814.94,40.67,10429.8,9052.7,47.76,0,176.0
UNIT_0049,2028-03-07 06:00:00,369.58,3822.11,40.62,10424.4,9039.8,47.76,0,155.0
UNIT_0036,2027-08-10 18:00:00,369.62,3811.91,40.69,10434.8,9060.9,47.76,0,104.0
UNIT_0013,2026-08-06 16:00:00,369.7,3817.42,40.69,10431.8,9052.3,47.76,0,96.0
UNIT_0039,2027-09-19 02:00:00,369.31,3816.59,40.62,10436.6,9053.5,47.76,0,124.0
UNIT_0043,2027-12-04 18:00:00,370.47,3806.94,40.58,10404.0,9046.2,47.77,1,11.0
UNIT_0045,2028-01-03 16:00:00,370.45,3805.22,40.8,10401.8,9091.0,47.76,1,2.0
UNIT_0027,2027-03-26 10:00:00,368.71,3814.73,40.76,10427.4,9074.2,47.76,0,71.0
UNIT_0046,2028-01-07 12:00:00,368.95,3825.9,40.69,10446.4,9061.6,47.76,0,212.0
UNIT_0019,2026-11-21 04:00:00,369.71,3816.59,40.63,10411.2,9046.0,47.76,0,43.0
UNIT_0017,2026-10-24 08:00:00,369.76,3809.08,41.01,10411.4,9134.0,47.76,1,24.0
UNIT_0007,2026-05-08 08:00:00,369.95,3806.67,40.74,10406.0,9072.9,47.76,0,34.0
UNIT_0006,2026-04-16 14:00:00,370.19,3809.77,40.6,10406.6,9031.9,47.76,0,36.0
UNIT_0040,2027-10-07 12:00:00,369.53,3812.04,40.72,10416.4,9065.0,47.76,0,91.0
UNIT_0009,2026-06-08 06:00:00,370.4,3809.01,41.19,10418.6,9164.9,47.76,1,14.0
UNIT_0023,2027-01-24 04:00:00,369.35,3813.91,40.66,10423.4,9049.2,47.76,0,74.0
UNIT_0015,2026-09-08 10:00:00,369.29,3819.28,40.69,10435.8,9065.5,47.76,0,90.0
UNIT_0014,2026-08-16 20:00:00,369.59,3820.25,40.69,10435.2,9056.2,47.76,0,154.0
UNIT_0001,2026-01-16 18:00:00,370.49,3801.01,40.56,10400.8,9040.6,47.77,1,2.0
UNIT_0047,2028-02-03 22:00:00,369.0,3819.7,40.75,10436.8,9069.7,47.76,0,97.0
UNIT_0014,2026-08-17 22:00:00,369.67,3813.56,40.72,10433.8,9062.1,47.76,0,141.0
UNIT_0010,2026-06-20 14:00:00,369.24,3824.11,40.71,10438.6,9068.8,47.76,0,88.0
UNIT_0041,2027-10-17 02:00:00,369.32,3819.7,40.73,10435.0,9065.1,47.76,0,192.0
UNIT_0013,2026-08-02 04:00:00,370.1,3814.66,40.68,10433.2,9055.2,47.76,0,150.0
UNIT_0048,2028-02-12 20:00:00,369.71,3824.04,40.75,10439.2,9058.9,47.76,0,221.0
UNIT_0045,2027-12-24 04:00:00,368.72,3823.42,40.75,10450.2,9073.3,47.76,0,128.0
UNIT_0032,2027-06-18 00:00:00,370.41,3801.56,40.76,10400.0,9078.1,47.76,1,15.0
UNIT_0017,2026-10-10 02:00:00,369.03,3818.25,40.69,10445.6,9068.7,47.76,0,195.0
UNIT_0022,2027-01-15 14:00:00,370.55,3799.15,40.63,10386.0,9053.8,47.76,1,9.0
UNIT_0006,2026-04-09 16:00:00,369.33,3814.73,40.63,10425.0,9039.4,47.76,0,119.0
UNIT_0033,2027-06-20 00:00:00,369.24,3823.14,40.73,10454.8,9071.4,47.76,0,191.0
UNIT_0025,2027-02-25 22:00:00,370.17,3809.7,40.74,10411.8,9066.7,47.76,0,58.0
UNIT_0027,2027-03-19 14:00:00,369.15,3817.56,40.73,10439.0,9059.8,47.76,0,153.0
UNIT_0012,2026-07-22 18:00:00,369.03,3817.08,40.63,10435.8,9046.5,47.76,0,112.0
UNIT_0035,2027-08-03 02:00:00,370.85,3806.94,40.72,10417.2,9070.6,47.76,0,38.0
UNIT_0004,2026-03-06 02:00:00,369.0,3812.32,40.72,10445.0,9072.2,47.76,0,77.0
UNIT_0008,2026-05-21 10:00:00,370.66,3810.53,40.6,10403.0,9041.8,47.76,1,27.0
UNIT_0043,2027-11-25 12:00:00,368.96,3819.83,40.68,10442.4,9057.1,47.76,0,122.0
UNIT_0028,2027-04-10 20:00:00,369.48,3813.42,40.72,10438.0,9066.1,47.76,0,51.0
UNIT_0022,2027-01-04 20:00:00,369.61,3811.56,40.61,10412.8,9055.8,47.76,0,138.0
UNIT_0002,2026-02-08 20:00:00,370.52,3804.94,40.79,10400.0,9094.9,47.76,1,12.0
UNIT_0032,2027-06-07 02:00:00,369.59,3809.15,40.63,10432.6,9047.6,47.76,0,146.0
UNIT_0029,2027-04-23 20:00:00,369.86,3816.87,40.71,10423.0,9056.4,47.76,0,58.0
UNIT_0026,2027-03-09 14:00:00,369.74,3811.35,40.66,10428.6,9051.0,47.76,0,117.0
UNIT_0027,2027-03-26 04:00:00,369.35,3816.25,40.75,10433.6,9061.0,47.76,0,74.0
UNIT_0005,2026-03-13 16:00:00,368.78,3823.28,40.77,10443.8,9062.9,47.76,0,255.0
UNIT_0037,2027-08-29 20:00:00,370.16,3809.42,40.6,10414.8,9047.2,47.76,0,45.0
